row,col,n_missing_years,missing_water_years,composites_only,_version,_git_sha,_written_at
16,152,11,"2015,2016,2017,2018,2019,2020,2021,2022,2023,2024,2025",False,v10,04fdc65,2026-08-05T00:54:23+00:00
16,45,11,"2015,2016,2017,2018,2019,2020,2021,2022,2023,2024,2025",False,v10,04fdc65,2026-08-05T00:54:23+00:00
15,70,11,"2015,2016,2017,2018,2019,2020,2021,2022,2023,2024,2025",False,v10,04fdc65,2026-08-05T00:54:23+00:00
15,71,11,"2015,2016,2017,2018,2019,2020,2021,2022,2023,2024,2025",False,v10,04fdc65,2026-08-05T00:54:23+00:00
15,55,11,"2015,2016,2017,2018,2019,2020,2021,2022,2023,2024,2025",False,v10,04fdc65,2026-08-05T00:54:23+00:00
15,56,11,"2015,2016,2017,2018,2019,2020,2021,2022,2023,2024,2025",False,v10,04fdc65,2026-08-05T00:54:23+00:00
15,47,11,"2015,2016,2017,2018,2019,2020,2021,2022,2023,2024,2025",False,v10,04fdc65,2026-08-05T00:54:23+00:00
23,200,11,"2015,2016,2017,2018,2019,2020,2021,2022,2023,2024,2025",False,v10,04fdc65,2026-08-05T00:54:23+00:00
23,185,11,"2015,2016,2017,2018,2019,2020,2021,2022,2023,2024,2025",False,v10,04fdc65,2026-08-05T00:54:23+00:00
23,186,11,"2015,2016,2017,2018,2019,2020,2021,2022,2023,2024,2025",False,v10,04fdc65,2026-08-05T00:54:23+00:00
23,187,11,"2015,2016,2017,2018,2019,2020,2021,2022,2023,2024,2025",False,v10,04fdc65,2026-08-05T00:54:23+00:00
23,188,11,"2015,2016,2017,2018,2019,2020,2021,2022,2023,2024,2025",False,v10,04fdc65,2026-08-05T00:54:23+00:00
23,189,11,"2015,2016,2017,2018,2019,2020,2021,2022,2023,2024,2025",False,v10,04fdc65,2026-08-05T00:54:23+00:00
23,190,11,"2015,2016,2017,2018,2019,2020,2021,2022,2023,2024,2025",False,v10,04fdc65,2026-08-05T00:54:23+00:00
23,208,11,"2015,2016,2017,2018,2019,2020,2021,2022,2023,2024,2025",False,v10,04fdc65,2026-08-05T00:54:23+00:00
23,193,11,"2015,2016,2017,2018,2019,2020,2021,2022,2023,2024,2025",False,v10,04fdc65,2026-08-05T00:54:23+00:00
23,192,11,"2015,2016,2017,2018,2019,2020,2021,2022,2023,2024,2025",False,v10,04fdc65,2026-08-05T00:54:23+00:00
15,12,11,"2015,2016,2017,2018,2019,2020,2021,2022,2023,2024,2025",False,v10,04fdc65,2026-08-05T00:54:23+00:00
15,24,11,"2015,2016,2017,2018,2019,2020,2021,2022,2023,2024,2025",False,v10,04fdc65,2026-08-05T00:54:23+00:00
15,26,11,"2015,2016,2017,2018,2019,2020,2021,2022,2023,2024,2025",False,v10,04fdc65,2026-08-05T00:54:23+00:00
15,28,11,"2015,2016,2017,2018,2019,2020,2021,2022,2023,2024,2025",False,v10,04fdc65,2026-08-05T00:54:23+00:00
15,39,11,"2015,2016,2017,2018,2019,2020,2021,2022,2023,2024,2025",False,v10,04fdc65,2026-08-05T00:54:23+00:00
15,48,11,"2015,2016,2017,2018,2019,2020,2021,2022,2023,2024,2025",False,v10,04fdc65,2026-08-05T00:54:23+00:00
15,49,11,"2015,2016,2017,2018,2019,2020,2021,2022,2023,2024,2025",False,v10,04fdc65,2026-08-05T00:54:23+00:00
15,50,11,"2015,2016,2017,2018,2019,2020,2021,2022,2023,2024,2025",False,v10,04fdc65,2026-08-05T00:54:23+00:00
15,51,11,"2015,2016,2017,2018,2019,2020,2021,2022,2023,2024,2025",False,v10,04fdc65,2026-08-05T00:54:23+00:00
15,52,11,"2015,2016,2017,2018,2019,2020,2021,2022,2023,2024,2025",False,v10,04fdc65,2026-08-05T00:54:23+00:00
15,53,11,"2015,2016,2017,2018,2019,2020,2021,2022,2023,2024,2025",False,v10,04fdc65,2026-08-05T00:54:23+00:00
15,54,11,"2015,2016,2017,2018,2019,2020,2021,2022,2023,2024,2025",False,v10,04fdc65,2026-08-05T00:54:23+00:00
15,155,11,"2015,2016,2017,2018,2019,2020,2021,2022,2023,2024,2025",False,v10,04fdc65,2026-08-05T00:54:23+00:00
15,147,11,"2015,2016,2017,2018,2019,2020,2021,2022,2023,2024,2025",False,v10,04fdc65,2026-08-05T00:54:23+00:00
15,46,11,"2015,2016,2017,2018,2019,2020,2021,2022,2023,2024,2025",False,v10,04fdc65,2026-08-05T00:54:23+00:00
15,45,11,"2015,2016,2017,2018,2019,2020,2021,2022,2023,2024,2025",False,v10,04fdc65,2026-08-05T00:54:23+00:00
15,44,11,"2015,2016,2017,2018,2019,2020,2021,2022,2023,2024,2025",False,v10,04fdc65,2026-08-05T00:54:23+00:00
15,43,11,"2015,2016,2017,2018,2019,2020,2021,2022,2023,2024,2025",False,v10,04fdc65,2026-08-05T00:54:23+00:00
15,42,11,"2015,2016,2017,2018,2019,2020,2021,2022,2023,2024,2025",False,v10,04fdc65,2026-08-05T00:54:23+00:00
15,41,11,"2015,2016,2017,2018,2019,2020,2021,2022,2023,2024,2025",False,v10,04fdc65,2026-08-05T00:54:23+00:00
15,40,11,"2015,2016,2017,2018,2019,2020,2021,2022,2023,2024,2025",False,v10,04fdc65,2026-08-05T00:54:23+00:00
15,154,11,"2015,2016,2017,2018,2019,2020,2021,2022,2023,2024,2025",False,v10,04fdc65,2026-08-05T00:54:23+00:00
15,153,11,"2015,2016,2017,2018,2019,2020,2021,2022,2023,2024,2025",False,v10,04fdc65,2026-08-05T00:54:23+00:00
15,152,11,"2015,2016,2017,2018,2019,2020,2021,2022,2023,2024,2025",False,v10,04fdc65,2026-08-05T00:54:23+00:00
15,151,11,"2015,2016,2017,2018,2019,2020,2021,2022,2023,2024,2025",False,v10,04fdc65,2026-08-05T00:54:23+00:00
15,150,11,"2015,2016,2017,2018,2019,2020,2021,2022,2023,2024,2025",False,v10,04fdc65,2026-08-05T00:54:23+00:00
15,149,11,"2015,2016,2017,2018,2019,2020,2021,2022,2023,2024,2025",False,v10,04fdc65,2026-08-05T00:54:23+00:00
23,194,11,"2015,2016,2017,2018,2019,2020,2021,2022,2023,2024,2025",False,v10,04fdc65,2026-08-05T00:54:23+00:00
23,195,11,"2015,2016,2017,2018,2019,2020,2021,2022,2023,2024,2025",False,v10,04fdc65,2026-08-05T00:54:23+00:00
23,196,11,"2015,2016,2017,2018,2019,2020,2021,2022,2023,2024,2025",False,v10,04fdc65,2026-08-05T00:54:23+00:00
23,197,11,"2015,2016,2017,2018,2019,2020,2021,2022,2023,2024,2025",False,v10,04fdc65,2026-08-05T00:54:23+00:00
23,198,11,"2015,2016,2017,2018,2019,2020,2021,2022,2023,2024,2025",False,v10,04fdc65,2026-08-05T00:54:23+00:00
23,199,11,"2015,2016,2017,2018,2019,2020,2021,2022,2023,2024,2025",False,v10,04fdc65,2026-08-05T00:54:23+00:00
15,132,11,"2015,2016,2017,2018,2019,2020,2021,2022,2023,2024,2025",False,v10,04fdc65,2026-08-05T00:54:23+00:00
15,138,11,"2015,2016,2017,2018,2019,2020,2021,2022,2023,2024,2025",False,v10,04fdc65,2026-08-05T00:54:23+00:00
15,148,11,"2015,2016,2017,2018,2019,2020,2021,2022,2023,2024,2025",False,v10,04fdc65,2026-08-05T00:54:23+00:00
15,129,11,"2015,2016,2017,2018,2019,2020,2021,2022,2023,2024,2025",False,v10,04fdc65,2026-08-05T00:54:23+00:00
15,130,11,"2015,2016,2017,2018,2019,2020,2021,2022,2023,2024,2025",False,v10,04fdc65,2026-08-05T00:54:23+00:00
15,142,11,"2015,2016,2017,2018,2019,2020,2021,2022,2023,2024,2025",False,v10,04fdc65,2026-08-05T00:54:23+00:00
15,143,11,"2015,2016,2017,2018,2019,2020,2021,2022,2023,2024,2025",False,v10,04fdc65,2026-08-05T00:54:23+00:00
15,144,11,"2015,2016,2017,2018,2019,2020,2021,2022,2023,2024,2025",False,v10,04fdc65,2026-08-05T00:54:23+00:00
15,145,11,"2015,2016,2017,2018,2019,2020,2021,2022,2023,2024,2025",False,v10,04fdc65,2026-08-05T00:54:23+00:00
15,146,11,"2015,2016,2017,2018,2019,2020,2021,2022,2023,2024,2025",False,v10,04fdc65,2026-08-05T00:54:23+00:00
15,131,11,"2015,2016,2017,2018,2019,2020,2021,2022,2023,2024,2025",False,v10,04fdc65,2026-08-05T00:54:23+00:00
15,128,6,"2020,2021,2022,2023,2024,2025",False,v10,04fdc65,2026-08-05T00:54:23+00:00
14,215,11,"2015,2016,2017,2018,2019,2020,2021,2022,2023,2024,2025",False,v10,04fdc65,2026-08-05T00:54:23+00:00
14,214,11,"2015,2016,2017,2018,2019,2020,2021,2022,2023,2024,2025",False,v10,04fdc65,2026-08-05T00:54:23+00:00
14,213,11,"2015,2016,2017,2018,2019,2020,2021,2022,2023,2024,2025",False,v10,04fdc65,2026-08-05T00:54:23+00:00
14,212,11,"2015,2016,2017,2018,2019,2020,2021,2022,2023,2024,2025",False,v10,04fdc65,2026-08-05T00:54:23+00:00
14,211,11,"2015,2016,2017,2018,2019,2020,2021,2022,2023,2024,2025",False,v10,04fdc65,2026-08-05T00:54:23+00:00
15,38,11,"2015,2016,2017,2018,2019,2020,2021,2022,2023,2024,2025",False,v10,04fdc65,2026-08-05T00:54:23+00:00
15,37,11,"2015,2016,2017,2018,2019,2020,2021,2022,2023,2024,2025",False,v10,04fdc65,2026-08-05T00:54:23+00:00
15,36,11,"2015,2016,2017,2018,2019,2020,2021,2022,2023,2024,2025",False,v10,04fdc65,2026-08-05T00:54:23+00:00
15,34,11,"2015,2016,2017,2018,2019,2020,2021,2022,2023,2024,2025",False,v10,04fdc65,2026-08-05T00:54:23+00:00
15,33,11,"2015,2016,2017,2018,2019,2020,2021,2022,2023,2024,2025",False,v10,04fdc65,2026-08-05T00:54:23+00:00
15,32,11,"2015,2016,2017,2018,2019,2020,2021,2022,2023,2024,2025",False,v10,04fdc65,2026-08-05T00:54:23+00:00
15,31,11,"2015,2016,2017,2018,2019,2020,2021,2022,2023,2024,2025",False,v10,04fdc65,2026-08-05T00:54:23+00:00
14,199,11,"2015,2016,2017,2018,2019,2020,2021,2022,2023,2024,2025",False,v10,04fdc65,2026-08-05T00:54:23+00:00
14,198,11,"2015,2016,2017,2018,2019,2020,2021,2022,2023,2024,2025",False,v10,04fdc65,2026-08-05T00:54:23+00:00
14,181,11,"2015,2016,2017,2018,2019,2020,2021,2022,2023,2024,2025",False,v10,04fdc65,2026-08-05T00:54:23+00:00
14,182,11,"2015,2016,2017,2018,2019,2020,2021,2022,2023,2024,2025",False,v10,04fdc65,2026-08-05T00:54:23+00:00
14,183,11,"2015,2016,2017,2018,2019,2020,2021,2022,2023,2024,2025",False,v10,04fdc65,2026-08-05T00:54:23+00:00
14,200,11,"2015,2016,2017,2018,2019,2020,2021,2022,2023,2024,2025",False,v10,04fdc65,2026-08-05T00:54:23+00:00
14,201,11,"2015,2016,2017,2018,2019,2020,2021,2022,2023,2024,2025",False,v10,04fdc65,2026-08-05T00:54:23+00:00
14,202,11,"2015,2016,2017,2018,2019,2020,2021,2022,2023,2024,2025",False,v10,04fdc65,2026-08-05T00:54:23+00:00
14,187,11,"2015,2016,2017,2018,2019,2020,2021,2022,2023,2024,2025",False,v10,04fdc65,2026-08-05T00:54:23+00:00
14,197,11,"2015,2016,2017,2018,2019,2020,2021,2022,2023,2024,2025",False,v10,04fdc65,2026-08-05T00:54:23+00:00
14,189,11,"2015,2016,2017,2018,2019,2020,2021,2022,2023,2024,2025",False,v10,04fdc65,2026-08-05T00:54:23+00:00
14,190,11,"2015,2016,2017,2018,2019,2020,2021,2022,2023,2024,2025",False,v10,04fdc65,2026-08-05T00:54:23+00:00
14,191,11,"2015,2016,2017,2018,2019,2020,2021,2022,2023,2024,2025",False,v10,04fdc65,2026-08-05T00:54:23+00:00
14,208,11,"2015,2016,2017,2018,2019,2020,2021,2022,2023,2024,2025",False,v10,04fdc65,2026-08-05T00:54:23+00:00
14,209,11,"2015,2016,2017,2018,2019,2020,2021,2022,2023,2024,2025",False,v10,04fdc65,2026-08-05T00:54:23+00:00
14,210,11,"2015,2016,2017,2018,2019,2020,2021,2022,2023,2024,2025",False,v10,04fdc65,2026-08-05T00:54:23+00:00
14,195,11,"2015,2016,2017,2018,2019,2020,2021,2022,2023,2024,2025",False,v10,04fdc65,2026-08-05T00:54:23+00:00
14,196,11,"2015,2016,2017,2018,2019,2020,2021,2022,2023,2024,2025",False,v10,04fdc65,2026-08-05T00:54:23+00:00
14,188,11,"2015,2016,2017,2018,2019,2020,2021,2022,2023,2024,2025",False,v10,04fdc65,2026-08-05T00:54:23+00:00
15,16,11,"2015,2016,2017,2018,2019,2020,2021,2022,2023,2024,2025",False,v10,04fdc65,2026-08-05T00:54:23+00:00
15,15,11,"2015,2016,2017,2018,2019,2020,2021,2022,2023,2024,2025",False,v10,04fdc65,2026-08-05T00:54:23+00:00
23,215,11,"2015,2016,2017,2018,2019,2020,2021,2022,2023,2024,2025",False,v10,04fdc65,2026-08-05T00:54:23+00:00
23,214,11,"2015,2016,2017,2018,2019,2020,2021,2022,2023,2024,2025",False,v10,04fdc65,2026-08-05T00:54:23+00:00
23,213,11,"2015,2016,2017,2018,2019,2020,2021,2022,2023,2024,2025",False,v10,04fdc65,2026-08-05T00:54:23+00:00
23,212,11,"2015,2016,2017,2018,2019,2020,2021,2022,2023,2024,2025",False,v10,04fdc65,2026-08-05T00:54:23+00:00
23,211,11,"2015,2016,2017,2018,2019,2020,2021,2022,2023,2024,2025",False,v10,04fdc65,2026-08-05T00:54:23+00:00
23,210,11,"2015,2016,2017,2018,2019,2020,2021,2022,2023,2024,2025",False,v10,04fdc65,2026-08-05T00:54:23+00:00
23,209,11,"2015,2016,2017,2018,2019,2020,2021,2022,2023,2024,2025",False,v10,04fdc65,2026-08-05T00:54:23+00:00
15,14,11,"2015,2016,2017,2018,2019,2020,2021,2022,2023,2024,2025",False,v10,04fdc65,2026-08-05T00:54:23+00:00
23,207,11,"2015,2016,2017,2018,2019,2020,2021,2022,2023,2024,2025",False,v10,04fdc65,2026-08-05T00:54:23+00:00
23,206,11,"2015,2016,2017,2018,2019,2020,2021,2022,2023,2024,2025",False,v10,04fdc65,2026-08-05T00:54:23+00:00
23,205,11,"2015,2016,2017,2018,2019,2020,2021,2022,2023,2024,2025",False,v10,04fdc65,2026-08-05T00:54:23+00:00
23,204,11,"2015,2016,2017,2018,2019,2020,2021,2022,2023,2024,2025",False,v10,04fdc65,2026-08-05T00:54:23+00:00
23,203,11,"2015,2016,2017,2018,2019,2020,2021,2022,2023,2024,2025",False,v10,04fdc65,2026-08-05T00:54:23+00:00
14,216,11,"2015,2016,2017,2018,2019,2020,2021,2022,2023,2024,2025",False,v10,04fdc65,2026-08-05T00:54:23+00:00
14,217,11,"2015,2016,2017,2018,2019,2020,2021,2022,2023,2024,2025",False,v10,04fdc65,2026-08-05T00:54:23+00:00
14,218,11,"2015,2016,2017,2018,2019,2020,2021,2022,2023,2024,2025",False,v10,04fdc65,2026-08-05T00:54:23+00:00
14,219,11,"2015,2016,2017,2018,2019,2020,2021,2022,2023,2024,2025",False,v10,04fdc65,2026-08-05T00:54:23+00:00
14,220,11,"2015,2016,2017,2018,2019,2020,2021,2022,2023,2024,2025",False,v10,04fdc65,2026-08-05T00:54:23+00:00
14,221,11,"2015,2016,2017,2018,2019,2020,2021,2022,2023,2024,2025",False,v10,04fdc65,2026-08-05T00:54:23+00:00
14,222,11,"2015,2016,2017,2018,2019,2020,2021,2022,2023,2024,2025",False,v10,04fdc65,2026-08-05T00:54:23+00:00
14,223,11,"2015,2016,2017,2018,2019,2020,2021,2022,2023,2024,2025",False,v10,04fdc65,2026-08-05T00:54:23+00:00
23,202,11,"2015,2016,2017,2018,2019,2020,2021,2022,2023,2024,2025",False,v10,04fdc65,2026-08-05T00:54:23+00:00
14,225,11,"2015,2016,2017,2018,2019,2020,2021,2022,2023,2024,2025",False,v10,04fdc65,2026-08-05T00:54:23+00:00
14,226,11,"2015,2016,2017,2018,2019,2020,2021,2022,2023,2024,2025",False,v10,04fdc65,2026-08-05T00:54:23+00:00
14,227,11,"2015,2016,2017,2018,2019,2020,2021,2022,2023,2024,2025",False,v10,04fdc65,2026-08-05T00:54:23+00:00
14,228,11,"2015,2016,2017,2018,2019,2020,2021,2022,2023,2024,2025",False,v10,04fdc65,2026-08-05T00:54:23+00:00
14,229,11,"2015,2016,2017,2018,2019,2020,2021,2022,2023,2024,2025",False,v10,04fdc65,2026-08-05T00:54:23+00:00
14,231,11,"2015,2016,2017,2018,2019,2020,2021,2022,2023,2024,2025",False,v10,04fdc65,2026-08-05T00:54:23+00:00
23,216,11,"2015,2016,2017,2018,2019,2020,2021,2022,2023,2024,2025",False,v10,04fdc65,2026-08-05T00:54:23+00:00
23,201,11,"2015,2016,2017,2018,2019,2020,2021,2022,2023,2024,2025",False,v10,04fdc65,2026-08-05T00:54:23+00:00
14,224,11,"2015,2016,2017,2018,2019,2020,2021,2022,2023,2024,2025",False,v10,04fdc65,2026-08-05T00:54:23+00:00
19,157,11,"2015,2016,2017,2018,2019,2020,2021,2022,2023,2024,2025",False,v10,04fdc65,2026-08-05T00:54:23+00:00
19,156,11,"2015,2016,2017,2018,2019,2020,2021,2022,2023,2024,2025",False,v10,04fdc65,2026-08-05T00:54:23+00:00
19,155,11,"2015,2016,2017,2018,2019,2020,2021,2022,2023,2024,2025",False,v10,04fdc65,2026-08-05T00:54:23+00:00
19,154,11,"2015,2016,2017,2018,2019,2020,2021,2022,2023,2024,2025",False,v10,04fdc65,2026-08-05T00:54:23+00:00
19,201,11,"2015,2016,2017,2018,2019,2020,2021,2022,2023,2024,2025",False,v10,04fdc65,2026-08-05T00:54:23+00:00
19,200,11,"2015,2016,2017,2018,2019,2020,2021,2022,2023,2024,2025",False,v10,04fdc65,2026-08-05T00:54:23+00:00
19,151,11,"2015,2016,2017,2018,2019,2020,2021,2022,2023,2024,2025",False,v10,04fdc65,2026-08-05T00:54:23+00:00
19,150,11,"2015,2016,2017,2018,2019,2020,2021,2022,2023,2024,2025",False,v10,04fdc65,2026-08-05T00:54:23+00:00
19,149,11,"2015,2016,2017,2018,2019,2020,2021,2022,2023,2024,2025",False,v10,04fdc65,2026-08-05T00:54:23+00:00
19,148,11,"2015,2016,2017,2018,2019,2020,2021,2022,2023,2024,2025",False,v10,04fdc65,2026-08-05T00:54:23+00:00
19,147,11,"2015,2016,2017,2018,2019,2020,2021,2022,2023,2024,2025",False,v10,04fdc65,2026-08-05T00:54:23+00:00
19,146,11,"2015,2016,2017,2018,2019,2020,2021,2022,2023,2024,2025",False,v10,04fdc65,2026-08-05T00:54:23+00:00
15,226,11,"2015,2016,2017,2018,2019,2020,2021,2022,2023,2024,2025",False,v10,04fdc65,2026-08-05T00:54:23+00:00
15,225,11,"2015,2016,2017,2018,2019,2020,2021,2022,2023,2024,2025",False,v10,04fdc65,2026-08-05T00:54:23+00:00
15,224,11,"2015,2016,2017,2018,2019,2020,2021,2022,2023,2024,2025",False,v10,04fdc65,2026-08-05T00:54:23+00:00
15,156,11,"2015,2016,2017,2018,2019,2020,2021,2022,2023,2024,2025",False,v10,04fdc65,2026-08-05T00:54:23+00:00
23,173,11,"2015,2016,2017,2018,2019,2020,2021,2022,2023,2024,2025",False,v10,04fdc65,2026-08-05T00:54:23+00:00
23,174,11,"2015,2016,2017,2018,2019,2020,2021,2022,2023,2024,2025",False,v10,04fdc65,2026-08-05T00:54:23+00:00
23,175,11,"2015,2016,2017,2018,2019,2020,2021,2022,2023,2024,2025",False,v10,04fdc65,2026-08-05T00:54:23+00:00
23,176,11,"2015,2016,2017,2018,2019,2020,2021,2022,2023,2024,2025",False,v10,04fdc65,2026-08-05T00:54:23+00:00
23,177,11,"2015,2016,2017,2018,2019,2020,2021,2022,2023,2024,2025",False,v10,04fdc65,2026-08-05T00:54:23+00:00
23,178,11,"2015,2016,2017,2018,2019,2020,2021,2022,2023,2024,2025",False,v10,04fdc65,2026-08-05T00:54:23+00:00
23,179,11,"2015,2016,2017,2018,2019,2020,2021,2022,2023,2024,2025",False,v10,04fdc65,2026-08-05T00:54:23+00:00
15,223,11,"2015,2016,2017,2018,2019,2020,2021,2022,2023,2024,2025",False,v10,04fdc65,2026-08-05T00:54:23+00:00
23,181,11,"2015,2016,2017,2018,2019,2020,2021,2022,2023,2024,2025",False,v10,04fdc65,2026-08-05T00:54:23+00:00
23,182,11,"2015,2016,2017,2018,2019,2020,2021,2022,2023,2024,2025",False,v10,04fdc65,2026-08-05T00:54:23+00:00
23,183,11,"2015,2016,2017,2018,2019,2020,2021,2022,2023,2024,2025",False,v10,04fdc65,2026-08-05T00:54:23+00:00
23,184,11,"2015,2016,2017,2018,2019,2020,2021,2022,2023,2024,2025",False,v10,04fdc65,2026-08-05T00:54:23+00:00
15,219,11,"2015,2016,2017,2018,2019,2020,2021,2022,2023,2024,2025",False,v10,04fdc65,2026-08-05T00:54:23+00:00
15,220,11,"2015,2016,2017,2018,2019,2020,2021,2022,2023,2024,2025",False,v10,04fdc65,2026-08-05T00:54:23+00:00
15,221,11,"2015,2016,2017,2018,2019,2020,2021,2022,2023,2024,2025",False,v10,04fdc65,2026-08-05T00:54:23+00:00
15,222,11,"2015,2016,2017,2018,2019,2020,2021,2022,2023,2024,2025",False,v10,04fdc65,2026-08-05T00:54:23+00:00
23,180,11,"2015,2016,2017,2018,2019,2020,2021,2022,2023,2024,2025",False,v10,04fdc65,2026-08-05T00:54:23+00:00
16,44,11,"2015,2016,2017,2018,2019,2020,2021,2022,2023,2024,2025",False,v10,04fdc65,2026-08-05T00:54:23+00:00
16,43,11,"2015,2016,2017,2018,2019,2020,2021,2022,2023,2024,2025",False,v10,04fdc65,2026-08-05T00:54:23+00:00
16,42,11,"2015,2016,2017,2018,2019,2020,2021,2022,2023,2024,2025",False,v10,04fdc65,2026-08-05T00:54:23+00:00
16,41,11,"2015,2016,2017,2018,2019,2020,2021,2022,2023,2024,2025",False,v10,04fdc65,2026-08-05T00:54:23+00:00
16,40,11,"2015,2016,2017,2018,2019,2020,2021,2022,2023,2024,2025",False,v10,04fdc65,2026-08-05T00:54:23+00:00
16,37,11,"2015,2016,2017,2018,2019,2020,2021,2022,2023,2024,2025",False,v10,04fdc65,2026-08-05T00:54:23+00:00
16,36,11,"2015,2016,2017,2018,2019,2020,2021,2022,2023,2024,2025",False,v10,04fdc65,2026-08-05T00:54:23+00:00
16,34,11,"2015,2016,2017,2018,2019,2020,2021,2022,2023,2024,2025",False,v10,04fdc65,2026-08-05T00:54:23+00:00
16,33,11,"2015,2016,2017,2018,2019,2020,2021,2022,2023,2024,2025",False,v10,04fdc65,2026-08-05T00:54:23+00:00
16,32,11,"2015,2016,2017,2018,2019,2020,2021,2022,2023,2024,2025",False,v10,04fdc65,2026-08-05T00:54:23+00:00
19,161,11,"2015,2016,2017,2018,2019,2020,2021,2022,2023,2024,2025",False,v10,04fdc65,2026-08-05T00:54:23+00:00
19,160,11,"2015,2016,2017,2018,2019,2020,2021,2022,2023,2024,2025",False,v10,04fdc65,2026-08-05T00:54:23+00:00
19,158,11,"2015,2016,2017,2018,2019,2020,2021,2022,2023,2024,2025",False,v10,04fdc65,2026-08-05T00:54:23+00:00
19,159,11,"2015,2016,2017,2018,2019,2020,2021,2022,2023,2024,2025",False,v10,04fdc65,2026-08-05T00:54:23+00:00
19,144,11,"2015,2016,2017,2018,2019,2020,2021,2022,2023,2024,2025",False,v10,04fdc65,2026-08-05T00:54:23+00:00
19,145,11,"2015,2016,2017,2018,2019,2020,2021,2022,2023,2024,2025",False,v10,04fdc65,2026-08-05T00:54:23+00:00
19,162,11,"2015,2016,2017,2018,2019,2020,2021,2022,2023,2024,2025",False,v10,04fdc65,2026-08-05T00:54:23+00:00
19,163,11,"2015,2016,2017,2018,2019,2020,2021,2022,2023,2024,2025",False,v10,04fdc65,2026-08-05T00:54:23+00:00
19,164,11,"2015,2016,2017,2018,2019,2020,2021,2022,2023,2024,2025",False,v10,04fdc65,2026-08-05T00:54:23+00:00
19,165,11,"2015,2016,2017,2018,2019,2020,2021,2022,2023,2024,2025",False,v10,04fdc65,2026-08-05T00:54:23+00:00
19,175,11,"2015,2016,2017,2018,2019,2020,2021,2022,2023,2024,2025",False,v10,04fdc65,2026-08-05T00:54:23+00:00
19,167,11,"2015,2016,2017,2018,2019,2020,2021,2022,2023,2024,2025",False,v10,04fdc65,2026-08-05T00:54:23+00:00
19,152,11,"2015,2016,2017,2018,2019,2020,2021,2022,2023,2024,2025",False,v10,04fdc65,2026-08-05T00:54:23+00:00
19,153,11,"2015,2016,2017,2018,2019,2020,2021,2022,2023,2024,2025",False,v10,04fdc65,2026-08-05T00:54:23+00:00
19,170,11,"2015,2016,2017,2018,2019,2020,2021,2022,2023,2024,2025",False,v10,04fdc65,2026-08-05T00:54:23+00:00
19,171,11,"2015,2016,2017,2018,2019,2020,2021,2022,2023,2024,2025",False,v10,04fdc65,2026-08-05T00:54:23+00:00
19,172,11,"2015,2016,2017,2018,2019,2020,2021,2022,2023,2024,2025",False,v10,04fdc65,2026-08-05T00:54:23+00:00
19,173,11,"2015,2016,2017,2018,2019,2020,2021,2022,2023,2024,2025",False,v10,04fdc65,2026-08-05T00:54:23+00:00
19,174,11,"2015,2016,2017,2018,2019,2020,2021,2022,2023,2024,2025",False,v10,04fdc65,2026-08-05T00:54:23+00:00
19,166,11,"2015,2016,2017,2018,2019,2020,2021,2022,2023,2024,2025",False,v10,04fdc65,2026-08-05T00:54:23+00:00
15,188,11,"2015,2016,2017,2018,2019,2020,2021,2022,2023,2024,2025",False,v10,04fdc65,2026-08-05T00:54:23+00:00
15,187,11,"2015,2016,2017,2018,2019,2020,2021,2022,2023,2024,2025",False,v10,04fdc65,2026-08-05T00:54:23+00:00
15,186,11,"2015,2016,2017,2018,2019,2020,2021,2022,2023,2024,2025",False,v10,04fdc65,2026-08-05T00:54:23+00:00
15,185,11,"2015,2016,2017,2018,2019,2020,2021,2022,2023,2024,2025",False,v10,04fdc65,2026-08-05T00:54:23+00:00
15,184,11,"2015,2016,2017,2018,2019,2020,2021,2022,2023,2024,2025",False,v10,04fdc65,2026-08-05T00:54:23+00:00
15,183,11,"2015,2016,2017,2018,2019,2020,2021,2022,2023,2024,2025",False,v10,04fdc65,2026-08-05T00:54:23+00:00
15,182,11,"2015,2016,2017,2018,2019,2020,2021,2022,2023,2024,2025",False,v10,04fdc65,2026-08-05T00:54:23+00:00
15,181,11,"2015,2016,2017,2018,2019,2020,2021,2022,2023,2024,2025",False,v10,04fdc65,2026-08-05T00:54:23+00:00
15,180,11,"2015,2016,2017,2018,2019,2020,2021,2022,2023,2024,2025",False,v10,04fdc65,2026-08-05T00:54:23+00:00
15,179,11,"2015,2016,2017,2018,2019,2020,2021,2022,2023,2024,2025",False,v10,04fdc65,2026-08-05T00:54:23+00:00
15,178,11,"2015,2016,2017,2018,2019,2020,2021,2022,2023,2024,2025",False,v10,04fdc65,2026-08-05T00:54:23+00:00
15,177,11,"2015,2016,2017,2018,2019,2020,2021,2022,2023,2024,2025",False,v10,04fdc65,2026-08-05T00:54:23+00:00
15,176,11,"2015,2016,2017,2018,2019,2020,2021,2022,2023,2024,2025",False,v10,04fdc65,2026-08-05T00:54:23+00:00
15,175,11,"2015,2016,2017,2018,2019,2020,2021,2022,2023,2024,2025",False,v10,04fdc65,2026-08-05T00:54:23+00:00
15,174,11,"2015,2016,2017,2018,2019,2020,2021,2022,2023,2024,2025",False,v10,04fdc65,2026-08-05T00:54:23+00:00
23,172,11,"2015,2016,2017,2018,2019,2020,2021,2022,2023,2024,2025",False,v10,04fdc65,2026-08-05T00:54:23+00:00
15,157,11,"2015,2016,2017,2018,2019,2020,2021,2022,2023,2024,2025",False,v10,04fdc65,2026-08-05T00:54:23+00:00
15,158,11,"2015,2016,2017,2018,2019,2020,2021,2022,2023,2024,2025",False,v10,04fdc65,2026-08-05T00:54:23+00:00
15,159,11,"2015,2016,2017,2018,2019,2020,2021,2022,2023,2024,2025",False,v10,04fdc65,2026-08-05T00:54:23+00:00
15,160,11,"2015,2016,2017,2018,2019,2020,2021,2022,2023,2024,2025",False,v10,04fdc65,2026-08-05T00:54:23+00:00
15,161,11,"2015,2016,2017,2018,2019,2020,2021,2022,2023,2024,2025",False,v10,04fdc65,2026-08-05T00:54:23+00:00
15,162,11,"2015,2016,2017,2018,2019,2020,2021,2022,2023,2024,2025",False,v10,04fdc65,2026-08-05T00:54:23+00:00
15,163,11,"2015,2016,2017,2018,2019,2020,2021,2022,2023,2024,2025",False,v10,04fdc65,2026-08-05T00:54:23+00:00
15,173,11,"2015,2016,2017,2018,2019,2020,2021,2022,2023,2024,2025",False,v10,04fdc65,2026-08-05T00:54:23+00:00
15,165,11,"2015,2016,2017,2018,2019,2020,2021,2022,2023,2024,2025",False,v10,04fdc65,2026-08-05T00:54:23+00:00
15,166,11,"2015,2016,2017,2018,2019,2020,2021,2022,2023,2024,2025",False,v10,04fdc65,2026-08-05T00:54:23+00:00
15,167,11,"2015,2016,2017,2018,2019,2020,2021,2022,2023,2024,2025",False,v10,04fdc65,2026-08-05T00:54:23+00:00
15,168,11,"2015,2016,2017,2018,2019,2020,2021,2022,2023,2024,2025",False,v10,04fdc65,2026-08-05T00:54:23+00:00
15,169,11,"2015,2016,2017,2018,2019,2020,2021,2022,2023,2024,2025",False,v10,04fdc65,2026-08-05T00:54:23+00:00
15,170,11,"2015,2016,2017,2018,2019,2020,2021,2022,2023,2024,2025",False,v10,04fdc65,2026-08-05T00:54:23+00:00
15,171,11,"2015,2016,2017,2018,2019,2020,2021,2022,2023,2024,2025",False,v10,04fdc65,2026-08-05T00:54:23+00:00
15,172,11,"2015,2016,2017,2018,2019,2020,2021,2022,2023,2024,2025",False,v10,04fdc65,2026-08-05T00:54:23+00:00
15,164,11,"2015,2016,2017,2018,2019,2020,2021,2022,2023,2024,2025",False,v10,04fdc65,2026-08-05T00:54:23+00:00
23,171,11,"2015,2016,2017,2018,2019,2020,2021,2022,2023,2024,2025",False,v10,04fdc65,2026-08-05T00:54:23+00:00
23,170,11,"2015,2016,2017,2018,2019,2020,2021,2022,2023,2024,2025",False,v10,04fdc65,2026-08-05T00:54:23+00:00
23,169,11,"2015,2016,2017,2018,2019,2020,2021,2022,2023,2024,2025",False,v10,04fdc65,2026-08-05T00:54:23+00:00
15,218,11,"2015,2016,2017,2018,2019,2020,2021,2022,2023,2024,2025",False,v10,04fdc65,2026-08-05T00:54:23+00:00
15,217,11,"2015,2016,2017,2018,2019,2020,2021,2022,2023,2024,2025",False,v10,04fdc65,2026-08-05T00:54:23+00:00
15,216,11,"2015,2016,2017,2018,2019,2020,2021,2022,2023,2024,2025",False,v10,04fdc65,2026-08-05T00:54:23+00:00
15,215,11,"2015,2016,2017,2018,2019,2020,2021,2022,2023,2024,2025",False,v10,04fdc65,2026-08-05T00:54:23+00:00
15,214,11,"2015,2016,2017,2018,2019,2020,2021,2022,2023,2024,2025",False,v10,04fdc65,2026-08-05T00:54:23+00:00
15,213,11,"2015,2016,2017,2018,2019,2020,2021,2022,2023,2024,2025",False,v10,04fdc65,2026-08-05T00:54:23+00:00
15,212,11,"2015,2016,2017,2018,2019,2020,2021,2022,2023,2024,2025",False,v10,04fdc65,2026-08-05T00:54:23+00:00
15,211,11,"2015,2016,2017,2018,2019,2020,2021,2022,2023,2024,2025",False,v10,04fdc65,2026-08-05T00:54:23+00:00
15,210,11,"2015,2016,2017,2018,2019,2020,2021,2022,2023,2024,2025",False,v10,04fdc65,2026-08-05T00:54:23+00:00
15,209,11,"2015,2016,2017,2018,2019,2020,2021,2022,2023,2024,2025",False,v10,04fdc65,2026-08-05T00:54:23+00:00
15,208,11,"2015,2016,2017,2018,2019,2020,2021,2022,2023,2024,2025",False,v10,04fdc65,2026-08-05T00:54:23+00:00
15,207,11,"2015,2016,2017,2018,2019,2020,2021,2022,2023,2024,2025",False,v10,04fdc65,2026-08-05T00:54:23+00:00
15,189,11,"2015,2016,2017,2018,2019,2020,2021,2022,2023,2024,2025",False,v10,04fdc65,2026-08-05T00:54:23+00:00
15,190,11,"2015,2016,2017,2018,2019,2020,2021,2022,2023,2024,2025",False,v10,04fdc65,2026-08-05T00:54:23+00:00
15,191,11,"2015,2016,2017,2018,2019,2020,2021,2022,2023,2024,2025",False,v10,04fdc65,2026-08-05T00:54:23+00:00
15,192,11,"2015,2016,2017,2018,2019,2020,2021,2022,2023,2024,2025",False,v10,04fdc65,2026-08-05T00:54:23+00:00
15,193,11,"2015,2016,2017,2018,2019,2020,2021,2022,2023,2024,2025",False,v10,04fdc65,2026-08-05T00:54:23+00:00
15,194,11,"2015,2016,2017,2018,2019,2020,2021,2022,2023,2024,2025",False,v10,04fdc65,2026-08-05T00:54:23+00:00
15,195,11,"2015,2016,2017,2018,2019,2020,2021,2022,2023,2024,2025",False,v10,04fdc65,2026-08-05T00:54:23+00:00
15,196,11,"2015,2016,2017,2018,2019,2020,2021,2022,2023,2024,2025",False,v10,04fdc65,2026-08-05T00:54:23+00:00
15,206,11,"2015,2016,2017,2018,2019,2020,2021,2022,2023,2024,2025",False,v10,04fdc65,2026-08-05T00:54:23+00:00
15,198,11,"2015,2016,2017,2018,2019,2020,2021,2022,2023,2024,2025",False,v10,04fdc65,2026-08-05T00:54:23+00:00
15,199,11,"2015,2016,2017,2018,2019,2020,2021,2022,2023,2024,2025",False,v10,04fdc65,2026-08-05T00:54:23+00:00
15,200,11,"2015,2016,2017,2018,2019,2020,2021,2022,2023,2024,2025",False,v10,04fdc65,2026-08-05T00:54:23+00:00
15,201,11,"2015,2016,2017,2018,2019,2020,2021,2022,2023,2024,2025",False,v10,04fdc65,2026-08-05T00:54:23+00:00
15,202,11,"2015,2016,2017,2018,2019,2020,2021,2022,2023,2024,2025",False,v10,04fdc65,2026-08-05T00:54:23+00:00
15,203,11,"2015,2016,2017,2018,2019,2020,2021,2022,2023,2024,2025",False,v10,04fdc65,2026-08-05T00:54:23+00:00
15,204,11,"2015,2016,2017,2018,2019,2020,2021,2022,2023,2024,2025",False,v10,04fdc65,2026-08-05T00:54:23+00:00
15,205,11,"2015,2016,2017,2018,2019,2020,2021,2022,2023,2024,2025",False,v10,04fdc65,2026-08-05T00:54:23+00:00
15,197,11,"2015,2016,2017,2018,2019,2020,2021,2022,2023,2024,2025",False,v10,04fdc65,2026-08-05T00:54:23+00:00
13,237,11,"2015,2016,2017,2018,2019,2020,2021,2022,2023,2024,2025",False,v10,04fdc65,2026-08-05T00:54:23+00:00
13,236,11,"2015,2016,2017,2018,2019,2020,2021,2022,2023,2024,2025",False,v10,04fdc65,2026-08-05T00:54:23+00:00
13,219,11,"2015,2016,2017,2018,2019,2020,2021,2022,2023,2024,2025",False,v10,04fdc65,2026-08-05T00:54:23+00:00
13,218,11,"2015,2016,2017,2018,2019,2020,2021,2022,2023,2024,2025",False,v10,04fdc65,2026-08-05T00:54:23+00:00
13,233,11,"2015,2016,2017,2018,2019,2020,2021,2022,2023,2024,2025",False,v10,04fdc65,2026-08-05T00:54:23+00:00
13,232,11,"2015,2016,2017,2018,2019,2020,2021,2022,2023,2024,2025",False,v10,04fdc65,2026-08-05T00:54:23+00:00
13,231,11,"2015,2016,2017,2018,2019,2020,2021,2022,2023,2024,2025",False,v10,04fdc65,2026-08-05T00:54:23+00:00
13,230,11,"2015,2016,2017,2018,2019,2020,2021,2022,2023,2024,2025",False,v10,04fdc65,2026-08-05T00:54:23+00:00
13,229,11,"2015,2016,2017,2018,2019,2020,2021,2022,2023,2024,2025",False,v10,04fdc65,2026-08-05T00:54:23+00:00
13,228,11,"2015,2016,2017,2018,2019,2020,2021,2022,2023,2024,2025",False,v10,04fdc65,2026-08-05T00:54:23+00:00
13,211,11,"2015,2016,2017,2018,2019,2020,2021,2022,2023,2024,2025",False,v10,04fdc65,2026-08-05T00:54:23+00:00
13,210,11,"2015,2016,2017,2018,2019,2020,2021,2022,2023,2024,2025",False,v10,04fdc65,2026-08-05T00:54:23+00:00
13,225,11,"2015,2016,2017,2018,2019,2020,2021,2022,2023,2024,2025",False,v10,04fdc65,2026-08-05T00:54:23+00:00
13,224,11,"2015,2016,2017,2018,2019,2020,2021,2022,2023,2024,2025",False,v10,04fdc65,2026-08-05T00:54:23+00:00
13,223,11,"2015,2016,2017,2018,2019,2020,2021,2022,2023,2024,2025",False,v10,04fdc65,2026-08-05T00:54:23+00:00
14,180,11,"2015,2016,2017,2018,2019,2020,2021,2022,2023,2024,2025",False,v10,04fdc65,2026-08-05T00:54:23+00:00
13,206,11,"2015,2016,2017,2018,2019,2020,2021,2022,2023,2024,2025",False,v10,04fdc65,2026-08-05T00:54:23+00:00
13,207,11,"2015,2016,2017,2018,2019,2020,2021,2022,2023,2024,2025",False,v10,04fdc65,2026-08-05T00:54:23+00:00
13,208,11,"2015,2016,2017,2018,2019,2020,2021,2022,2023,2024,2025",False,v10,04fdc65,2026-08-05T00:54:23+00:00
13,209,11,"2015,2016,2017,2018,2019,2020,2021,2022,2023,2024,2025",False,v10,04fdc65,2026-08-05T00:54:23+00:00
13,194,11,"2015,2016,2017,2018,2019,2020,2021,2022,2023,2024,2025",False,v10,04fdc65,2026-08-05T00:54:23+00:00
13,195,11,"2015,2016,2017,2018,2019,2020,2021,2022,2023,2024,2025",False,v10,04fdc65,2026-08-05T00:54:23+00:00
13,212,11,"2015,2016,2017,2018,2019,2020,2021,2022,2023,2024,2025",False,v10,04fdc65,2026-08-05T00:54:23+00:00
13,222,11,"2015,2016,2017,2018,2019,2020,2021,2022,2023,2024,2025",False,v10,04fdc65,2026-08-05T00:54:23+00:00
13,214,11,"2015,2016,2017,2018,2019,2020,2021,2022,2023,2024,2025",False,v10,04fdc65,2026-08-05T00:54:23+00:00
13,215,11,"2015,2016,2017,2018,2019,2020,2021,2022,2023,2024,2025",False,v10,04fdc65,2026-08-05T00:54:23+00:00
13,216,11,"2015,2016,2017,2018,2019,2020,2021,2022,2023,2024,2025",False,v10,04fdc65,2026-08-05T00:54:23+00:00
13,217,11,"2015,2016,2017,2018,2019,2020,2021,2022,2023,2024,2025",False,v10,04fdc65,2026-08-05T00:54:23+00:00
14,29,11,"2015,2016,2017,2018,2019,2020,2021,2022,2023,2024,2025",False,v10,04fdc65,2026-08-05T00:54:23+00:00
13,220,11,"2015,2016,2017,2018,2019,2020,2021,2022,2023,2024,2025",False,v10,04fdc65,2026-08-05T00:54:23+00:00
13,221,11,"2015,2016,2017,2018,2019,2020,2021,2022,2023,2024,2025",False,v10,04fdc65,2026-08-05T00:54:23+00:00
13,213,11,"2015,2016,2017,2018,2019,2020,2021,2022,2023,2024,2025",False,v10,04fdc65,2026-08-05T00:54:23+00:00
19,207,11,"2015,2016,2017,2018,2019,2020,2021,2022,2023,2024,2025",False,v10,04fdc65,2026-08-05T00:54:23+00:00
19,206,11,"2015,2016,2017,2018,2019,2020,2021,2022,2023,2024,2025",False,v10,04fdc65,2026-08-05T00:54:23+00:00
19,205,11,"2015,2016,2017,2018,2019,2020,2021,2022,2023,2024,2025",False,v10,04fdc65,2026-08-05T00:54:23+00:00
19,204,11,"2015,2016,2017,2018,2019,2020,2021,2022,2023,2024,2025",False,v10,04fdc65,2026-08-05T00:54:23+00:00
19,203,11,"2015,2016,2017,2018,2019,2020,2021,2022,2023,2024,2025",False,v10,04fdc65,2026-08-05T00:54:23+00:00
19,202,11,"2015,2016,2017,2018,2019,2020,2021,2022,2023,2024,2025",False,v10,04fdc65,2026-08-05T00:54:23+00:00
19,185,11,"2015,2016,2017,2018,2019,2020,2021,2022,2023,2024,2025",False,v10,04fdc65,2026-08-05T00:54:23+00:00
19,184,11,"2015,2016,2017,2018,2019,2020,2021,2022,2023,2024,2025",False,v10,04fdc65,2026-08-05T00:54:23+00:00
19,199,11,"2015,2016,2017,2018,2019,2020,2021,2022,2023,2024,2025",False,v10,04fdc65,2026-08-05T00:54:23+00:00
19,198,11,"2015,2016,2017,2018,2019,2020,2021,2022,2023,2024,2025",False,v10,04fdc65,2026-08-05T00:54:23+00:00
19,197,11,"2015,2016,2017,2018,2019,2020,2021,2022,2023,2024,2025",False,v10,04fdc65,2026-08-05T00:54:23+00:00
19,196,11,"2015,2016,2017,2018,2019,2020,2021,2022,2023,2024,2025",False,v10,04fdc65,2026-08-05T00:54:23+00:00
19,195,11,"2015,2016,2017,2018,2019,2020,2021,2022,2023,2024,2025",False,v10,04fdc65,2026-08-05T00:54:23+00:00
19,194,11,"2015,2016,2017,2018,2019,2020,2021,2022,2023,2024,2025",False,v10,04fdc65,2026-08-05T00:54:23+00:00
19,177,11,"2015,2016,2017,2018,2019,2020,2021,2022,2023,2024,2025",False,v10,04fdc65,2026-08-05T00:54:23+00:00
13,238,11,"2015,2016,2017,2018,2019,2020,2021,2022,2023,2024,2025",False,v10,04fdc65,2026-08-05T00:54:23+00:00
13,239,11,"2015,2016,2017,2018,2019,2020,2021,2022,2023,2024,2025",False,v10,04fdc65,2026-08-05T00:54:23+00:00
13,226,11,"2015,2016,2017,2018,2019,2020,2021,2022,2023,2024,2025",False,v10,04fdc65,2026-08-05T00:54:23+00:00
13,227,11,"2015,2016,2017,2018,2019,2020,2021,2022,2023,2024,2025",False,v10,04fdc65,2026-08-05T00:54:23+00:00
19,178,11,"2015,2016,2017,2018,2019,2020,2021,2022,2023,2024,2025",False,v10,04fdc65,2026-08-05T00:54:23+00:00
19,179,11,"2015,2016,2017,2018,2019,2020,2021,2022,2023,2024,2025",False,v10,04fdc65,2026-08-05T00:54:23+00:00
19,180,11,"2015,2016,2017,2018,2019,2020,2021,2022,2023,2024,2025",False,v10,04fdc65,2026-08-05T00:54:23+00:00
19,181,11,"2015,2016,2017,2018,2019,2020,2021,2022,2023,2024,2025",False,v10,04fdc65,2026-08-05T00:54:23+00:00
19,176,11,"2015,2016,2017,2018,2019,2020,2021,2022,2023,2024,2025",False,v10,04fdc65,2026-08-05T00:54:23+00:00
19,183,11,"2015,2016,2017,2018,2019,2020,2021,2022,2023,2024,2025",False,v10,04fdc65,2026-08-05T00:54:23+00:00
19,186,11,"2015,2016,2017,2018,2019,2020,2021,2022,2023,2024,2025",False,v10,04fdc65,2026-08-05T00:54:23+00:00
19,187,11,"2015,2016,2017,2018,2019,2020,2021,2022,2023,2024,2025",False,v10,04fdc65,2026-08-05T00:54:23+00:00
19,188,11,"2015,2016,2017,2018,2019,2020,2021,2022,2023,2024,2025",False,v10,04fdc65,2026-08-05T00:54:23+00:00
19,189,11,"2015,2016,2017,2018,2019,2020,2021,2022,2023,2024,2025",False,v10,04fdc65,2026-08-05T00:54:23+00:00
19,190,11,"2015,2016,2017,2018,2019,2020,2021,2022,2023,2024,2025",False,v10,04fdc65,2026-08-05T00:54:23+00:00
19,191,11,"2015,2016,2017,2018,2019,2020,2021,2022,2023,2024,2025",False,v10,04fdc65,2026-08-05T00:54:23+00:00
19,182,11,"2015,2016,2017,2018,2019,2020,2021,2022,2023,2024,2025",False,v10,04fdc65,2026-08-05T00:54:23+00:00
13,166,11,"2015,2016,2017,2018,2019,2020,2021,2022,2023,2024,2025",False,v10,04fdc65,2026-08-05T00:54:23+00:00
13,165,11,"2015,2016,2017,2018,2019,2020,2021,2022,2023,2024,2025",False,v10,04fdc65,2026-08-05T00:54:23+00:00
13,164,11,"2015,2016,2017,2018,2019,2020,2021,2022,2023,2024,2025",False,v10,04fdc65,2026-08-05T00:54:23+00:00
13,163,11,"2015,2016,2017,2018,2019,2020,2021,2022,2023,2024,2025",False,v10,04fdc65,2026-08-05T00:54:23+00:00
13,162,11,"2015,2016,2017,2018,2019,2020,2021,2022,2023,2024,2025",False,v10,04fdc65,2026-08-05T00:54:23+00:00
13,177,11,"2015,2016,2017,2018,2019,2020,2021,2022,2023,2024,2025",False,v10,04fdc65,2026-08-05T00:54:23+00:00
13,160,11,"2015,2016,2017,2018,2019,2020,2021,2022,2023,2024,2025",False,v10,04fdc65,2026-08-05T00:54:23+00:00
13,159,11,"2015,2016,2017,2018,2019,2020,2021,2022,2023,2024,2025",False,v10,04fdc65,2026-08-05T00:54:23+00:00
13,158,11,"2015,2016,2017,2018,2019,2020,2021,2022,2023,2024,2025",False,v10,04fdc65,2026-08-05T00:54:23+00:00
13,157,11,"2015,2016,2017,2018,2019,2020,2021,2022,2023,2024,2025",False,v10,04fdc65,2026-08-05T00:54:23+00:00
13,156,11,"2015,2016,2017,2018,2019,2020,2021,2022,2023,2024,2025",False,v10,04fdc65,2026-08-05T00:54:23+00:00
13,155,11,"2015,2016,2017,2018,2019,2020,2021,2022,2023,2024,2025",False,v10,04fdc65,2026-08-05T00:54:23+00:00
13,154,11,"2015,2016,2017,2018,2019,2020,2021,2022,2023,2024,2025",False,v10,04fdc65,2026-08-05T00:54:23+00:00
13,169,11,"2015,2016,2017,2018,2019,2020,2021,2022,2023,2024,2025",False,v10,04fdc65,2026-08-05T00:54:23+00:00
13,203,11,"2015,2016,2017,2018,2019,2020,2021,2022,2023,2024,2025",False,v10,04fdc65,2026-08-05T00:54:23+00:00
13,205,11,"2015,2016,2017,2018,2019,2020,2021,2022,2023,2024,2025",False,v10,04fdc65,2026-08-05T00:54:23+00:00
24,172,11,"2015,2016,2017,2018,2019,2020,2021,2022,2023,2024,2025",False,v10,04fdc65,2026-08-05T00:54:23+00:00
13,131,11,"2015,2016,2017,2018,2019,2020,2021,2022,2023,2024,2025",False,v10,04fdc65,2026-08-05T00:54:23+00:00
13,132,11,"2015,2016,2017,2018,2019,2020,2021,2022,2023,2024,2025",False,v10,04fdc65,2026-08-05T00:54:23+00:00
13,133,11,"2015,2016,2017,2018,2019,2020,2021,2022,2023,2024,2025",False,v10,04fdc65,2026-08-05T00:54:23+00:00
13,134,11,"2015,2016,2017,2018,2019,2020,2021,2022,2023,2024,2025",False,v10,04fdc65,2026-08-05T00:54:23+00:00
13,42,11,"2015,2016,2017,2018,2019,2020,2021,2022,2023,2024,2025",False,v10,04fdc65,2026-08-05T00:54:23+00:00
13,140,11,"2015,2016,2017,2018,2019,2020,2021,2022,2023,2024,2025",False,v10,04fdc65,2026-08-05T00:54:23+00:00
13,202,11,"2015,2016,2017,2018,2019,2020,2021,2022,2023,2024,2025",False,v10,04fdc65,2026-08-05T00:54:23+00:00
13,142,11,"2015,2016,2017,2018,2019,2020,2021,2022,2023,2024,2025",False,v10,04fdc65,2026-08-05T00:54:23+00:00
13,143,11,"2015,2016,2017,2018,2019,2020,2021,2022,2023,2024,2025",False,v10,04fdc65,2026-08-05T00:54:23+00:00
13,144,11,"2015,2016,2017,2018,2019,2020,2021,2022,2023,2024,2025",False,v10,04fdc65,2026-08-05T00:54:23+00:00
13,161,11,"2015,2016,2017,2018,2019,2020,2021,2022,2023,2024,2025",False,v10,04fdc65,2026-08-05T00:54:23+00:00
13,150,11,"2015,2016,2017,2018,2019,2020,2021,2022,2023,2024,2025",False,v10,04fdc65,2026-08-05T00:54:23+00:00
13,151,11,"2015,2016,2017,2018,2019,2020,2021,2022,2023,2024,2025",False,v10,04fdc65,2026-08-05T00:54:23+00:00
13,152,11,"2015,2016,2017,2018,2019,2020,2021,2022,2023,2024,2025",False,v10,04fdc65,2026-08-05T00:54:23+00:00
13,153,11,"2015,2016,2017,2018,2019,2020,2021,2022,2023,2024,2025",False,v10,04fdc65,2026-08-05T00:54:23+00:00
13,141,11,"2015,2016,2017,2018,2019,2020,2021,2022,2023,2024,2025",False,v10,04fdc65,2026-08-05T00:54:23+00:00
13,189,11,"2015,2016,2017,2018,2019,2020,2021,2022,2023,2024,2025",False,v10,04fdc65,2026-08-05T00:54:23+00:00
13,190,11,"2015,2016,2017,2018,2019,2020,2021,2022,2023,2024,2025",False,v10,04fdc65,2026-08-05T00:54:23+00:00
13,191,11,"2015,2016,2017,2018,2019,2020,2021,2022,2023,2024,2025",False,v10,04fdc65,2026-08-05T00:54:23+00:00
13,192,11,"2015,2016,2017,2018,2019,2020,2021,2022,2023,2024,2025",False,v10,04fdc65,2026-08-05T00:54:23+00:00
13,193,11,"2015,2016,2017,2018,2019,2020,2021,2022,2023,2024,2025",False,v10,04fdc65,2026-08-05T00:54:23+00:00
13,178,11,"2015,2016,2017,2018,2019,2020,2021,2022,2023,2024,2025",False,v10,04fdc65,2026-08-05T00:54:23+00:00
13,179,11,"2015,2016,2017,2018,2019,2020,2021,2022,2023,2024,2025",False,v10,04fdc65,2026-08-05T00:54:23+00:00
13,167,11,"2015,2016,2017,2018,2019,2020,2021,2022,2023,2024,2025",False,v10,04fdc65,2026-08-05T00:54:23+00:00
13,197,11,"2015,2016,2017,2018,2019,2020,2021,2022,2023,2024,2025",False,v10,04fdc65,2026-08-05T00:54:23+00:00
13,198,11,"2015,2016,2017,2018,2019,2020,2021,2022,2023,2024,2025",False,v10,04fdc65,2026-08-05T00:54:23+00:00
13,199,11,"2015,2016,2017,2018,2019,2020,2021,2022,2023,2024,2025",False,v10,04fdc65,2026-08-05T00:54:23+00:00
13,200,11,"2015,2016,2017,2018,2019,2020,2021,2022,2023,2024,2025",False,v10,04fdc65,2026-08-05T00:54:23+00:00
13,201,11,"2015,2016,2017,2018,2019,2020,2021,2022,2023,2024,2025",False,v10,04fdc65,2026-08-05T00:54:23+00:00
13,186,11,"2015,2016,2017,2018,2019,2020,2021,2022,2023,2024,2025",False,v10,04fdc65,2026-08-05T00:54:23+00:00
13,187,11,"2015,2016,2017,2018,2019,2020,2021,2022,2023,2024,2025",False,v10,04fdc65,2026-08-05T00:54:23+00:00
13,204,11,"2015,2016,2017,2018,2019,2020,2021,2022,2023,2024,2025",False,v10,04fdc65,2026-08-05T00:54:23+00:00
13,196,11,"2015,2016,2017,2018,2019,2020,2021,2022,2023,2024,2025",False,v10,04fdc65,2026-08-05T00:54:23+00:00
13,168,11,"2015,2016,2017,2018,2019,2020,2021,2022,2023,2024,2025",False,v10,04fdc65,2026-08-05T00:54:23+00:00
13,170,11,"2015,2016,2017,2018,2019,2020,2021,2022,2023,2024,2025",False,v10,04fdc65,2026-08-05T00:54:23+00:00
13,171,11,"2015,2016,2017,2018,2019,2020,2021,2022,2023,2024,2025",False,v10,04fdc65,2026-08-05T00:54:23+00:00
13,172,11,"2015,2016,2017,2018,2019,2020,2021,2022,2023,2024,2025",False,v10,04fdc65,2026-08-05T00:54:23+00:00
13,173,11,"2015,2016,2017,2018,2019,2020,2021,2022,2023,2024,2025",False,v10,04fdc65,2026-08-05T00:54:23+00:00
13,174,11,"2015,2016,2017,2018,2019,2020,2021,2022,2023,2024,2025",False,v10,04fdc65,2026-08-05T00:54:23+00:00
13,175,11,"2015,2016,2017,2018,2019,2020,2021,2022,2023,2024,2025",False,v10,04fdc65,2026-08-05T00:54:23+00:00
13,188,11,"2015,2016,2017,2018,2019,2020,2021,2022,2023,2024,2025",False,v10,04fdc65,2026-08-05T00:54:23+00:00
13,180,11,"2015,2016,2017,2018,2019,2020,2021,2022,2023,2024,2025",False,v10,04fdc65,2026-08-05T00:54:23+00:00
13,181,11,"2015,2016,2017,2018,2019,2020,2021,2022,2023,2024,2025",False,v10,04fdc65,2026-08-05T00:54:23+00:00
13,182,11,"2015,2016,2017,2018,2019,2020,2021,2022,2023,2024,2025",False,v10,04fdc65,2026-08-05T00:54:23+00:00
13,183,11,"2015,2016,2017,2018,2019,2020,2021,2022,2023,2024,2025",False,v10,04fdc65,2026-08-05T00:54:23+00:00
13,184,11,"2015,2016,2017,2018,2019,2020,2021,2022,2023,2024,2025",False,v10,04fdc65,2026-08-05T00:54:23+00:00
13,185,11,"2015,2016,2017,2018,2019,2020,2021,2022,2023,2024,2025",False,v10,04fdc65,2026-08-05T00:54:23+00:00
13,234,11,"2015,2016,2017,2018,2019,2020,2021,2022,2023,2024,2025",False,v10,04fdc65,2026-08-05T00:54:23+00:00
13,235,11,"2015,2016,2017,2018,2019,2020,2021,2022,2023,2024,2025",False,v10,04fdc65,2026-08-05T00:54:23+00:00
13,176,11,"2015,2016,2017,2018,2019,2020,2021,2022,2023,2024,2025",False,v10,04fdc65,2026-08-05T00:54:23+00:00
14,162,11,"2015,2016,2017,2018,2019,2020,2021,2022,2023,2024,2025",False,v10,04fdc65,2026-08-05T00:54:23+00:00
14,161,11,"2015,2016,2017,2018,2019,2020,2021,2022,2023,2024,2025",False,v10,04fdc65,2026-08-05T00:54:23+00:00
14,160,11,"2015,2016,2017,2018,2019,2020,2021,2022,2023,2024,2025",False,v10,04fdc65,2026-08-05T00:54:23+00:00
14,207,11,"2015,2016,2017,2018,2019,2020,2021,2022,2023,2024,2025",False,v10,04fdc65,2026-08-05T00:54:23+00:00
14,206,11,"2015,2016,2017,2018,2019,2020,2021,2022,2023,2024,2025",False,v10,04fdc65,2026-08-05T00:54:23+00:00
14,205,11,"2015,2016,2017,2018,2019,2020,2021,2022,2023,2024,2025",False,v10,04fdc65,2026-08-05T00:54:23+00:00
14,204,11,"2015,2016,2017,2018,2019,2020,2021,2022,2023,2024,2025",False,v10,04fdc65,2026-08-05T00:54:23+00:00
14,203,11,"2015,2016,2017,2018,2019,2020,2021,2022,2023,2024,2025",False,v10,04fdc65,2026-08-05T00:54:23+00:00
14,154,11,"2015,2016,2017,2018,2019,2020,2021,2022,2023,2024,2025",False,v10,04fdc65,2026-08-05T00:54:23+00:00
14,153,11,"2015,2016,2017,2018,2019,2020,2021,2022,2023,2024,2025",False,v10,04fdc65,2026-08-05T00:54:23+00:00
14,152,11,"2015,2016,2017,2018,2019,2020,2021,2022,2023,2024,2025",False,v10,04fdc65,2026-08-05T00:54:23+00:00
14,138,11,"2015,2016,2017,2018,2019,2020,2021,2022,2023,2024,2025",False,v10,04fdc65,2026-08-05T00:54:23+00:00
14,132,11,"2015,2016,2017,2018,2019,2020,2021,2022,2023,2024,2025",False,v10,04fdc65,2026-08-05T00:54:23+00:00
14,131,11,"2015,2016,2017,2018,2019,2020,2021,2022,2023,2024,2025",False,v10,04fdc65,2026-08-05T00:54:23+00:00
14,146,11,"2015,2016,2017,2018,2019,2020,2021,2022,2023,2024,2025",False,v10,04fdc65,2026-08-05T00:54:23+00:00
19,192,11,"2015,2016,2017,2018,2019,2020,2021,2022,2023,2024,2025",False,v10,04fdc65,2026-08-05T00:54:23+00:00
14,173,11,"2015,2016,2017,2018,2019,2020,2021,2022,2023,2024,2025",False,v10,04fdc65,2026-08-05T00:54:23+00:00
14,174,11,"2015,2016,2017,2018,2019,2020,2021,2022,2023,2024,2025",False,v10,04fdc65,2026-08-05T00:54:23+00:00
14,175,11,"2015,2016,2017,2018,2019,2020,2021,2022,2023,2024,2025",False,v10,04fdc65,2026-08-05T00:54:23+00:00
24,62,11,"2015,2016,2017,2018,2019,2020,2021,2022,2023,2024,2025",False,v10,04fdc65,2026-08-05T00:54:23+00:00
24,49,11,"2015,2016,2017,2018,2019,2020,2021,2022,2023,2024,2025",False,v10,04fdc65,2026-08-05T00:54:23+00:00
24,50,11,"2015,2016,2017,2018,2019,2020,2021,2022,2023,2024,2025",False,v10,04fdc65,2026-08-05T00:54:23+00:00
24,51,11,"2015,2016,2017,2018,2019,2020,2021,2022,2023,2024,2025",False,v10,04fdc65,2026-08-05T00:54:23+00:00
24,61,11,"2015,2016,2017,2018,2019,2020,2021,2022,2023,2024,2025",False,v10,04fdc65,2026-08-05T00:54:23+00:00
24,53,11,"2015,2016,2017,2018,2019,2020,2021,2022,2023,2024,2025",False,v10,04fdc65,2026-08-05T00:54:23+00:00
14,130,11,"2015,2016,2017,2018,2019,2020,2021,2022,2023,2024,2025",False,v10,04fdc65,2026-08-05T00:54:23+00:00
24,55,11,"2015,2016,2017,2018,2019,2020,2021,2022,2023,2024,2025",False,v10,04fdc65,2026-08-05T00:54:23+00:00
24,57,11,"2015,2016,2017,2018,2019,2020,2021,2022,2023,2024,2025",False,v10,04fdc65,2026-08-05T00:54:23+00:00
24,58,11,"2015,2016,2017,2018,2019,2020,2021,2022,2023,2024,2025",False,v10,04fdc65,2026-08-05T00:54:23+00:00
24,59,11,"2015,2016,2017,2018,2019,2020,2021,2022,2023,2024,2025",False,v10,04fdc65,2026-08-05T00:54:23+00:00
24,60,11,"2015,2016,2017,2018,2019,2020,2021,2022,2023,2024,2025",False,v10,04fdc65,2026-08-05T00:54:23+00:00
24,52,11,"2015,2016,2017,2018,2019,2020,2021,2022,2023,2024,2025",False,v10,04fdc65,2026-08-05T00:54:23+00:00
14,179,11,"2015,2016,2017,2018,2019,2020,2021,2022,2023,2024,2025",False,v10,04fdc65,2026-08-05T00:54:23+00:00
14,194,11,"2015,2016,2017,2018,2019,2020,2021,2022,2023,2024,2025",False,v10,04fdc65,2026-08-05T00:54:23+00:00
14,193,11,"2015,2016,2017,2018,2019,2020,2021,2022,2023,2024,2025",False,v10,04fdc65,2026-08-05T00:54:23+00:00
14,192,11,"2015,2016,2017,2018,2019,2020,2021,2022,2023,2024,2025",False,v10,04fdc65,2026-08-05T00:54:23+00:00
14,239,11,"2015,2016,2017,2018,2019,2020,2021,2022,2023,2024,2025",False,v10,04fdc65,2026-08-05T00:54:23+00:00
14,238,11,"2015,2016,2017,2018,2019,2020,2021,2022,2023,2024,2025",False,v10,04fdc65,2026-08-05T00:54:23+00:00
14,237,11,"2015,2016,2017,2018,2019,2020,2021,2022,2023,2024,2025",False,v10,04fdc65,2026-08-05T00:54:23+00:00
14,236,11,"2015,2016,2017,2018,2019,2020,2021,2022,2023,2024,2025",False,v10,04fdc65,2026-08-05T00:54:23+00:00
14,235,11,"2015,2016,2017,2018,2019,2020,2021,2022,2023,2024,2025",False,v10,04fdc65,2026-08-05T00:54:23+00:00
14,186,11,"2015,2016,2017,2018,2019,2020,2021,2022,2023,2024,2025",False,v10,04fdc65,2026-08-05T00:54:23+00:00
14,185,11,"2015,2016,2017,2018,2019,2020,2021,2022,2023,2024,2025",False,v10,04fdc65,2026-08-05T00:54:23+00:00
14,184,11,"2015,2016,2017,2018,2019,2020,2021,2022,2023,2024,2025",False,v10,04fdc65,2026-08-05T00:54:23+00:00
14,167,11,"2015,2016,2017,2018,2019,2020,2021,2022,2023,2024,2025",False,v10,04fdc65,2026-08-05T00:54:23+00:00
14,166,11,"2015,2016,2017,2018,2019,2020,2021,2022,2023,2024,2025",False,v10,04fdc65,2026-08-05T00:54:23+00:00
14,165,11,"2015,2016,2017,2018,2019,2020,2021,2022,2023,2024,2025",False,v10,04fdc65,2026-08-05T00:54:23+00:00
14,147,11,"2015,2016,2017,2018,2019,2020,2021,2022,2023,2024,2025",False,v10,04fdc65,2026-08-05T00:54:23+00:00
14,148,11,"2015,2016,2017,2018,2019,2020,2021,2022,2023,2024,2025",False,v10,04fdc65,2026-08-05T00:54:23+00:00
14,149,11,"2015,2016,2017,2018,2019,2020,2021,2022,2023,2024,2025",False,v10,04fdc65,2026-08-05T00:54:23+00:00
14,150,11,"2015,2016,2017,2018,2019,2020,2021,2022,2023,2024,2025",False,v10,04fdc65,2026-08-05T00:54:23+00:00
14,151,11,"2015,2016,2017,2018,2019,2020,2021,2022,2023,2024,2025",False,v10,04fdc65,2026-08-05T00:54:23+00:00
14,168,11,"2015,2016,2017,2018,2019,2020,2021,2022,2023,2024,2025",False,v10,04fdc65,2026-08-05T00:54:23+00:00
14,169,11,"2015,2016,2017,2018,2019,2020,2021,2022,2023,2024,2025",False,v10,04fdc65,2026-08-05T00:54:23+00:00
14,170,11,"2015,2016,2017,2018,2019,2020,2021,2022,2023,2024,2025",False,v10,04fdc65,2026-08-05T00:54:23+00:00
14,164,11,"2015,2016,2017,2018,2019,2020,2021,2022,2023,2024,2025",False,v10,04fdc65,2026-08-05T00:54:23+00:00
14,156,11,"2015,2016,2017,2018,2019,2020,2021,2022,2023,2024,2025",False,v10,04fdc65,2026-08-05T00:54:23+00:00
14,157,11,"2015,2016,2017,2018,2019,2020,2021,2022,2023,2024,2025",False,v10,04fdc65,2026-08-05T00:54:23+00:00
14,158,11,"2015,2016,2017,2018,2019,2020,2021,2022,2023,2024,2025",False,v10,04fdc65,2026-08-05T00:54:23+00:00
14,159,11,"2015,2016,2017,2018,2019,2020,2021,2022,2023,2024,2025",False,v10,04fdc65,2026-08-05T00:54:23+00:00
14,176,11,"2015,2016,2017,2018,2019,2020,2021,2022,2023,2024,2025",False,v10,04fdc65,2026-08-05T00:54:23+00:00
14,177,11,"2015,2016,2017,2018,2019,2020,2021,2022,2023,2024,2025",False,v10,04fdc65,2026-08-05T00:54:23+00:00
14,178,11,"2015,2016,2017,2018,2019,2020,2021,2022,2023,2024,2025",False,v10,04fdc65,2026-08-05T00:54:23+00:00
14,163,11,"2015,2016,2017,2018,2019,2020,2021,2022,2023,2024,2025",False,v10,04fdc65,2026-08-05T00:54:23+00:00
14,155,11,"2015,2016,2017,2018,2019,2020,2021,2022,2023,2024,2025",False,v10,04fdc65,2026-08-05T00:54:23+00:00
14,35,11,"2015,2016,2017,2018,2019,2020,2021,2022,2023,2024,2025",False,v10,04fdc65,2026-08-05T00:54:23+00:00
14,34,11,"2015,2016,2017,2018,2019,2020,2021,2022,2023,2024,2025",False,v10,04fdc65,2026-08-05T00:54:23+00:00
14,32,11,"2015,2016,2017,2018,2019,2020,2021,2022,2023,2024,2025",False,v10,04fdc65,2026-08-05T00:54:23+00:00
14,31,11,"2015,2016,2017,2018,2019,2020,2021,2022,2023,2024,2025",False,v10,04fdc65,2026-08-05T00:54:23+00:00
14,30,11,"2015,2016,2017,2018,2019,2020,2021,2022,2023,2024,2025",False,v10,04fdc65,2026-08-05T00:54:23+00:00
14,13,11,"2015,2016,2017,2018,2019,2020,2021,2022,2023,2024,2025",False,v10,04fdc65,2026-08-05T00:54:23+00:00
14,12,11,"2015,2016,2017,2018,2019,2020,2021,2022,2023,2024,2025",False,v10,04fdc65,2026-08-05T00:54:23+00:00
14,27,11,"2015,2016,2017,2018,2019,2020,2021,2022,2023,2024,2025",False,v10,04fdc65,2026-08-05T00:54:23+00:00
14,24,11,"2015,2016,2017,2018,2019,2020,2021,2022,2023,2024,2025",False,v10,04fdc65,2026-08-05T00:54:23+00:00
14,172,11,"2015,2016,2017,2018,2019,2020,2021,2022,2023,2024,2025",False,v10,04fdc65,2026-08-05T00:54:23+00:00
19,193,11,"2015,2016,2017,2018,2019,2020,2021,2022,2023,2024,2025",False,v10,04fdc65,2026-08-05T00:54:23+00:00
14,54,11,"2015,2016,2017,2018,2019,2020,2021,2022,2023,2024,2025",False,v10,04fdc65,2026-08-05T00:54:23+00:00
14,55,11,"2015,2016,2017,2018,2019,2020,2021,2022,2023,2024,2025",False,v10,04fdc65,2026-08-05T00:54:23+00:00
14,56,11,"2015,2016,2017,2018,2019,2020,2021,2022,2023,2024,2025",False,v10,04fdc65,2026-08-05T00:54:23+00:00
14,57,11,"2015,2016,2017,2018,2019,2020,2021,2022,2023,2024,2025",False,v10,04fdc65,2026-08-05T00:54:23+00:00
14,44,11,"2015,2016,2017,2018,2019,2020,2021,2022,2023,2024,2025",False,v10,04fdc65,2026-08-05T00:54:23+00:00
14,45,11,"2015,2016,2017,2018,2019,2020,2021,2022,2023,2024,2025",False,v10,04fdc65,2026-08-05T00:54:23+00:00
14,22,11,"2015,2016,2017,2018,2019,2020,2021,2022,2023,2024,2025",False,v10,04fdc65,2026-08-05T00:54:23+00:00
14,14,11,"2015,2016,2017,2018,2019,2020,2021,2022,2023,2024,2025",False,v10,04fdc65,2026-08-05T00:54:23+00:00
14,15,11,"2015,2016,2017,2018,2019,2020,2021,2022,2023,2024,2025",False,v10,04fdc65,2026-08-05T00:54:23+00:00
14,17,11,"2015,2016,2017,2018,2019,2020,2021,2022,2023,2024,2025",False,v10,04fdc65,2026-08-05T00:54:23+00:00
14,18,11,"2015,2016,2017,2018,2019,2020,2021,2022,2023,2024,2025",False,v10,04fdc65,2026-08-05T00:54:23+00:00
14,52,11,"2015,2016,2017,2018,2019,2020,2021,2022,2023,2024,2025",False,v10,04fdc65,2026-08-05T00:54:23+00:00
14,53,11,"2015,2016,2017,2018,2019,2020,2021,2022,2023,2024,2025",False,v10,04fdc65,2026-08-05T00:54:23+00:00
14,46,11,"2015,2016,2017,2018,2019,2020,2021,2022,2023,2024,2025",False,v10,04fdc65,2026-08-05T00:54:23+00:00
14,42,11,"2015,2016,2017,2018,2019,2020,2021,2022,2023,2024,2025",False,v10,04fdc65,2026-08-05T00:54:23+00:00
14,43,11,"2015,2016,2017,2018,2019,2020,2021,2022,2023,2024,2025",False,v10,04fdc65,2026-08-05T00:54:23+00:00
24,71,11,"2015,2016,2017,2018,2019,2020,2021,2022,2023,2024,2025",False,v10,04fdc65,2026-08-05T00:54:23+00:00
24,72,11,"2015,2016,2017,2018,2019,2020,2021,2022,2023,2024,2025",False,v10,04fdc65,2026-08-05T00:54:23+00:00
24,73,11,"2015,2016,2017,2018,2019,2020,2021,2022,2023,2024,2025",False,v10,04fdc65,2026-08-05T00:54:23+00:00
14,47,11,"2015,2016,2017,2018,2019,2020,2021,2022,2023,2024,2025",False,v10,04fdc65,2026-08-05T00:54:23+00:00
14,48,11,"2015,2016,2017,2018,2019,2020,2021,2022,2023,2024,2025",False,v10,04fdc65,2026-08-05T00:54:23+00:00
24,70,11,"2015,2016,2017,2018,2019,2020,2021,2022,2023,2024,2025",False,v10,04fdc65,2026-08-05T00:54:23+00:00
14,50,11,"2015,2016,2017,2018,2019,2020,2021,2022,2023,2024,2025",False,v10,04fdc65,2026-08-05T00:54:23+00:00
14,51,11,"2015,2016,2017,2018,2019,2020,2021,2022,2023,2024,2025",False,v10,04fdc65,2026-08-05T00:54:23+00:00
14,36,11,"2015,2016,2017,2018,2019,2020,2021,2022,2023,2024,2025",False,v10,04fdc65,2026-08-05T00:54:23+00:00
14,37,11,"2015,2016,2017,2018,2019,2020,2021,2022,2023,2024,2025",False,v10,04fdc65,2026-08-05T00:54:23+00:00
14,38,11,"2015,2016,2017,2018,2019,2020,2021,2022,2023,2024,2025",False,v10,04fdc65,2026-08-05T00:54:23+00:00
24,54,11,"2015,2016,2017,2018,2019,2020,2021,2022,2023,2024,2025",False,v10,04fdc65,2026-08-05T00:54:23+00:00
14,171,11,"2015,2016,2017,2018,2019,2020,2021,2022,2023,2024,2025",False,v10,04fdc65,2026-08-05T00:54:23+00:00
14,49,11,"2015,2016,2017,2018,2019,2020,2021,2022,2023,2024,2025",False,v10,04fdc65,2026-08-05T00:54:23+00:00
14,139,11,"2015,2016,2017,2018,2019,2020,2021,2022,2023,2024,2025",False,v10,04fdc65,2026-08-05T00:54:23+00:00
14,140,11,"2015,2016,2017,2018,2019,2020,2021,2022,2023,2024,2025",False,v10,04fdc65,2026-08-05T00:54:23+00:00
14,141,11,"2015,2016,2017,2018,2019,2020,2021,2022,2023,2024,2025",False,v10,04fdc65,2026-08-05T00:54:23+00:00
14,142,11,"2015,2016,2017,2018,2019,2020,2021,2022,2023,2024,2025",False,v10,04fdc65,2026-08-05T00:54:23+00:00
14,143,11,"2015,2016,2017,2018,2019,2020,2021,2022,2023,2024,2025",False,v10,04fdc65,2026-08-05T00:54:23+00:00
14,144,11,"2015,2016,2017,2018,2019,2020,2021,2022,2023,2024,2025",False,v10,04fdc65,2026-08-05T00:54:23+00:00
14,145,11,"2015,2016,2017,2018,2019,2020,2021,2022,2023,2024,2025",False,v10,04fdc65,2026-08-05T00:54:23+00:00
14,41,11,"2015,2016,2017,2018,2019,2020,2021,2022,2023,2024,2025",False,v10,04fdc65,2026-08-05T00:54:23+00:00
24,64,11,"2015,2016,2017,2018,2019,2020,2021,2022,2023,2024,2025",False,v10,04fdc65,2026-08-05T00:54:23+00:00
24,65,11,"2015,2016,2017,2018,2019,2020,2021,2022,2023,2024,2025",False,v10,04fdc65,2026-08-05T00:54:23+00:00
24,66,11,"2015,2016,2017,2018,2019,2020,2021,2022,2023,2024,2025",False,v10,04fdc65,2026-08-05T00:54:23+00:00
24,67,11,"2015,2016,2017,2018,2019,2020,2021,2022,2023,2024,2025",False,v10,04fdc65,2026-08-05T00:54:23+00:00
24,68,11,"2015,2016,2017,2018,2019,2020,2021,2022,2023,2024,2025",False,v10,04fdc65,2026-08-05T00:54:23+00:00
24,69,11,"2015,2016,2017,2018,2019,2020,2021,2022,2023,2024,2025",False,v10,04fdc65,2026-08-05T00:54:23+00:00
14,39,11,"2015,2016,2017,2018,2019,2020,2021,2022,2023,2024,2025",False,v10,04fdc65,2026-08-05T00:54:23+00:00
14,40,11,"2015,2016,2017,2018,2019,2020,2021,2022,2023,2024,2025",False,v10,04fdc65,2026-08-05T00:54:23+00:00
24,63,11,"2015,2016,2017,2018,2019,2020,2021,2022,2023,2024,2025",False,v10,04fdc65,2026-08-05T00:54:23+00:00
18,143,11,"2015,2016,2017,2018,2019,2020,2021,2022,2023,2024,2025",False,v10,04fdc65,2026-08-05T00:54:23+00:00
18,158,11,"2015,2016,2017,2018,2019,2020,2021,2022,2023,2024,2025",False,v10,04fdc65,2026-08-05T00:54:23+00:00
18,157,11,"2015,2016,2017,2018,2019,2020,2021,2022,2023,2024,2025",False,v10,04fdc65,2026-08-05T00:54:23+00:00
18,156,11,"2015,2016,2017,2018,2019,2020,2021,2022,2023,2024,2025",False,v10,04fdc65,2026-08-05T00:54:23+00:00
18,76,11,"2015,2016,2017,2018,2019,2020,2021,2022,2023,2024,2025",False,v10,04fdc65,2026-08-05T00:54:23+00:00
18,75,11,"2015,2016,2017,2018,2019,2020,2021,2022,2023,2024,2025",False,v10,04fdc65,2026-08-05T00:54:23+00:00
18,74,11,"2015,2016,2017,2018,2019,2020,2021,2022,2023,2024,2025",False,v10,04fdc65,2026-08-05T00:54:23+00:00
18,73,11,"2015,2016,2017,2018,2019,2020,2021,2022,2023,2024,2025",False,v10,04fdc65,2026-08-05T00:54:23+00:00
18,72,11,"2015,2016,2017,2018,2019,2020,2021,2022,2023,2024,2025",False,v10,04fdc65,2026-08-05T00:54:23+00:00
18,71,11,"2015,2016,2017,2018,2019,2020,2021,2022,2023,2024,2025",False,v10,04fdc65,2026-08-05T00:54:23+00:00
18,35,11,"2015,2016,2017,2018,2019,2020,2021,2022,2023,2024,2025",False,v10,04fdc65,2026-08-05T00:54:23+00:00
18,56,11,"2015,2016,2017,2018,2019,2020,2021,2022,2023,2024,2025",False,v10,04fdc65,2026-08-05T00:54:23+00:00
18,55,11,"2015,2016,2017,2018,2019,2020,2021,2022,2023,2024,2025",False,v10,04fdc65,2026-08-05T00:54:23+00:00
18,54,11,"2015,2016,2017,2018,2019,2020,2021,2022,2023,2024,2025",False,v10,04fdc65,2026-08-05T00:54:23+00:00
18,53,11,"2015,2016,2017,2018,2019,2020,2021,2022,2023,2024,2025",False,v10,04fdc65,2026-08-05T00:54:23+00:00
16,46,11,"2015,2016,2017,2018,2019,2020,2021,2022,2023,2024,2025",False,v10,04fdc65,2026-08-05T00:54:23+00:00
22,153,11,"2015,2016,2017,2018,2019,2020,2021,2022,2023,2024,2025",False,v10,04fdc65,2026-08-05T00:54:23+00:00
22,154,11,"2015,2016,2017,2018,2019,2020,2021,2022,2023,2024,2025",False,v10,04fdc65,2026-08-05T00:54:23+00:00
22,155,11,"2015,2016,2017,2018,2019,2020,2021,2022,2023,2024,2025",False,v10,04fdc65,2026-08-05T00:54:23+00:00
22,156,11,"2015,2016,2017,2018,2019,2020,2021,2022,2023,2024,2025",False,v10,04fdc65,2026-08-05T00:54:23+00:00
22,157,11,"2015,2016,2017,2018,2019,2020,2021,2022,2023,2024,2025",False,v10,04fdc65,2026-08-05T00:54:23+00:00
22,158,11,"2015,2016,2017,2018,2019,2020,2021,2022,2023,2024,2025",False,v10,04fdc65,2026-08-05T00:54:23+00:00
18,57,11,"2015,2016,2017,2018,2019,2020,2021,2022,2023,2024,2025",False,v10,04fdc65,2026-08-05T00:54:23+00:00
18,52,11,"2015,2016,2017,2018,2019,2020,2021,2022,2023,2024,2025",False,v10,04fdc65,2026-08-05T00:54:23+00:00
22,161,11,"2015,2016,2017,2018,2019,2020,2021,2022,2023,2024,2025",False,v10,04fdc65,2026-08-05T00:54:23+00:00
22,162,11,"2015,2016,2017,2018,2019,2020,2021,2022,2023,2024,2025",False,v10,04fdc65,2026-08-05T00:54:23+00:00
22,163,11,"2015,2016,2017,2018,2019,2020,2021,2022,2023,2024,2025",False,v10,04fdc65,2026-08-05T00:54:23+00:00
22,164,11,"2015,2016,2017,2018,2019,2020,2021,2022,2023,2024,2025",False,v10,04fdc65,2026-08-05T00:54:23+00:00
22,165,11,"2015,2016,2017,2018,2019,2020,2021,2022,2023,2024,2025",False,v10,04fdc65,2026-08-05T00:54:23+00:00
22,166,11,"2015,2016,2017,2018,2019,2020,2021,2022,2023,2024,2025",False,v10,04fdc65,2026-08-05T00:54:23+00:00
18,77,11,"2015,2016,2017,2018,2019,2020,2021,2022,2023,2024,2025",False,v10,04fdc65,2026-08-05T00:54:23+00:00
18,78,11,"2015,2016,2017,2018,2019,2020,2021,2022,2023,2024,2025",False,v10,04fdc65,2026-08-05T00:54:23+00:00
18,58,11,"2015,2016,2017,2018,2019,2020,2021,2022,2023,2024,2025",False,v10,04fdc65,2026-08-05T00:54:23+00:00
18,182,11,"2015,2016,2017,2018,2019,2020,2021,2022,2023,2024,2025",False,v10,04fdc65,2026-08-05T00:54:23+00:00
18,181,11,"2015,2016,2017,2018,2019,2020,2021,2022,2023,2024,2025",False,v10,04fdc65,2026-08-05T00:54:23+00:00
18,180,11,"2015,2016,2017,2018,2019,2020,2021,2022,2023,2024,2025",False,v10,04fdc65,2026-08-05T00:54:23+00:00
18,179,11,"2015,2016,2017,2018,2019,2020,2021,2022,2023,2024,2025",False,v10,04fdc65,2026-08-05T00:54:23+00:00
18,178,11,"2015,2016,2017,2018,2019,2020,2021,2022,2023,2024,2025",False,v10,04fdc65,2026-08-05T00:54:23+00:00
18,177,11,"2015,2016,2017,2018,2019,2020,2021,2022,2023,2024,2025",False,v10,04fdc65,2026-08-05T00:54:23+00:00
18,176,11,"2015,2016,2017,2018,2019,2020,2021,2022,2023,2024,2025",False,v10,04fdc65,2026-08-05T00:54:23+00:00
22,150,11,"2015,2016,2017,2018,2019,2020,2021,2022,2023,2024,2025",False,v10,04fdc65,2026-08-05T00:54:23+00:00
22,149,11,"2015,2016,2017,2018,2019,2020,2021,2022,2023,2024,2025",False,v10,04fdc65,2026-08-05T00:54:23+00:00
22,148,11,"2015,2016,2017,2018,2019,2020,2021,2022,2023,2024,2025",False,v10,04fdc65,2026-08-05T00:54:23+00:00
22,147,11,"2015,2016,2017,2018,2019,2020,2021,2022,2023,2024,2025",False,v10,04fdc65,2026-08-05T00:54:23+00:00
22,146,11,"2015,2016,2017,2018,2019,2020,2021,2022,2023,2024,2025",False,v10,04fdc65,2026-08-05T00:54:23+00:00
22,160,11,"2015,2016,2017,2018,2019,2020,2021,2022,2023,2024,2025",False,v10,04fdc65,2026-08-05T00:54:23+00:00
22,159,11,"2015,2016,2017,2018,2019,2020,2021,2022,2023,2024,2025",False,v10,04fdc65,2026-08-05T00:54:23+00:00
18,163,11,"2015,2016,2017,2018,2019,2020,2021,2022,2023,2024,2025",False,v10,04fdc65,2026-08-05T00:54:23+00:00
18,144,11,"2015,2016,2017,2018,2019,2020,2021,2022,2023,2024,2025",False,v10,04fdc65,2026-08-05T00:54:23+00:00
18,145,11,"2015,2016,2017,2018,2019,2020,2021,2022,2023,2024,2025",False,v10,04fdc65,2026-08-05T00:54:23+00:00
18,146,11,"2015,2016,2017,2018,2019,2020,2021,2022,2023,2024,2025",False,v10,04fdc65,2026-08-05T00:54:23+00:00
18,147,11,"2015,2016,2017,2018,2019,2020,2021,2022,2023,2024,2025",False,v10,04fdc65,2026-08-05T00:54:23+00:00
18,164,11,"2015,2016,2017,2018,2019,2020,2021,2022,2023,2024,2025",False,v10,04fdc65,2026-08-05T00:54:23+00:00
18,165,11,"2015,2016,2017,2018,2019,2020,2021,2022,2023,2024,2025",False,v10,04fdc65,2026-08-05T00:54:23+00:00
18,166,11,"2015,2016,2017,2018,2019,2020,2021,2022,2023,2024,2025",False,v10,04fdc65,2026-08-05T00:54:23+00:00
18,151,11,"2015,2016,2017,2018,2019,2020,2021,2022,2023,2024,2025",False,v10,04fdc65,2026-08-05T00:54:23+00:00
18,162,11,"2015,2016,2017,2018,2019,2020,2021,2022,2023,2024,2025",False,v10,04fdc65,2026-08-05T00:54:23+00:00
18,153,11,"2015,2016,2017,2018,2019,2020,2021,2022,2023,2024,2025",False,v10,04fdc65,2026-08-05T00:54:23+00:00
18,154,11,"2015,2016,2017,2018,2019,2020,2021,2022,2023,2024,2025",False,v10,04fdc65,2026-08-05T00:54:23+00:00
18,155,11,"2015,2016,2017,2018,2019,2020,2021,2022,2023,2024,2025",False,v10,04fdc65,2026-08-05T00:54:23+00:00
22,151,11,"2015,2016,2017,2018,2019,2020,2021,2022,2023,2024,2025",False,v10,04fdc65,2026-08-05T00:54:23+00:00
22,152,11,"2015,2016,2017,2018,2019,2020,2021,2022,2023,2024,2025",False,v10,04fdc65,2026-08-05T00:54:23+00:00
18,159,11,"2015,2016,2017,2018,2019,2020,2021,2022,2023,2024,2025",False,v10,04fdc65,2026-08-05T00:54:23+00:00
18,160,11,"2015,2016,2017,2018,2019,2020,2021,2022,2023,2024,2025",False,v10,04fdc65,2026-08-05T00:54:23+00:00
18,161,11,"2015,2016,2017,2018,2019,2020,2021,2022,2023,2024,2025",False,v10,04fdc65,2026-08-05T00:54:23+00:00
18,152,11,"2015,2016,2017,2018,2019,2020,2021,2022,2023,2024,2025",False,v10,04fdc65,2026-08-05T00:54:23+00:00
18,45,11,"2015,2016,2017,2018,2019,2020,2021,2022,2023,2024,2025",False,v10,04fdc65,2026-08-05T00:54:23+00:00
18,44,11,"2015,2016,2017,2018,2019,2020,2021,2022,2023,2024,2025",False,v10,04fdc65,2026-08-05T00:54:23+00:00
22,176,11,"2015,2016,2017,2018,2019,2020,2021,2022,2023,2024,2025",False,v10,04fdc65,2026-08-05T00:54:23+00:00
22,175,11,"2015,2016,2017,2018,2019,2020,2021,2022,2023,2024,2025",False,v10,04fdc65,2026-08-05T00:54:23+00:00
22,174,11,"2015,2016,2017,2018,2019,2020,2021,2022,2023,2024,2025",False,v10,04fdc65,2026-08-05T00:54:23+00:00
22,173,11,"2015,2016,2017,2018,2019,2020,2021,2022,2023,2024,2025",False,v10,04fdc65,2026-08-05T00:54:23+00:00
22,172,11,"2015,2016,2017,2018,2019,2020,2021,2022,2023,2024,2025",False,v10,04fdc65,2026-08-05T00:54:23+00:00
18,51,11,"2015,2016,2017,2018,2019,2020,2021,2022,2023,2024,2025",False,v10,04fdc65,2026-08-05T00:54:23+00:00
18,50,11,"2015,2016,2017,2018,2019,2020,2021,2022,2023,2024,2025",False,v10,04fdc65,2026-08-05T00:54:23+00:00
18,49,11,"2015,2016,2017,2018,2019,2020,2021,2022,2023,2024,2025",False,v10,04fdc65,2026-08-05T00:54:23+00:00
18,48,11,"2015,2016,2017,2018,2019,2020,2021,2022,2023,2024,2025",False,v10,04fdc65,2026-08-05T00:54:23+00:00
22,168,11,"2015,2016,2017,2018,2019,2020,2021,2022,2023,2024,2025",False,v10,04fdc65,2026-08-05T00:54:23+00:00
22,193,11,"2015,2016,2017,2018,2019,2020,2021,2022,2023,2024,2025",False,v10,04fdc65,2026-08-05T00:54:23+00:00
22,194,11,"2015,2016,2017,2018,2019,2020,2021,2022,2023,2024,2025",False,v10,04fdc65,2026-08-05T00:54:23+00:00
22,195,11,"2015,2016,2017,2018,2019,2020,2021,2022,2023,2024,2025",False,v10,04fdc65,2026-08-05T00:54:23+00:00
17,205,11,"2015,2016,2017,2018,2019,2020,2021,2022,2023,2024,2025",False,v10,04fdc65,2026-08-05T00:54:23+00:00
17,206,11,"2015,2016,2017,2018,2019,2020,2021,2022,2023,2024,2025",False,v10,04fdc65,2026-08-05T00:54:23+00:00
17,207,11,"2015,2016,2017,2018,2019,2020,2021,2022,2023,2024,2025",False,v10,04fdc65,2026-08-05T00:54:23+00:00
17,208,11,"2015,2016,2017,2018,2019,2020,2021,2022,2023,2024,2025",False,v10,04fdc65,2026-08-05T00:54:23+00:00
17,194,11,"2015,2016,2017,2018,2019,2020,2021,2022,2023,2024,2025",False,v10,04fdc65,2026-08-05T00:54:23+00:00
17,195,11,"2015,2016,2017,2018,2019,2020,2021,2022,2023,2024,2025",False,v10,04fdc65,2026-08-05T00:54:23+00:00
17,196,11,"2015,2016,2017,2018,2019,2020,2021,2022,2023,2024,2025",False,v10,04fdc65,2026-08-05T00:54:23+00:00
18,39,11,"2015,2016,2017,2018,2019,2020,2021,2022,2023,2024,2025",False,v10,04fdc65,2026-08-05T00:54:23+00:00
18,40,11,"2015,2016,2017,2018,2019,2020,2021,2022,2023,2024,2025",False,v10,04fdc65,2026-08-05T00:54:23+00:00
18,41,11,"2015,2016,2017,2018,2019,2020,2021,2022,2023,2024,2025",False,v10,04fdc65,2026-08-05T00:54:23+00:00
18,42,11,"2015,2016,2017,2018,2019,2020,2021,2022,2023,2024,2025",False,v10,04fdc65,2026-08-05T00:54:23+00:00
18,43,11,"2015,2016,2017,2018,2019,2020,2021,2022,2023,2024,2025",False,v10,04fdc65,2026-08-05T00:54:23+00:00
17,209,11,"2015,2016,2017,2018,2019,2020,2021,2022,2023,2024,2025",False,v10,04fdc65,2026-08-05T00:54:23+00:00
22,167,11,"2015,2016,2017,2018,2019,2020,2021,2022,2023,2024,2025",False,v10,04fdc65,2026-08-05T00:54:23+00:00
22,74,11,"2015,2016,2017,2018,2019,2020,2021,2022,2023,2024,2025",False,v10,04fdc65,2026-08-05T00:54:23+00:00
19,78,11,"2015,2016,2017,2018,2019,2020,2021,2022,2023,2024,2025",False,v10,04fdc65,2026-08-05T00:54:23+00:00
19,77,11,"2015,2016,2017,2018,2019,2020,2021,2022,2023,2024,2025",False,v10,04fdc65,2026-08-05T00:54:23+00:00
19,76,11,"2015,2016,2017,2018,2019,2020,2021,2022,2023,2024,2025",False,v10,04fdc65,2026-08-05T00:54:23+00:00
19,75,11,"2015,2016,2017,2018,2019,2020,2021,2022,2023,2024,2025",False,v10,04fdc65,2026-08-05T00:54:23+00:00
19,74,11,"2015,2016,2017,2018,2019,2020,2021,2022,2023,2024,2025",False,v10,04fdc65,2026-08-05T00:54:23+00:00
19,73,11,"2015,2016,2017,2018,2019,2020,2021,2022,2023,2024,2025",False,v10,04fdc65,2026-08-05T00:54:23+00:00
22,66,11,"2015,2016,2017,2018,2019,2020,2021,2022,2023,2024,2025",False,v10,04fdc65,2026-08-05T00:54:23+00:00
22,75,11,"2015,2016,2017,2018,2019,2020,2021,2022,2023,2024,2025",False,v10,04fdc65,2026-08-05T00:54:23+00:00
22,59,11,"2015,2016,2017,2018,2019,2020,2021,2022,2023,2024,2025",False,v10,04fdc65,2026-08-05T00:54:23+00:00
22,58,11,"2015,2016,2017,2018,2019,2020,2021,2022,2023,2024,2025",False,v10,04fdc65,2026-08-05T00:54:23+00:00
22,73,11,"2015,2016,2017,2018,2019,2020,2021,2022,2023,2024,2025",False,v10,04fdc65,2026-08-05T00:54:23+00:00
22,72,11,"2015,2016,2017,2018,2019,2020,2021,2022,2023,2024,2025",False,v10,04fdc65,2026-08-05T00:54:23+00:00
22,71,11,"2015,2016,2017,2018,2019,2020,2021,2022,2023,2024,2025",False,v10,04fdc65,2026-08-05T00:54:23+00:00
18,46,11,"2015,2016,2017,2018,2019,2020,2021,2022,2023,2024,2025",False,v10,04fdc65,2026-08-05T00:54:23+00:00
22,181,11,"2015,2016,2017,2018,2019,2020,2021,2022,2023,2024,2025",False,v10,04fdc65,2026-08-05T00:54:23+00:00
22,182,11,"2015,2016,2017,2018,2019,2020,2021,2022,2023,2024,2025",False,v10,04fdc65,2026-08-05T00:54:23+00:00
22,183,11,"2015,2016,2017,2018,2019,2020,2021,2022,2023,2024,2025",False,v10,04fdc65,2026-08-05T00:54:23+00:00
22,184,11,"2015,2016,2017,2018,2019,2020,2021,2022,2023,2024,2025",False,v10,04fdc65,2026-08-05T00:54:23+00:00
22,169,11,"2015,2016,2017,2018,2019,2020,2021,2022,2023,2024,2025",False,v10,04fdc65,2026-08-05T00:54:23+00:00
22,170,11,"2015,2016,2017,2018,2019,2020,2021,2022,2023,2024,2025",False,v10,04fdc65,2026-08-05T00:54:23+00:00
22,171,11,"2015,2016,2017,2018,2019,2020,2021,2022,2023,2024,2025",False,v10,04fdc65,2026-08-05T00:54:23+00:00
22,70,11,"2015,2016,2017,2018,2019,2020,2021,2022,2023,2024,2025",False,v10,04fdc65,2026-08-05T00:54:23+00:00
22,61,11,"2015,2016,2017,2018,2019,2020,2021,2022,2023,2024,2025",False,v10,04fdc65,2026-08-05T00:54:23+00:00
22,62,11,"2015,2016,2017,2018,2019,2020,2021,2022,2023,2024,2025",False,v10,04fdc65,2026-08-05T00:54:23+00:00
22,63,11,"2015,2016,2017,2018,2019,2020,2021,2022,2023,2024,2025",False,v10,04fdc65,2026-08-05T00:54:23+00:00
22,64,11,"2015,2016,2017,2018,2019,2020,2021,2022,2023,2024,2025",False,v10,04fdc65,2026-08-05T00:54:23+00:00
22,65,11,"2015,2016,2017,2018,2019,2020,2021,2022,2023,2024,2025",False,v10,04fdc65,2026-08-05T00:54:23+00:00
19,168,11,"2015,2016,2017,2018,2019,2020,2021,2022,2023,2024,2025",False,v10,04fdc65,2026-08-05T00:54:23+00:00
19,169,11,"2015,2016,2017,2018,2019,2020,2021,2022,2023,2024,2025",False,v10,04fdc65,2026-08-05T00:54:23+00:00
22,69,11,"2015,2016,2017,2018,2019,2020,2021,2022,2023,2024,2025",False,v10,04fdc65,2026-08-05T00:54:23+00:00
22,60,11,"2015,2016,2017,2018,2019,2020,2021,2022,2023,2024,2025",False,v10,04fdc65,2026-08-05T00:54:23+00:00
35,185,11,"2015,2016,2017,2018,2019,2020,2021,2022,2023,2024,2025",False,v10,04fdc65,2026-08-05T00:54:23+00:00
35,184,11,"2015,2016,2017,2018,2019,2020,2021,2022,2023,2024,2025",False,v10,04fdc65,2026-08-05T00:54:23+00:00
35,183,11,"2015,2016,2017,2018,2019,2020,2021,2022,2023,2024,2025",False,v10,04fdc65,2026-08-05T00:54:23+00:00
35,182,11,"2015,2016,2017,2018,2019,2020,2021,2022,2023,2024,2025",False,v10,04fdc65,2026-08-05T00:54:23+00:00
36,180,11,"2015,2016,2017,2018,2019,2020,2021,2022,2023,2024,2025",False,v10,04fdc65,2026-08-05T00:54:23+00:00
35,178,11,"2015,2016,2017,2018,2019,2020,2021,2022,2023,2024,2025",False,v10,04fdc65,2026-08-05T00:54:23+00:00
35,177,11,"2015,2016,2017,2018,2019,2020,2021,2022,2023,2024,2025",False,v10,04fdc65,2026-08-05T00:54:23+00:00
35,176,11,"2015,2016,2017,2018,2019,2020,2021,2022,2023,2024,2025",False,v10,04fdc65,2026-08-05T00:54:23+00:00
35,189,11,"2015,2016,2017,2018,2019,2020,2021,2022,2023,2024,2025",False,v10,04fdc65,2026-08-05T00:54:23+00:00
35,188,11,"2015,2016,2017,2018,2019,2020,2021,2022,2023,2024,2025",False,v10,04fdc65,2026-08-05T00:54:23+00:00
35,187,11,"2015,2016,2017,2018,2019,2020,2021,2022,2023,2024,2025",False,v10,04fdc65,2026-08-05T00:54:23+00:00
35,186,11,"2015,2016,2017,2018,2019,2020,2021,2022,2023,2024,2025",False,v10,04fdc65,2026-08-05T00:54:23+00:00
34,191,11,"2015,2016,2017,2018,2019,2020,2021,2022,2023,2024,2025",False,v10,04fdc65,2026-08-05T00:54:23+00:00
5,193,11,"2015,2016,2017,2018,2019,2020,2021,2022,2023,2024,2025",False,v10,04fdc65,2026-08-05T00:54:23+00:00
5,192,11,"2015,2016,2017,2018,2019,2020,2021,2022,2023,2024,2025",False,v10,04fdc65,2026-08-05T00:54:23+00:00
18,167,11,"2015,2016,2017,2018,2019,2020,2021,2022,2023,2024,2025",False,v10,04fdc65,2026-08-05T00:54:23+00:00
19,53,11,"2015,2016,2017,2018,2019,2020,2021,2022,2023,2024,2025",False,v10,04fdc65,2026-08-05T00:54:23+00:00
19,54,11,"2015,2016,2017,2018,2019,2020,2021,2022,2023,2024,2025",False,v10,04fdc65,2026-08-05T00:54:23+00:00
21,82,11,"2015,2016,2017,2018,2019,2020,2021,2022,2023,2024,2025",False,v10,04fdc65,2026-08-05T00:54:23+00:00
21,182,11,"2015,2016,2017,2018,2019,2020,2021,2022,2023,2024,2025",False,v10,04fdc65,2026-08-05T00:54:23+00:00
21,183,11,"2015,2016,2017,2018,2019,2020,2021,2022,2023,2024,2025",False,v10,04fdc65,2026-08-05T00:54:23+00:00
21,143,11,"2015,2016,2017,2018,2019,2020,2021,2022,2023,2024,2025",False,v10,04fdc65,2026-08-05T00:54:23+00:00
21,144,11,"2015,2016,2017,2018,2019,2020,2021,2022,2023,2024,2025",False,v10,04fdc65,2026-08-05T00:54:23+00:00
5,191,11,"2015,2016,2017,2018,2019,2020,2021,2022,2023,2024,2025",False,v10,04fdc65,2026-08-05T00:54:23+00:00
21,146,11,"2015,2016,2017,2018,2019,2020,2021,2022,2023,2024,2025",False,v10,04fdc65,2026-08-05T00:54:23+00:00
21,171,11,"2015,2016,2017,2018,2019,2020,2021,2022,2023,2024,2025",False,v10,04fdc65,2026-08-05T00:54:23+00:00
21,148,11,"2015,2016,2017,2018,2019,2020,2021,2022,2023,2024,2025",False,v10,04fdc65,2026-08-05T00:54:23+00:00
21,149,11,"2015,2016,2017,2018,2019,2020,2021,2022,2023,2024,2025",False,v10,04fdc65,2026-08-05T00:54:23+00:00
21,78,11,"2015,2016,2017,2018,2019,2020,2021,2022,2023,2024,2025",False,v10,04fdc65,2026-08-05T00:54:23+00:00
35,179,11,"2015,2016,2017,2018,2019,2020,2021,2022,2023,2024,2025",False,v10,04fdc65,2026-08-05T00:54:23+00:00
35,180,11,"2015,2016,2017,2018,2019,2020,2021,2022,2023,2024,2025",False,v10,04fdc65,2026-08-05T00:54:23+00:00
35,181,11,"2015,2016,2017,2018,2019,2020,2021,2022,2023,2024,2025",False,v10,04fdc65,2026-08-05T00:54:23+00:00
21,145,11,"2015,2016,2017,2018,2019,2020,2021,2022,2023,2024,2025",False,v10,04fdc65,2026-08-05T00:54:23+00:00
21,69,11,"2015,2016,2017,2018,2019,2020,2021,2022,2023,2024,2025",False,v10,04fdc65,2026-08-05T00:54:23+00:00
21,65,11,"2015,2016,2017,2018,2019,2020,2021,2022,2023,2024,2025",False,v10,04fdc65,2026-08-05T00:54:23+00:00
21,64,11,"2015,2016,2017,2018,2019,2020,2021,2022,2023,2024,2025",False,v10,04fdc65,2026-08-05T00:54:23+00:00
21,63,11,"2015,2016,2017,2018,2019,2020,2021,2022,2023,2024,2025",False,v10,04fdc65,2026-08-05T00:54:23+00:00
21,62,11,"2015,2016,2017,2018,2019,2020,2021,2022,2023,2024,2025",False,v10,04fdc65,2026-08-05T00:54:23+00:00
21,77,11,"2015,2016,2017,2018,2019,2020,2021,2022,2023,2024,2025",False,v10,04fdc65,2026-08-05T00:54:23+00:00
21,76,11,"2015,2016,2017,2018,2019,2020,2021,2022,2023,2024,2025",False,v10,04fdc65,2026-08-05T00:54:23+00:00
21,46,11,"2015,2016,2017,2018,2019,2020,2021,2022,2023,2024,2025",False,v10,04fdc65,2026-08-05T00:54:23+00:00
21,61,11,"2015,2016,2017,2018,2019,2020,2021,2022,2023,2024,2025",False,v10,04fdc65,2026-08-05T00:54:23+00:00
21,60,11,"2015,2016,2017,2018,2019,2020,2021,2022,2023,2024,2025",False,v10,04fdc65,2026-08-05T00:54:23+00:00
21,59,11,"2015,2016,2017,2018,2019,2020,2021,2022,2023,2024,2025",False,v10,04fdc65,2026-08-05T00:54:23+00:00
21,58,11,"2015,2016,2017,2018,2019,2020,2021,2022,2023,2024,2025",False,v10,04fdc65,2026-08-05T00:54:23+00:00
21,57,11,"2015,2016,2017,2018,2019,2020,2021,2022,2023,2024,2025",False,v10,04fdc65,2026-08-05T00:54:23+00:00
21,56,11,"2015,2016,2017,2018,2019,2020,2021,2022,2023,2024,2025",False,v10,04fdc65,2026-08-05T00:54:23+00:00
21,55,11,"2015,2016,2017,2018,2019,2020,2021,2022,2023,2024,2025",False,v10,04fdc65,2026-08-05T00:54:23+00:00
36,185,11,"2015,2016,2017,2018,2019,2020,2021,2022,2023,2024,2025",False,v10,04fdc65,2026-08-05T00:54:23+00:00
19,47,11,"2015,2016,2017,2018,2019,2020,2021,2022,2023,2024,2025",False,v10,04fdc65,2026-08-05T00:54:23+00:00
21,168,11,"2015,2016,2017,2018,2019,2020,2021,2022,2023,2024,2025",False,v10,04fdc65,2026-08-05T00:54:23+00:00
21,151,11,"2015,2016,2017,2018,2019,2020,2021,2022,2023,2024,2025",False,v10,04fdc65,2026-08-05T00:54:23+00:00
21,152,11,"2015,2016,2017,2018,2019,2020,2021,2022,2023,2024,2025",False,v10,04fdc65,2026-08-05T00:54:23+00:00
21,153,11,"2015,2016,2017,2018,2019,2020,2021,2022,2023,2024,2025",False,v10,04fdc65,2026-08-05T00:54:23+00:00
21,154,11,"2015,2016,2017,2018,2019,2020,2021,2022,2023,2024,2025",False,v10,04fdc65,2026-08-05T00:54:23+00:00
21,155,11,"2015,2016,2017,2018,2019,2020,2021,2022,2023,2024,2025",False,v10,04fdc65,2026-08-05T00:54:23+00:00
21,150,11,"2015,2016,2017,2018,2019,2020,2021,2022,2023,2024,2025",False,v10,04fdc65,2026-08-05T00:54:23+00:00
21,169,11,"2015,2016,2017,2018,2019,2020,2021,2022,2023,2024,2025",False,v10,04fdc65,2026-08-05T00:54:23+00:00
21,47,11,"2015,2016,2017,2018,2019,2020,2021,2022,2023,2024,2025",False,v10,04fdc65,2026-08-05T00:54:23+00:00
21,48,11,"2015,2016,2017,2018,2019,2020,2021,2022,2023,2024,2025",False,v10,04fdc65,2026-08-05T00:54:23+00:00
21,49,11,"2015,2016,2017,2018,2019,2020,2021,2022,2023,2024,2025",False,v10,04fdc65,2026-08-05T00:54:23+00:00
21,50,11,"2015,2016,2017,2018,2019,2020,2021,2022,2023,2024,2025",False,v10,04fdc65,2026-08-05T00:54:23+00:00
21,51,11,"2015,2016,2017,2018,2019,2020,2021,2022,2023,2024,2025",False,v10,04fdc65,2026-08-05T00:54:23+00:00
21,52,11,"2015,2016,2017,2018,2019,2020,2021,2022,2023,2024,2025",False,v10,04fdc65,2026-08-05T00:54:23+00:00
21,53,11,"2015,2016,2017,2018,2019,2020,2021,2022,2023,2024,2025",False,v10,04fdc65,2026-08-05T00:54:23+00:00
21,156,11,"2015,2016,2017,2018,2019,2020,2021,2022,2023,2024,2025",False,v10,04fdc65,2026-08-05T00:54:23+00:00
19,60,11,"2015,2016,2017,2018,2019,2020,2021,2022,2023,2024,2025",False,v10,04fdc65,2026-08-05T00:54:23+00:00
19,59,11,"2015,2016,2017,2018,2019,2020,2021,2022,2023,2024,2025",False,v10,04fdc65,2026-08-05T00:54:23+00:00
19,58,11,"2015,2016,2017,2018,2019,2020,2021,2022,2023,2024,2025",False,v10,04fdc65,2026-08-05T00:54:23+00:00
19,57,11,"2015,2016,2017,2018,2019,2020,2021,2022,2023,2024,2025",False,v10,04fdc65,2026-08-05T00:54:23+00:00
19,56,11,"2015,2016,2017,2018,2019,2020,2021,2022,2023,2024,2025",False,v10,04fdc65,2026-08-05T00:54:23+00:00
19,55,11,"2015,2016,2017,2018,2019,2020,2021,2022,2023,2024,2025",False,v10,04fdc65,2026-08-05T00:54:23+00:00
18,206,11,"2015,2016,2017,2018,2019,2020,2021,2022,2023,2024,2025",False,v10,04fdc65,2026-08-05T00:54:23+00:00
18,205,11,"2015,2016,2017,2018,2019,2020,2021,2022,2023,2024,2025",False,v10,04fdc65,2026-08-05T00:54:23+00:00
18,191,11,"2015,2016,2017,2018,2019,2020,2021,2022,2023,2024,2025",False,v10,04fdc65,2026-08-05T00:54:23+00:00
18,142,11,"2015,2016,2017,2018,2019,2020,2021,2022,2023,2024,2025",False,v10,04fdc65,2026-08-05T00:54:23+00:00
18,141,11,"2015,2016,2017,2018,2019,2020,2021,2022,2023,2024,2025",False,v10,04fdc65,2026-08-05T00:54:23+00:00
18,140,11,"2015,2016,2017,2018,2019,2020,2021,2022,2023,2024,2025",False,v10,04fdc65,2026-08-05T00:54:23+00:00
18,139,11,"2015,2016,2017,2018,2019,2020,2021,2022,2023,2024,2025",False,v10,04fdc65,2026-08-05T00:54:23+00:00
18,150,11,"2015,2016,2017,2018,2019,2020,2021,2022,2023,2024,2025",False,v10,04fdc65,2026-08-05T00:54:23+00:00
18,149,11,"2015,2016,2017,2018,2019,2020,2021,2022,2023,2024,2025",False,v10,04fdc65,2026-08-05T00:54:23+00:00
18,184,11,"2015,2016,2017,2018,2019,2020,2021,2022,2023,2024,2025",False,v10,04fdc65,2026-08-05T00:54:23+00:00
18,185,11,"2015,2016,2017,2018,2019,2020,2021,2022,2023,2024,2025",False,v10,04fdc65,2026-08-05T00:54:23+00:00
18,186,11,"2015,2016,2017,2018,2019,2020,2021,2022,2023,2024,2025",False,v10,04fdc65,2026-08-05T00:54:23+00:00
18,187,11,"2015,2016,2017,2018,2019,2020,2021,2022,2023,2024,2025",False,v10,04fdc65,2026-08-05T00:54:23+00:00
18,188,11,"2015,2016,2017,2018,2019,2020,2021,2022,2023,2024,2025",False,v10,04fdc65,2026-08-05T00:54:23+00:00
18,189,11,"2015,2016,2017,2018,2019,2020,2021,2022,2023,2024,2025",False,v10,04fdc65,2026-08-05T00:54:23+00:00
18,190,11,"2015,2016,2017,2018,2019,2020,2021,2022,2023,2024,2025",False,v10,04fdc65,2026-08-05T00:54:23+00:00
18,148,11,"2015,2016,2017,2018,2019,2020,2021,2022,2023,2024,2025",False,v10,04fdc65,2026-08-05T00:54:23+00:00
18,192,11,"2015,2016,2017,2018,2019,2020,2021,2022,2023,2024,2025",False,v10,04fdc65,2026-08-05T00:54:23+00:00
18,193,11,"2015,2016,2017,2018,2019,2020,2021,2022,2023,2024,2025",False,v10,04fdc65,2026-08-05T00:54:23+00:00
18,194,11,"2015,2016,2017,2018,2019,2020,2021,2022,2023,2024,2025",False,v10,04fdc65,2026-08-05T00:54:23+00:00
18,195,11,"2015,2016,2017,2018,2019,2020,2021,2022,2023,2024,2025",False,v10,04fdc65,2026-08-05T00:54:23+00:00
18,196,11,"2015,2016,2017,2018,2019,2020,2021,2022,2023,2024,2025",False,v10,04fdc65,2026-08-05T00:54:23+00:00
18,197,11,"2015,2016,2017,2018,2019,2020,2021,2022,2023,2024,2025",False,v10,04fdc65,2026-08-05T00:54:23+00:00
18,198,11,"2015,2016,2017,2018,2019,2020,2021,2022,2023,2024,2025",False,v10,04fdc65,2026-08-05T00:54:23+00:00
18,183,11,"2015,2016,2017,2018,2019,2020,2021,2022,2023,2024,2025",False,v10,04fdc65,2026-08-05T00:54:23+00:00
18,175,11,"2015,2016,2017,2018,2019,2020,2021,2022,2023,2024,2025",False,v10,04fdc65,2026-08-05T00:54:23+00:00
18,171,11,"2015,2016,2017,2018,2019,2020,2021,2022,2023,2024,2025",False,v10,04fdc65,2026-08-05T00:54:23+00:00
18,172,11,"2015,2016,2017,2018,2019,2020,2021,2022,2023,2024,2025",False,v10,04fdc65,2026-08-05T00:54:23+00:00
18,173,11,"2015,2016,2017,2018,2019,2020,2021,2022,2023,2024,2025",False,v10,04fdc65,2026-08-05T00:54:23+00:00
18,174,11,"2015,2016,2017,2018,2019,2020,2021,2022,2023,2024,2025",False,v10,04fdc65,2026-08-05T00:54:23+00:00
18,229,11,"2015,2016,2017,2018,2019,2020,2021,2022,2023,2024,2025",False,v10,04fdc65,2026-08-05T00:54:23+00:00
19,140,11,"2015,2016,2017,2018,2019,2020,2021,2022,2023,2024,2025",False,v10,04fdc65,2026-08-05T00:54:23+00:00
19,141,11,"2015,2016,2017,2018,2019,2020,2021,2022,2023,2024,2025",False,v10,04fdc65,2026-08-05T00:54:23+00:00
18,213,11,"2015,2016,2017,2018,2019,2020,2021,2022,2023,2024,2025",False,v10,04fdc65,2026-08-05T00:54:23+00:00
19,143,11,"2015,2016,2017,2018,2019,2020,2021,2022,2023,2024,2025",False,v10,04fdc65,2026-08-05T00:54:23+00:00
19,79,11,"2015,2016,2017,2018,2019,2020,2021,2022,2023,2024,2025",False,v10,04fdc65,2026-08-05T00:54:23+00:00
19,71,11,"2015,2016,2017,2018,2019,2020,2021,2022,2023,2024,2025",False,v10,04fdc65,2026-08-05T00:54:23+00:00
19,72,11,"2015,2016,2017,2018,2019,2020,2021,2022,2023,2024,2025",False,v10,04fdc65,2026-08-05T00:54:23+00:00
19,45,11,"2015,2016,2017,2018,2019,2020,2021,2022,2023,2024,2025",False,v10,04fdc65,2026-08-05T00:54:23+00:00
19,46,11,"2015,2016,2017,2018,2019,2020,2021,2022,2023,2024,2025",False,v10,04fdc65,2026-08-05T00:54:23+00:00
19,142,11,"2015,2016,2017,2018,2019,2020,2021,2022,2023,2024,2025",False,v10,04fdc65,2026-08-05T00:54:23+00:00
18,214,11,"2015,2016,2017,2018,2019,2020,2021,2022,2023,2024,2025",False,v10,04fdc65,2026-08-05T00:54:23+00:00
18,199,11,"2015,2016,2017,2018,2019,2020,2021,2022,2023,2024,2025",False,v10,04fdc65,2026-08-05T00:54:23+00:00
18,200,11,"2015,2016,2017,2018,2019,2020,2021,2022,2023,2024,2025",False,v10,04fdc65,2026-08-05T00:54:23+00:00
18,201,11,"2015,2016,2017,2018,2019,2020,2021,2022,2023,2024,2025",False,v10,04fdc65,2026-08-05T00:54:23+00:00
18,202,11,"2015,2016,2017,2018,2019,2020,2021,2022,2023,2024,2025",False,v10,04fdc65,2026-08-05T00:54:23+00:00
18,203,11,"2015,2016,2017,2018,2019,2020,2021,2022,2023,2024,2025",False,v10,04fdc65,2026-08-05T00:54:23+00:00
18,204,11,"2015,2016,2017,2018,2019,2020,2021,2022,2023,2024,2025",False,v10,04fdc65,2026-08-05T00:54:23+00:00
18,170,11,"2015,2016,2017,2018,2019,2020,2021,2022,2023,2024,2025",False,v10,04fdc65,2026-08-05T00:54:23+00:00
18,207,11,"2015,2016,2017,2018,2019,2020,2021,2022,2023,2024,2025",False,v10,04fdc65,2026-08-05T00:54:23+00:00
18,208,11,"2015,2016,2017,2018,2019,2020,2021,2022,2023,2024,2025",False,v10,04fdc65,2026-08-05T00:54:23+00:00
18,209,11,"2015,2016,2017,2018,2019,2020,2021,2022,2023,2024,2025",False,v10,04fdc65,2026-08-05T00:54:23+00:00
18,210,11,"2015,2016,2017,2018,2019,2020,2021,2022,2023,2024,2025",False,v10,04fdc65,2026-08-05T00:54:23+00:00
18,211,11,"2015,2016,2017,2018,2019,2020,2021,2022,2023,2024,2025",False,v10,04fdc65,2026-08-05T00:54:23+00:00
18,212,11,"2015,2016,2017,2018,2019,2020,2021,2022,2023,2024,2025",False,v10,04fdc65,2026-08-05T00:54:23+00:00
18,168,11,"2015,2016,2017,2018,2019,2020,2021,2022,2023,2024,2025",False,v10,04fdc65,2026-08-05T00:54:23+00:00
18,169,11,"2015,2016,2017,2018,2019,2020,2021,2022,2023,2024,2025",False,v10,04fdc65,2026-08-05T00:54:23+00:00
18,230,11,"2015,2016,2017,2018,2019,2020,2021,2022,2023,2024,2025",False,v10,04fdc65,2026-08-05T00:54:23+00:00
23,57,11,"2015,2016,2017,2018,2019,2020,2021,2022,2023,2024,2025",False,v10,04fdc65,2026-08-05T00:54:23+00:00
23,56,11,"2015,2016,2017,2018,2019,2020,2021,2022,2023,2024,2025",False,v10,04fdc65,2026-08-05T00:54:23+00:00
23,55,11,"2015,2016,2017,2018,2019,2020,2021,2022,2023,2024,2025",False,v10,04fdc65,2026-08-05T00:54:23+00:00
23,54,11,"2015,2016,2017,2018,2019,2020,2021,2022,2023,2024,2025",False,v10,04fdc65,2026-08-05T00:54:23+00:00
23,53,11,"2015,2016,2017,2018,2019,2020,2021,2022,2023,2024,2025",False,v10,04fdc65,2026-08-05T00:54:23+00:00
23,52,11,"2015,2016,2017,2018,2019,2020,2021,2022,2023,2024,2025",False,v10,04fdc65,2026-08-05T00:54:23+00:00
23,67,11,"2015,2016,2017,2018,2019,2020,2021,2022,2023,2024,2025",False,v10,04fdc65,2026-08-05T00:54:23+00:00
23,50,11,"2015,2016,2017,2018,2019,2020,2021,2022,2023,2024,2025",False,v10,04fdc65,2026-08-05T00:54:23+00:00
23,49,11,"2015,2016,2017,2018,2019,2020,2021,2022,2023,2024,2025",False,v10,04fdc65,2026-08-05T00:54:23+00:00
23,48,11,"2015,2016,2017,2018,2019,2020,2021,2022,2023,2024,2025",False,v10,04fdc65,2026-08-05T00:54:23+00:00
23,47,11,"2015,2016,2017,2018,2019,2020,2021,2022,2023,2024,2025",False,v10,04fdc65,2026-08-05T00:54:23+00:00
23,46,11,"2015,2016,2017,2018,2019,2020,2021,2022,2023,2024,2025",False,v10,04fdc65,2026-08-05T00:54:23+00:00
23,45,11,"2015,2016,2017,2018,2019,2020,2021,2022,2023,2024,2025",False,v10,04fdc65,2026-08-05T00:54:23+00:00
23,59,11,"2015,2016,2017,2018,2019,2020,2021,2022,2023,2024,2025",False,v10,04fdc65,2026-08-05T00:54:23+00:00
17,201,11,"2015,2016,2017,2018,2019,2020,2021,2022,2023,2024,2025",False,v10,04fdc65,2026-08-05T00:54:23+00:00
16,144,11,"2015,2016,2017,2018,2019,2020,2021,2022,2023,2024,2025",False,v10,04fdc65,2026-08-05T00:54:23+00:00
16,197,11,"2015,2016,2017,2018,2019,2020,2021,2022,2023,2024,2025",False,v10,04fdc65,2026-08-05T00:54:23+00:00
16,182,11,"2015,2016,2017,2018,2019,2020,2021,2022,2023,2024,2025",False,v10,04fdc65,2026-08-05T00:54:23+00:00
16,183,11,"2015,2016,2017,2018,2019,2020,2021,2022,2023,2024,2025",False,v10,04fdc65,2026-08-05T00:54:23+00:00
16,184,11,"2015,2016,2017,2018,2019,2020,2021,2022,2023,2024,2025",False,v10,04fdc65,2026-08-05T00:54:23+00:00
16,185,11,"2015,2016,2017,2018,2019,2020,2021,2022,2023,2024,2025",False,v10,04fdc65,2026-08-05T00:54:23+00:00
16,186,11,"2015,2016,2017,2018,2019,2020,2021,2022,2023,2024,2025",False,v10,04fdc65,2026-08-05T00:54:23+00:00
16,196,11,"2015,2016,2017,2018,2019,2020,2021,2022,2023,2024,2025",False,v10,04fdc65,2026-08-05T00:54:23+00:00
16,188,11,"2015,2016,2017,2018,2019,2020,2021,2022,2023,2024,2025",False,v10,04fdc65,2026-08-05T00:54:23+00:00
23,51,11,"2015,2016,2017,2018,2019,2020,2021,2022,2023,2024,2025",False,v10,04fdc65,2026-08-05T00:54:23+00:00
16,190,11,"2015,2016,2017,2018,2019,2020,2021,2022,2023,2024,2025",False,v10,04fdc65,2026-08-05T00:54:23+00:00
16,191,11,"2015,2016,2017,2018,2019,2020,2021,2022,2023,2024,2025",False,v10,04fdc65,2026-08-05T00:54:23+00:00
16,192,11,"2015,2016,2017,2018,2019,2020,2021,2022,2023,2024,2025",False,v10,04fdc65,2026-08-05T00:54:23+00:00
16,193,11,"2015,2016,2017,2018,2019,2020,2021,2022,2023,2024,2025",False,v10,04fdc65,2026-08-05T00:54:23+00:00
16,194,11,"2015,2016,2017,2018,2019,2020,2021,2022,2023,2024,2025",False,v10,04fdc65,2026-08-05T00:54:23+00:00
16,195,11,"2015,2016,2017,2018,2019,2020,2021,2022,2023,2024,2025",False,v10,04fdc65,2026-08-05T00:54:23+00:00
16,187,11,"2015,2016,2017,2018,2019,2020,2021,2022,2023,2024,2025",False,v10,04fdc65,2026-08-05T00:54:23+00:00
17,72,11,"2015,2016,2017,2018,2019,2020,2021,2022,2023,2024,2025",False,v10,04fdc65,2026-08-05T00:54:23+00:00
17,71,11,"2015,2016,2017,2018,2019,2020,2021,2022,2023,2024,2025",False,v10,04fdc65,2026-08-05T00:54:23+00:00
16,180,11,"2015,2016,2017,2018,2019,2020,2021,2022,2023,2024,2025",False,v10,04fdc65,2026-08-05T00:54:23+00:00
16,179,11,"2015,2016,2017,2018,2019,2020,2021,2022,2023,2024,2025",False,v10,04fdc65,2026-08-05T00:54:23+00:00
16,178,11,"2015,2016,2017,2018,2019,2020,2021,2022,2023,2024,2025",False,v10,04fdc65,2026-08-05T00:54:23+00:00
16,177,11,"2015,2016,2017,2018,2019,2020,2021,2022,2023,2024,2025",False,v10,04fdc65,2026-08-05T00:54:23+00:00
16,176,11,"2015,2016,2017,2018,2019,2020,2021,2022,2023,2024,2025",False,v10,04fdc65,2026-08-05T00:54:23+00:00
16,175,11,"2015,2016,2017,2018,2019,2020,2021,2022,2023,2024,2025",False,v10,04fdc65,2026-08-05T00:54:23+00:00
16,174,11,"2015,2016,2017,2018,2019,2020,2021,2022,2023,2024,2025",False,v10,04fdc65,2026-08-05T00:54:23+00:00
16,189,11,"2015,2016,2017,2018,2019,2020,2021,2022,2023,2024,2025",False,v10,04fdc65,2026-08-05T00:54:23+00:00
16,172,11,"2015,2016,2017,2018,2019,2020,2021,2022,2023,2024,2025",False,v10,04fdc65,2026-08-05T00:54:23+00:00
16,171,11,"2015,2016,2017,2018,2019,2020,2021,2022,2023,2024,2025",False,v10,04fdc65,2026-08-05T00:54:23+00:00
16,170,11,"2015,2016,2017,2018,2019,2020,2021,2022,2023,2024,2025",False,v10,04fdc65,2026-08-05T00:54:23+00:00
16,169,11,"2015,2016,2017,2018,2019,2020,2021,2022,2023,2024,2025",False,v10,04fdc65,2026-08-05T00:54:23+00:00
16,168,11,"2015,2016,2017,2018,2019,2020,2021,2022,2023,2024,2025",False,v10,04fdc65,2026-08-05T00:54:23+00:00
23,58,11,"2015,2016,2017,2018,2019,2020,2021,2022,2023,2024,2025",False,v10,04fdc65,2026-08-05T00:54:23+00:00
16,207,11,"2015,2016,2017,2018,2019,2020,2021,2022,2023,2024,2025",False,v10,04fdc65,2026-08-05T00:54:23+00:00
16,208,11,"2015,2016,2017,2018,2019,2020,2021,2022,2023,2024,2025",False,v10,04fdc65,2026-08-05T00:54:23+00:00
16,209,11,"2015,2016,2017,2018,2019,2020,2021,2022,2023,2024,2025",False,v10,04fdc65,2026-08-05T00:54:23+00:00
16,210,11,"2015,2016,2017,2018,2019,2020,2021,2022,2023,2024,2025",False,v10,04fdc65,2026-08-05T00:54:23+00:00
16,211,11,"2015,2016,2017,2018,2019,2020,2021,2022,2023,2024,2025",False,v10,04fdc65,2026-08-05T00:54:23+00:00
16,212,11,"2015,2016,2017,2018,2019,2020,2021,2022,2023,2024,2025",False,v10,04fdc65,2026-08-05T00:54:23+00:00
16,213,11,"2015,2016,2017,2018,2019,2020,2021,2022,2023,2024,2025",False,v10,04fdc65,2026-08-05T00:54:23+00:00
16,167,11,"2015,2016,2017,2018,2019,2020,2021,2022,2023,2024,2025",False,v10,04fdc65,2026-08-05T00:54:23+00:00
16,173,11,"2015,2016,2017,2018,2019,2020,2021,2022,2023,2024,2025",False,v10,04fdc65,2026-08-05T00:54:23+00:00
16,214,11,"2015,2016,2017,2018,2019,2020,2021,2022,2023,2024,2025",False,v10,04fdc65,2026-08-05T00:54:23+00:00
16,215,11,"2015,2016,2017,2018,2019,2020,2021,2022,2023,2024,2025",False,v10,04fdc65,2026-08-05T00:54:23+00:00
16,216,11,"2015,2016,2017,2018,2019,2020,2021,2022,2023,2024,2025",False,v10,04fdc65,2026-08-05T00:54:23+00:00
16,217,11,"2015,2016,2017,2018,2019,2020,2021,2022,2023,2024,2025",False,v10,04fdc65,2026-08-05T00:54:23+00:00
16,206,11,"2015,2016,2017,2018,2019,2020,2021,2022,2023,2024,2025",False,v10,04fdc65,2026-08-05T00:54:23+00:00
16,181,11,"2015,2016,2017,2018,2019,2020,2021,2022,2023,2024,2025",False,v10,04fdc65,2026-08-05T00:54:23+00:00
16,166,11,"2015,2016,2017,2018,2019,2020,2021,2022,2023,2024,2025",False,v10,04fdc65,2026-08-05T00:54:23+00:00
16,198,11,"2015,2016,2017,2018,2019,2020,2021,2022,2023,2024,2025",False,v10,04fdc65,2026-08-05T00:54:23+00:00
16,159,11,"2015,2016,2017,2018,2019,2020,2021,2022,2023,2024,2025",False,v10,04fdc65,2026-08-05T00:54:23+00:00
16,158,11,"2015,2016,2017,2018,2019,2020,2021,2022,2023,2024,2025",False,v10,04fdc65,2026-08-05T00:54:23+00:00
16,55,11,"2015,2016,2017,2018,2019,2020,2021,2022,2023,2024,2025",False,v10,04fdc65,2026-08-05T00:54:23+00:00
16,54,11,"2015,2016,2017,2018,2019,2020,2021,2022,2023,2024,2025",False,v10,04fdc65,2026-08-05T00:54:23+00:00
16,53,11,"2015,2016,2017,2018,2019,2020,2021,2022,2023,2024,2025",False,v10,04fdc65,2026-08-05T00:54:23+00:00
16,52,11,"2015,2016,2017,2018,2019,2020,2021,2022,2023,2024,2025",False,v10,04fdc65,2026-08-05T00:54:23+00:00
16,51,11,"2015,2016,2017,2018,2019,2020,2021,2022,2023,2024,2025",False,v10,04fdc65,2026-08-05T00:54:23+00:00
16,151,11,"2015,2016,2017,2018,2019,2020,2021,2022,2023,2024,2025",False,v10,04fdc65,2026-08-05T00:54:23+00:00
16,150,11,"2015,2016,2017,2018,2019,2020,2021,2022,2023,2024,2025",False,v10,04fdc65,2026-08-05T00:54:23+00:00
16,165,11,"2015,2016,2017,2018,2019,2020,2021,2022,2023,2024,2025",False,v10,04fdc65,2026-08-05T00:54:23+00:00
16,164,11,"2015,2016,2017,2018,2019,2020,2021,2022,2023,2024,2025",False,v10,04fdc65,2026-08-05T00:54:23+00:00
16,163,11,"2015,2016,2017,2018,2019,2020,2021,2022,2023,2024,2025",False,v10,04fdc65,2026-08-05T00:54:23+00:00
16,162,11,"2015,2016,2017,2018,2019,2020,2021,2022,2023,2024,2025",False,v10,04fdc65,2026-08-05T00:54:23+00:00
16,161,11,"2015,2016,2017,2018,2019,2020,2021,2022,2023,2024,2025",False,v10,04fdc65,2026-08-05T00:54:23+00:00
23,168,11,"2015,2016,2017,2018,2019,2020,2021,2022,2023,2024,2025",False,v10,04fdc65,2026-08-05T00:54:23+00:00
16,143,11,"2015,2016,2017,2018,2019,2020,2021,2022,2023,2024,2025",False,v10,04fdc65,2026-08-05T00:54:23+00:00
21,147,11,"2015,2016,2017,2018,2019,2020,2021,2022,2023,2024,2025",False,v10,04fdc65,2026-08-05T00:54:23+00:00
16,47,11,"2015,2016,2017,2018,2019,2020,2021,2022,2023,2024,2025",False,v10,04fdc65,2026-08-05T00:54:23+00:00
23,153,11,"2015,2016,2017,2018,2019,2020,2021,2022,2023,2024,2025",False,v10,04fdc65,2026-08-05T00:54:23+00:00
23,154,11,"2015,2016,2017,2018,2019,2020,2021,2022,2023,2024,2025",False,v10,04fdc65,2026-08-05T00:54:23+00:00
23,155,11,"2015,2016,2017,2018,2019,2020,2021,2022,2023,2024,2025",False,v10,04fdc65,2026-08-05T00:54:23+00:00
23,156,11,"2015,2016,2017,2018,2019,2020,2021,2022,2023,2024,2025",False,v10,04fdc65,2026-08-05T00:54:23+00:00
23,157,11,"2015,2016,2017,2018,2019,2020,2021,2022,2023,2024,2025",False,v10,04fdc65,2026-08-05T00:54:23+00:00
23,167,11,"2015,2016,2017,2018,2019,2020,2021,2022,2023,2024,2025",False,v10,04fdc65,2026-08-05T00:54:23+00:00
23,159,11,"2015,2016,2017,2018,2019,2020,2021,2022,2023,2024,2025",False,v10,04fdc65,2026-08-05T00:54:23+00:00
23,160,11,"2015,2016,2017,2018,2019,2020,2021,2022,2023,2024,2025",False,v10,04fdc65,2026-08-05T00:54:23+00:00
23,161,11,"2015,2016,2017,2018,2019,2020,2021,2022,2023,2024,2025",False,v10,04fdc65,2026-08-05T00:54:23+00:00
23,162,11,"2015,2016,2017,2018,2019,2020,2021,2022,2023,2024,2025",False,v10,04fdc65,2026-08-05T00:54:23+00:00
23,163,11,"2015,2016,2017,2018,2019,2020,2021,2022,2023,2024,2025",False,v10,04fdc65,2026-08-05T00:54:23+00:00
23,164,11,"2015,2016,2017,2018,2019,2020,2021,2022,2023,2024,2025",False,v10,04fdc65,2026-08-05T00:54:23+00:00
23,165,11,"2015,2016,2017,2018,2019,2020,2021,2022,2023,2024,2025",False,v10,04fdc65,2026-08-05T00:54:23+00:00
23,166,11,"2015,2016,2017,2018,2019,2020,2021,2022,2023,2024,2025",False,v10,04fdc65,2026-08-05T00:54:23+00:00
23,158,11,"2015,2016,2017,2018,2019,2020,2021,2022,2023,2024,2025",False,v10,04fdc65,2026-08-05T00:54:23+00:00
23,68,11,"2015,2016,2017,2018,2019,2020,2021,2022,2023,2024,2025",False,v10,04fdc65,2026-08-05T00:54:23+00:00
23,69,11,"2015,2016,2017,2018,2019,2020,2021,2022,2023,2024,2025",False,v10,04fdc65,2026-08-05T00:54:23+00:00
23,70,11,"2015,2016,2017,2018,2019,2020,2021,2022,2023,2024,2025",False,v10,04fdc65,2026-08-05T00:54:23+00:00
23,71,11,"2015,2016,2017,2018,2019,2020,2021,2022,2023,2024,2025",False,v10,04fdc65,2026-08-05T00:54:23+00:00
23,72,11,"2015,2016,2017,2018,2019,2020,2021,2022,2023,2024,2025",False,v10,04fdc65,2026-08-05T00:54:23+00:00
23,73,11,"2015,2016,2017,2018,2019,2020,2021,2022,2023,2024,2025",False,v10,04fdc65,2026-08-05T00:54:23+00:00
16,145,11,"2015,2016,2017,2018,2019,2020,2021,2022,2023,2024,2025",False,v10,04fdc65,2026-08-05T00:54:23+00:00
16,160,11,"2015,2016,2017,2018,2019,2020,2021,2022,2023,2024,2025",False,v10,04fdc65,2026-08-05T00:54:23+00:00
16,147,11,"2015,2016,2017,2018,2019,2020,2021,2022,2023,2024,2025",False,v10,04fdc65,2026-08-05T00:54:23+00:00
16,148,11,"2015,2016,2017,2018,2019,2020,2021,2022,2023,2024,2025",False,v10,04fdc65,2026-08-05T00:54:23+00:00
16,149,11,"2015,2016,2017,2018,2019,2020,2021,2022,2023,2024,2025",False,v10,04fdc65,2026-08-05T00:54:23+00:00
16,153,11,"2015,2016,2017,2018,2019,2020,2021,2022,2023,2024,2025",False,v10,04fdc65,2026-08-05T00:54:23+00:00
16,154,11,"2015,2016,2017,2018,2019,2020,2021,2022,2023,2024,2025",False,v10,04fdc65,2026-08-05T00:54:23+00:00
16,155,11,"2015,2016,2017,2018,2019,2020,2021,2022,2023,2024,2025",False,v10,04fdc65,2026-08-05T00:54:23+00:00
16,156,11,"2015,2016,2017,2018,2019,2020,2021,2022,2023,2024,2025",False,v10,04fdc65,2026-08-05T00:54:23+00:00
16,157,11,"2015,2016,2017,2018,2019,2020,2021,2022,2023,2024,2025",False,v10,04fdc65,2026-08-05T00:54:23+00:00
16,146,11,"2015,2016,2017,2018,2019,2020,2021,2022,2023,2024,2025",False,v10,04fdc65,2026-08-05T00:54:23+00:00
16,56,11,"2015,2016,2017,2018,2019,2020,2021,2022,2023,2024,2025",False,v10,04fdc65,2026-08-05T00:54:23+00:00
16,70,11,"2015,2016,2017,2018,2019,2020,2021,2022,2023,2024,2025",False,v10,04fdc65,2026-08-05T00:54:23+00:00
16,72,11,"2015,2016,2017,2018,2019,2020,2021,2022,2023,2024,2025",False,v10,04fdc65,2026-08-05T00:54:23+00:00
16,48,11,"2015,2016,2017,2018,2019,2020,2021,2022,2023,2024,2025",False,v10,04fdc65,2026-08-05T00:54:23+00:00
16,49,11,"2015,2016,2017,2018,2019,2020,2021,2022,2023,2024,2025",False,v10,04fdc65,2026-08-05T00:54:23+00:00
16,50,11,"2015,2016,2017,2018,2019,2020,2021,2022,2023,2024,2025",False,v10,04fdc65,2026-08-05T00:54:23+00:00
23,152,11,"2015,2016,2017,2018,2019,2020,2021,2022,2023,2024,2025",False,v10,04fdc65,2026-08-05T00:54:23+00:00
23,74,11,"2015,2016,2017,2018,2019,2020,2021,2022,2023,2024,2025",False,v10,04fdc65,2026-08-05T00:54:23+00:00
23,60,11,"2015,2016,2017,2018,2019,2020,2021,2022,2023,2024,2025",False,v10,04fdc65,2026-08-05T00:54:23+00:00
23,61,11,"2015,2016,2017,2018,2019,2020,2021,2022,2023,2024,2025",False,v10,04fdc65,2026-08-05T00:54:23+00:00
23,62,11,"2015,2016,2017,2018,2019,2020,2021,2022,2023,2024,2025",False,v10,04fdc65,2026-08-05T00:54:23+00:00
23,63,11,"2015,2016,2017,2018,2019,2020,2021,2022,2023,2024,2025",False,v10,04fdc65,2026-08-05T00:54:23+00:00
23,64,11,"2015,2016,2017,2018,2019,2020,2021,2022,2023,2024,2025",False,v10,04fdc65,2026-08-05T00:54:23+00:00
23,65,11,"2015,2016,2017,2018,2019,2020,2021,2022,2023,2024,2025",False,v10,04fdc65,2026-08-05T00:54:23+00:00
23,66,11,"2015,2016,2017,2018,2019,2020,2021,2022,2023,2024,2025",False,v10,04fdc65,2026-08-05T00:54:23+00:00
16,16,11,"2015,2016,2017,2018,2019,2020,2021,2022,2023,2024,2025",False,v10,04fdc65,2026-08-05T00:54:23+00:00
17,176,11,"2015,2016,2017,2018,2019,2020,2021,2022,2023,2024,2025",False,v10,04fdc65,2026-08-05T00:54:23+00:00
17,175,11,"2015,2016,2017,2018,2019,2020,2021,2022,2023,2024,2025",False,v10,04fdc65,2026-08-05T00:54:23+00:00
17,174,11,"2015,2016,2017,2018,2019,2020,2021,2022,2023,2024,2025",False,v10,04fdc65,2026-08-05T00:54:23+00:00
17,211,11,"2015,2016,2017,2018,2019,2020,2021,2022,2023,2024,2025",False,v10,04fdc65,2026-08-05T00:54:23+00:00
17,210,11,"2015,2016,2017,2018,2019,2020,2021,2022,2023,2024,2025",False,v10,04fdc65,2026-08-05T00:54:23+00:00
17,169,11,"2015,2016,2017,2018,2019,2020,2021,2022,2023,2024,2025",False,v10,04fdc65,2026-08-05T00:54:23+00:00
17,168,11,"2015,2016,2017,2018,2019,2020,2021,2022,2023,2024,2025",False,v10,04fdc65,2026-08-05T00:54:23+00:00
17,167,11,"2015,2016,2017,2018,2019,2020,2021,2022,2023,2024,2025",False,v10,04fdc65,2026-08-05T00:54:23+00:00
17,166,11,"2015,2016,2017,2018,2019,2020,2021,2022,2023,2024,2025",False,v10,04fdc65,2026-08-05T00:54:23+00:00
17,204,11,"2015,2016,2017,2018,2019,2020,2021,2022,2023,2024,2025",False,v10,04fdc65,2026-08-05T00:54:23+00:00
17,203,11,"2015,2016,2017,2018,2019,2020,2021,2022,2023,2024,2025",False,v10,04fdc65,2026-08-05T00:54:23+00:00
17,202,11,"2015,2016,2017,2018,2019,2020,2021,2022,2023,2024,2025",False,v10,04fdc65,2026-08-05T00:54:23+00:00
17,215,11,"2015,2016,2017,2018,2019,2020,2021,2022,2023,2024,2025",False,v10,04fdc65,2026-08-05T00:54:23+00:00
17,214,11,"2015,2016,2017,2018,2019,2020,2021,2022,2023,2024,2025",False,v10,04fdc65,2026-08-05T00:54:23+00:00
17,213,11,"2015,2016,2017,2018,2019,2020,2021,2022,2023,2024,2025",False,v10,04fdc65,2026-08-05T00:54:23+00:00
17,73,11,"2015,2016,2017,2018,2019,2020,2021,2022,2023,2024,2025",False,v10,04fdc65,2026-08-05T00:54:23+00:00
17,149,11,"2015,2016,2017,2018,2019,2020,2021,2022,2023,2024,2025",False,v10,04fdc65,2026-08-05T00:54:23+00:00
17,150,11,"2015,2016,2017,2018,2019,2020,2021,2022,2023,2024,2025",False,v10,04fdc65,2026-08-05T00:54:23+00:00
17,151,11,"2015,2016,2017,2018,2019,2020,2021,2022,2023,2024,2025",False,v10,04fdc65,2026-08-05T00:54:23+00:00
17,152,11,"2015,2016,2017,2018,2019,2020,2021,2022,2023,2024,2025",False,v10,04fdc65,2026-08-05T00:54:23+00:00
17,153,11,"2015,2016,2017,2018,2019,2020,2021,2022,2023,2024,2025",False,v10,04fdc65,2026-08-05T00:54:23+00:00
17,139,11,"2015,2016,2017,2018,2019,2020,2021,2022,2023,2024,2025",False,v10,04fdc65,2026-08-05T00:54:23+00:00
17,140,11,"2015,2016,2017,2018,2019,2020,2021,2022,2023,2024,2025",False,v10,04fdc65,2026-08-05T00:54:23+00:00
17,212,11,"2015,2016,2017,2018,2019,2020,2021,2022,2023,2024,2025",False,v10,04fdc65,2026-08-05T00:54:23+00:00
17,157,11,"2015,2016,2017,2018,2019,2020,2021,2022,2023,2024,2025",False,v10,04fdc65,2026-08-05T00:54:23+00:00
17,158,11,"2015,2016,2017,2018,2019,2020,2021,2022,2023,2024,2025",False,v10,04fdc65,2026-08-05T00:54:23+00:00
17,159,11,"2015,2016,2017,2018,2019,2020,2021,2022,2023,2024,2025",False,v10,04fdc65,2026-08-05T00:54:23+00:00
17,160,11,"2015,2016,2017,2018,2019,2020,2021,2022,2023,2024,2025",False,v10,04fdc65,2026-08-05T00:54:23+00:00
17,161,11,"2015,2016,2017,2018,2019,2020,2021,2022,2023,2024,2025",False,v10,04fdc65,2026-08-05T00:54:23+00:00
17,146,11,"2015,2016,2017,2018,2019,2020,2021,2022,2023,2024,2025",False,v10,04fdc65,2026-08-05T00:54:23+00:00
17,147,11,"2015,2016,2017,2018,2019,2020,2021,2022,2023,2024,2025",False,v10,04fdc65,2026-08-05T00:54:23+00:00
17,148,11,"2015,2016,2017,2018,2019,2020,2021,2022,2023,2024,2025",False,v10,04fdc65,2026-08-05T00:54:23+00:00
17,141,11,"2015,2016,2017,2018,2019,2020,2021,2022,2023,2024,2025",False,v10,04fdc65,2026-08-05T00:54:23+00:00
17,200,11,"2015,2016,2017,2018,2019,2020,2021,2022,2023,2024,2025",False,v10,04fdc65,2026-08-05T00:54:23+00:00
17,199,11,"2015,2016,2017,2018,2019,2020,2021,2022,2023,2024,2025",False,v10,04fdc65,2026-08-05T00:54:23+00:00
17,198,11,"2015,2016,2017,2018,2019,2020,2021,2022,2023,2024,2025",False,v10,04fdc65,2026-08-05T00:54:23+00:00
17,197,11,"2015,2016,2017,2018,2019,2020,2021,2022,2023,2024,2025",False,v10,04fdc65,2026-08-05T00:54:23+00:00
22,187,11,"2015,2016,2017,2018,2019,2020,2021,2022,2023,2024,2025",False,v10,04fdc65,2026-08-05T00:54:23+00:00
22,186,11,"2015,2016,2017,2018,2019,2020,2021,2022,2023,2024,2025",False,v10,04fdc65,2026-08-05T00:54:23+00:00
22,185,11,"2015,2016,2017,2018,2019,2020,2021,2022,2023,2024,2025",False,v10,04fdc65,2026-08-05T00:54:23+00:00
22,200,11,"2015,2016,2017,2018,2019,2020,2021,2022,2023,2024,2025",False,v10,04fdc65,2026-08-05T00:54:23+00:00
22,199,11,"2015,2016,2017,2018,2019,2020,2021,2022,2023,2024,2025",False,v10,04fdc65,2026-08-05T00:54:23+00:00
22,198,11,"2015,2016,2017,2018,2019,2020,2021,2022,2023,2024,2025",False,v10,04fdc65,2026-08-05T00:54:23+00:00
22,197,11,"2015,2016,2017,2018,2019,2020,2021,2022,2023,2024,2025",False,v10,04fdc65,2026-08-05T00:54:23+00:00
22,196,11,"2015,2016,2017,2018,2019,2020,2021,2022,2023,2024,2025",False,v10,04fdc65,2026-08-05T00:54:23+00:00
22,179,11,"2015,2016,2017,2018,2019,2020,2021,2022,2023,2024,2025",False,v10,04fdc65,2026-08-05T00:54:23+00:00
22,178,11,"2015,2016,2017,2018,2019,2020,2021,2022,2023,2024,2025",False,v10,04fdc65,2026-08-05T00:54:23+00:00
22,177,11,"2015,2016,2017,2018,2019,2020,2021,2022,2023,2024,2025",False,v10,04fdc65,2026-08-05T00:54:23+00:00
17,177,11,"2015,2016,2017,2018,2019,2020,2021,2022,2023,2024,2025",False,v10,04fdc65,2026-08-05T00:54:23+00:00
17,162,11,"2015,2016,2017,2018,2019,2020,2021,2022,2023,2024,2025",False,v10,04fdc65,2026-08-05T00:54:23+00:00
17,163,11,"2015,2016,2017,2018,2019,2020,2021,2022,2023,2024,2025",False,v10,04fdc65,2026-08-05T00:54:23+00:00
17,164,11,"2015,2016,2017,2018,2019,2020,2021,2022,2023,2024,2025",False,v10,04fdc65,2026-08-05T00:54:23+00:00
17,165,11,"2015,2016,2017,2018,2019,2020,2021,2022,2023,2024,2025",False,v10,04fdc65,2026-08-05T00:54:23+00:00
17,182,11,"2015,2016,2017,2018,2019,2020,2021,2022,2023,2024,2025",False,v10,04fdc65,2026-08-05T00:54:23+00:00
17,183,11,"2015,2016,2017,2018,2019,2020,2021,2022,2023,2024,2025",False,v10,04fdc65,2026-08-05T00:54:23+00:00
17,184,11,"2015,2016,2017,2018,2019,2020,2021,2022,2023,2024,2025",False,v10,04fdc65,2026-08-05T00:54:23+00:00
22,192,11,"2015,2016,2017,2018,2019,2020,2021,2022,2023,2024,2025",False,v10,04fdc65,2026-08-05T00:54:23+00:00
17,170,11,"2015,2016,2017,2018,2019,2020,2021,2022,2023,2024,2025",False,v10,04fdc65,2026-08-05T00:54:23+00:00
17,171,11,"2015,2016,2017,2018,2019,2020,2021,2022,2023,2024,2025",False,v10,04fdc65,2026-08-05T00:54:23+00:00
17,172,11,"2015,2016,2017,2018,2019,2020,2021,2022,2023,2024,2025",False,v10,04fdc65,2026-08-05T00:54:23+00:00
17,173,11,"2015,2016,2017,2018,2019,2020,2021,2022,2023,2024,2025",False,v10,04fdc65,2026-08-05T00:54:23+00:00
22,188,11,"2015,2016,2017,2018,2019,2020,2021,2022,2023,2024,2025",False,v10,04fdc65,2026-08-05T00:54:23+00:00
22,189,11,"2015,2016,2017,2018,2019,2020,2021,2022,2023,2024,2025",False,v10,04fdc65,2026-08-05T00:54:23+00:00
22,190,11,"2015,2016,2017,2018,2019,2020,2021,2022,2023,2024,2025",False,v10,04fdc65,2026-08-05T00:54:23+00:00
22,191,11,"2015,2016,2017,2018,2019,2020,2021,2022,2023,2024,2025",False,v10,04fdc65,2026-08-05T00:54:23+00:00
17,185,11,"2015,2016,2017,2018,2019,2020,2021,2022,2023,2024,2025",False,v10,04fdc65,2026-08-05T00:54:23+00:00
17,156,11,"2015,2016,2017,2018,2019,2020,2021,2022,2023,2024,2025",False,v10,04fdc65,2026-08-05T00:54:23+00:00
17,155,11,"2015,2016,2017,2018,2019,2020,2021,2022,2023,2024,2025",False,v10,04fdc65,2026-08-05T00:54:23+00:00
17,154,11,"2015,2016,2017,2018,2019,2020,2021,2022,2023,2024,2025",False,v10,04fdc65,2026-08-05T00:54:23+00:00
22,208,11,"2015,2016,2017,2018,2019,2020,2021,2022,2023,2024,2025",False,v10,04fdc65,2026-08-05T00:54:23+00:00
22,207,11,"2015,2016,2017,2018,2019,2020,2021,2022,2023,2024,2025",False,v10,04fdc65,2026-08-05T00:54:23+00:00
22,206,11,"2015,2016,2017,2018,2019,2020,2021,2022,2023,2024,2025",False,v10,04fdc65,2026-08-05T00:54:23+00:00
22,205,11,"2015,2016,2017,2018,2019,2020,2021,2022,2023,2024,2025",False,v10,04fdc65,2026-08-05T00:54:23+00:00
22,204,11,"2015,2016,2017,2018,2019,2020,2021,2022,2023,2024,2025",False,v10,04fdc65,2026-08-05T00:54:23+00:00
16,205,11,"2015,2016,2017,2018,2019,2020,2021,2022,2023,2024,2025",False,v10,04fdc65,2026-08-05T00:54:23+00:00
16,204,11,"2015,2016,2017,2018,2019,2020,2021,2022,2023,2024,2025",False,v10,04fdc65,2026-08-05T00:54:23+00:00
16,203,11,"2015,2016,2017,2018,2019,2020,2021,2022,2023,2024,2025",False,v10,04fdc65,2026-08-05T00:54:23+00:00
16,202,11,"2015,2016,2017,2018,2019,2020,2021,2022,2023,2024,2025",False,v10,04fdc65,2026-08-05T00:54:23+00:00
16,201,11,"2015,2016,2017,2018,2019,2020,2021,2022,2023,2024,2025",False,v10,04fdc65,2026-08-05T00:54:23+00:00
16,200,11,"2015,2016,2017,2018,2019,2020,2021,2022,2023,2024,2025",False,v10,04fdc65,2026-08-05T00:54:23+00:00
17,189,11,"2015,2016,2017,2018,2019,2020,2021,2022,2023,2024,2025",False,v10,04fdc65,2026-08-05T00:54:23+00:00
17,55,11,"2015,2016,2017,2018,2019,2020,2021,2022,2023,2024,2025",False,v10,04fdc65,2026-08-05T00:54:23+00:00
17,56,11,"2015,2016,2017,2018,2019,2020,2021,2022,2023,2024,2025",False,v10,04fdc65,2026-08-05T00:54:23+00:00
17,35,11,"2015,2016,2017,2018,2019,2020,2021,2022,2023,2024,2025",False,v10,04fdc65,2026-08-05T00:54:23+00:00
16,199,11,"2015,2016,2017,2018,2019,2020,2021,2022,2023,2024,2025",False,v10,04fdc65,2026-08-05T00:54:23+00:00
17,40,11,"2015,2016,2017,2018,2019,2020,2021,2022,2023,2024,2025",False,v10,04fdc65,2026-08-05T00:54:23+00:00
17,41,11,"2015,2016,2017,2018,2019,2020,2021,2022,2023,2024,2025",False,v10,04fdc65,2026-08-05T00:54:23+00:00
17,42,11,"2015,2016,2017,2018,2019,2020,2021,2022,2023,2024,2025",False,v10,04fdc65,2026-08-05T00:54:23+00:00
17,43,11,"2015,2016,2017,2018,2019,2020,2021,2022,2023,2024,2025",False,v10,04fdc65,2026-08-05T00:54:23+00:00
17,44,11,"2015,2016,2017,2018,2019,2020,2021,2022,2023,2024,2025",False,v10,04fdc65,2026-08-05T00:54:23+00:00
17,45,11,"2015,2016,2017,2018,2019,2020,2021,2022,2023,2024,2025",False,v10,04fdc65,2026-08-05T00:54:23+00:00
17,46,11,"2015,2016,2017,2018,2019,2020,2021,2022,2023,2024,2025",False,v10,04fdc65,2026-08-05T00:54:23+00:00
17,32,11,"2015,2016,2017,2018,2019,2020,2021,2022,2023,2024,2025",False,v10,04fdc65,2026-08-05T00:54:23+00:00
17,38,11,"2015,2016,2017,2018,2019,2020,2021,2022,2023,2024,2025",False,v10,04fdc65,2026-08-05T00:54:23+00:00
17,53,11,"2015,2016,2017,2018,2019,2020,2021,2022,2023,2024,2025",False,v10,04fdc65,2026-08-05T00:54:23+00:00
17,190,11,"2015,2016,2017,2018,2019,2020,2021,2022,2023,2024,2025",False,v10,04fdc65,2026-08-05T00:54:23+00:00
17,191,11,"2015,2016,2017,2018,2019,2020,2021,2022,2023,2024,2025",False,v10,04fdc65,2026-08-05T00:54:23+00:00
17,192,11,"2015,2016,2017,2018,2019,2020,2021,2022,2023,2024,2025",False,v10,04fdc65,2026-08-05T00:54:23+00:00
17,193,11,"2015,2016,2017,2018,2019,2020,2021,2022,2023,2024,2025",False,v10,04fdc65,2026-08-05T00:54:23+00:00
17,178,11,"2015,2016,2017,2018,2019,2020,2021,2022,2023,2024,2025",False,v10,04fdc65,2026-08-05T00:54:23+00:00
17,179,11,"2015,2016,2017,2018,2019,2020,2021,2022,2023,2024,2025",False,v10,04fdc65,2026-08-05T00:54:23+00:00
22,212,11,"2015,2016,2017,2018,2019,2020,2021,2022,2023,2024,2025",False,v10,04fdc65,2026-08-05T00:54:23+00:00
17,181,11,"2015,2016,2017,2018,2019,2020,2021,2022,2023,2024,2025",False,v10,04fdc65,2026-08-05T00:54:23+00:00
17,142,11,"2015,2016,2017,2018,2019,2020,2021,2022,2023,2024,2025",False,v10,04fdc65,2026-08-05T00:54:23+00:00
17,143,11,"2015,2016,2017,2018,2019,2020,2021,2022,2023,2024,2025",False,v10,04fdc65,2026-08-05T00:54:23+00:00
17,144,11,"2015,2016,2017,2018,2019,2020,2021,2022,2023,2024,2025",False,v10,04fdc65,2026-08-05T00:54:23+00:00
17,145,11,"2015,2016,2017,2018,2019,2020,2021,2022,2023,2024,2025",False,v10,04fdc65,2026-08-05T00:54:23+00:00
17,186,11,"2015,2016,2017,2018,2019,2020,2021,2022,2023,2024,2025",False,v10,04fdc65,2026-08-05T00:54:23+00:00
17,187,11,"2015,2016,2017,2018,2019,2020,2021,2022,2023,2024,2025",False,v10,04fdc65,2026-08-05T00:54:23+00:00
17,188,11,"2015,2016,2017,2018,2019,2020,2021,2022,2023,2024,2025",False,v10,04fdc65,2026-08-05T00:54:23+00:00
17,180,11,"2015,2016,2017,2018,2019,2020,2021,2022,2023,2024,2025",False,v10,04fdc65,2026-08-05T00:54:23+00:00
22,213,11,"2015,2016,2017,2018,2019,2020,2021,2022,2023,2024,2025",False,v10,04fdc65,2026-08-05T00:54:23+00:00
22,214,11,"2015,2016,2017,2018,2019,2020,2021,2022,2023,2024,2025",False,v10,04fdc65,2026-08-05T00:54:23+00:00
22,215,11,"2015,2016,2017,2018,2019,2020,2021,2022,2023,2024,2025",False,v10,04fdc65,2026-08-05T00:54:23+00:00
22,216,11,"2015,2016,2017,2018,2019,2020,2021,2022,2023,2024,2025",False,v10,04fdc65,2026-08-05T00:54:23+00:00
22,201,11,"2015,2016,2017,2018,2019,2020,2021,2022,2023,2024,2025",False,v10,04fdc65,2026-08-05T00:54:23+00:00
22,202,11,"2015,2016,2017,2018,2019,2020,2021,2022,2023,2024,2025",False,v10,04fdc65,2026-08-05T00:54:23+00:00
22,203,11,"2015,2016,2017,2018,2019,2020,2021,2022,2023,2024,2025",False,v10,04fdc65,2026-08-05T00:54:23+00:00
17,52,11,"2015,2016,2017,2018,2019,2020,2021,2022,2023,2024,2025",False,v10,04fdc65,2026-08-05T00:54:23+00:00
22,209,11,"2015,2016,2017,2018,2019,2020,2021,2022,2023,2024,2025",False,v10,04fdc65,2026-08-05T00:54:23+00:00
22,210,11,"2015,2016,2017,2018,2019,2020,2021,2022,2023,2024,2025",False,v10,04fdc65,2026-08-05T00:54:23+00:00
22,211,11,"2015,2016,2017,2018,2019,2020,2021,2022,2023,2024,2025",False,v10,04fdc65,2026-08-05T00:54:23+00:00
17,47,11,"2015,2016,2017,2018,2019,2020,2021,2022,2023,2024,2025",False,v10,04fdc65,2026-08-05T00:54:23+00:00
17,48,11,"2015,2016,2017,2018,2019,2020,2021,2022,2023,2024,2025",False,v10,04fdc65,2026-08-05T00:54:23+00:00
17,49,11,"2015,2016,2017,2018,2019,2020,2021,2022,2023,2024,2025",False,v10,04fdc65,2026-08-05T00:54:23+00:00
17,50,11,"2015,2016,2017,2018,2019,2020,2021,2022,2023,2024,2025",False,v10,04fdc65,2026-08-05T00:54:23+00:00
17,51,11,"2015,2016,2017,2018,2019,2020,2021,2022,2023,2024,2025",False,v10,04fdc65,2026-08-05T00:54:23+00:00
17,54,11,"2015,2016,2017,2018,2019,2020,2021,2022,2023,2024,2025",False,v10,04fdc65,2026-08-05T00:54:23+00:00
9,180,11,"2015,2016,2017,2018,2019,2020,2021,2022,2023,2024,2025",False,v10,04fdc65,2026-08-05T00:54:23+00:00
9,220,11,"2015,2016,2017,2018,2019,2020,2021,2022,2023,2024,2025",False,v10,04fdc65,2026-08-05T00:54:23+00:00
9,219,11,"2015,2016,2017,2018,2019,2020,2021,2022,2023,2024,2025",False,v10,04fdc65,2026-08-05T00:54:23+00:00
9,218,11,"2015,2016,2017,2018,2019,2020,2021,2022,2023,2024,2025",False,v10,04fdc65,2026-08-05T00:54:23+00:00
9,217,11,"2015,2016,2017,2018,2019,2020,2021,2022,2023,2024,2025",False,v10,04fdc65,2026-08-05T00:54:23+00:00
9,216,11,"2015,2016,2017,2018,2019,2020,2021,2022,2023,2024,2025",False,v10,04fdc65,2026-08-05T00:54:23+00:00
9,175,11,"2015,2016,2017,2018,2019,2020,2021,2022,2023,2024,2025",False,v10,04fdc65,2026-08-05T00:54:23+00:00
9,174,11,"2015,2016,2017,2018,2019,2020,2021,2022,2023,2024,2025",False,v10,04fdc65,2026-08-05T00:54:23+00:00
9,173,11,"2015,2016,2017,2018,2019,2020,2021,2022,2023,2024,2025",False,v10,04fdc65,2026-08-05T00:54:23+00:00
26,196,11,"2015,2016,2017,2018,2019,2020,2021,2022,2023,2024,2025",False,v10,04fdc65,2026-08-05T00:54:23+00:00
26,211,11,"2015,2016,2017,2018,2019,2020,2021,2022,2023,2024,2025",False,v10,04fdc65,2026-08-05T00:54:23+00:00
26,210,11,"2015,2016,2017,2018,2019,2020,2021,2022,2023,2024,2025",False,v10,04fdc65,2026-08-05T00:54:23+00:00
26,209,11,"2015,2016,2017,2018,2019,2020,2021,2022,2023,2024,2025",False,v10,04fdc65,2026-08-05T00:54:23+00:00
26,208,11,"2015,2016,2017,2018,2019,2020,2021,2022,2023,2024,2025",False,v10,04fdc65,2026-08-05T00:54:23+00:00
26,207,11,"2015,2016,2017,2018,2019,2020,2021,2022,2023,2024,2025",False,v10,04fdc65,2026-08-05T00:54:23+00:00
24,171,11,"2015,2016,2017,2018,2019,2020,2021,2022,2023,2024,2025",False,v10,04fdc65,2026-08-05T00:54:23+00:00
26,190,11,"2015,2016,2017,2018,2019,2020,2021,2022,2023,2024,2025",False,v10,04fdc65,2026-08-05T00:54:23+00:00
26,191,11,"2015,2016,2017,2018,2019,2020,2021,2022,2023,2024,2025",False,v10,04fdc65,2026-08-05T00:54:23+00:00
26,192,11,"2015,2016,2017,2018,2019,2020,2021,2022,2023,2024,2025",False,v10,04fdc65,2026-08-05T00:54:23+00:00
26,193,11,"2015,2016,2017,2018,2019,2020,2021,2022,2023,2024,2025",False,v10,04fdc65,2026-08-05T00:54:23+00:00
26,194,11,"2015,2016,2017,2018,2019,2020,2021,2022,2023,2024,2025",False,v10,04fdc65,2026-08-05T00:54:23+00:00
26,195,11,"2015,2016,2017,2018,2019,2020,2021,2022,2023,2024,2025",False,v10,04fdc65,2026-08-05T00:54:23+00:00
26,180,11,"2015,2016,2017,2018,2019,2020,2021,2022,2023,2024,2025",False,v10,04fdc65,2026-08-05T00:54:23+00:00
26,206,11,"2015,2016,2017,2018,2019,2020,2021,2022,2023,2024,2025",False,v10,04fdc65,2026-08-05T00:54:23+00:00
26,198,11,"2015,2016,2017,2018,2019,2020,2021,2022,2023,2024,2025",False,v10,04fdc65,2026-08-05T00:54:23+00:00
26,199,11,"2015,2016,2017,2018,2019,2020,2021,2022,2023,2024,2025",False,v10,04fdc65,2026-08-05T00:54:23+00:00
26,200,11,"2015,2016,2017,2018,2019,2020,2021,2022,2023,2024,2025",False,v10,04fdc65,2026-08-05T00:54:23+00:00
26,201,11,"2015,2016,2017,2018,2019,2020,2021,2022,2023,2024,2025",False,v10,04fdc65,2026-08-05T00:54:23+00:00
26,202,11,"2015,2016,2017,2018,2019,2020,2021,2022,2023,2024,2025",False,v10,04fdc65,2026-08-05T00:54:23+00:00
26,203,11,"2015,2016,2017,2018,2019,2020,2021,2022,2023,2024,2025",False,v10,04fdc65,2026-08-05T00:54:23+00:00
26,188,11,"2015,2016,2017,2018,2019,2020,2021,2022,2023,2024,2025",False,v10,04fdc65,2026-08-05T00:54:23+00:00
26,205,11,"2015,2016,2017,2018,2019,2020,2021,2022,2023,2024,2025",False,v10,04fdc65,2026-08-05T00:54:23+00:00
26,197,11,"2015,2016,2017,2018,2019,2020,2021,2022,2023,2024,2025",False,v10,04fdc65,2026-08-05T00:54:23+00:00
9,215,11,"2015,2016,2017,2018,2019,2020,2021,2022,2023,2024,2025",False,v10,04fdc65,2026-08-05T00:54:23+00:00
9,214,11,"2015,2016,2017,2018,2019,2020,2021,2022,2023,2024,2025",False,v10,04fdc65,2026-08-05T00:54:23+00:00
9,213,11,"2015,2016,2017,2018,2019,2020,2021,2022,2023,2024,2025",False,v10,04fdc65,2026-08-05T00:54:23+00:00
9,196,11,"2015,2016,2017,2018,2019,2020,2021,2022,2023,2024,2025",False,v10,04fdc65,2026-08-05T00:54:23+00:00
9,195,11,"2015,2016,2017,2018,2019,2020,2021,2022,2023,2024,2025",False,v10,04fdc65,2026-08-05T00:54:23+00:00
9,194,11,"2015,2016,2017,2018,2019,2020,2021,2022,2023,2024,2025",False,v10,04fdc65,2026-08-05T00:54:23+00:00
9,193,11,"2015,2016,2017,2018,2019,2020,2021,2022,2023,2024,2025",False,v10,04fdc65,2026-08-05T00:54:23+00:00
9,192,11,"2015,2016,2017,2018,2019,2020,2021,2022,2023,2024,2025",False,v10,04fdc65,2026-08-05T00:54:23+00:00
9,207,11,"2015,2016,2017,2018,2019,2020,2021,2022,2023,2024,2025",False,v10,04fdc65,2026-08-05T00:54:23+00:00
9,206,11,"2015,2016,2017,2018,2019,2020,2021,2022,2023,2024,2025",False,v10,04fdc65,2026-08-05T00:54:23+00:00
9,205,11,"2015,2016,2017,2018,2019,2020,2021,2022,2023,2024,2025",False,v10,04fdc65,2026-08-05T00:54:23+00:00
10,15,11,"2015,2016,2017,2018,2019,2020,2021,2022,2023,2024,2025",False,v10,04fdc65,2026-08-05T00:54:23+00:00
10,14,11,"2015,2016,2017,2018,2019,2020,2021,2022,2023,2024,2025",False,v10,04fdc65,2026-08-05T00:54:23+00:00
10,13,11,"2015,2016,2017,2018,2019,2020,2021,2022,2023,2024,2025",False,v10,04fdc65,2026-08-05T00:54:23+00:00
9,181,11,"2015,2016,2017,2018,2019,2020,2021,2022,2023,2024,2025",False,v10,04fdc65,2026-08-05T00:54:23+00:00
9,182,11,"2015,2016,2017,2018,2019,2020,2021,2022,2023,2024,2025",False,v10,04fdc65,2026-08-05T00:54:23+00:00
9,183,11,"2015,2016,2017,2018,2019,2020,2021,2022,2023,2024,2025",False,v10,04fdc65,2026-08-05T00:54:23+00:00
9,169,11,"2015,2016,2017,2018,2019,2020,2021,2022,2023,2024,2025",False,v10,04fdc65,2026-08-05T00:54:23+00:00
9,170,11,"2015,2016,2017,2018,2019,2020,2021,2022,2023,2024,2025",False,v10,04fdc65,2026-08-05T00:54:23+00:00
9,186,11,"2015,2016,2017,2018,2019,2020,2021,2022,2023,2024,2025",False,v10,04fdc65,2026-08-05T00:54:23+00:00
9,187,11,"2015,2016,2017,2018,2019,2020,2021,2022,2023,2024,2025",False,v10,04fdc65,2026-08-05T00:54:23+00:00
9,188,11,"2015,2016,2017,2018,2019,2020,2021,2022,2023,2024,2025",False,v10,04fdc65,2026-08-05T00:54:23+00:00
9,199,11,"2015,2016,2017,2018,2019,2020,2021,2022,2023,2024,2025",False,v10,04fdc65,2026-08-05T00:54:23+00:00
9,190,11,"2015,2016,2017,2018,2019,2020,2021,2022,2023,2024,2025",False,v10,04fdc65,2026-08-05T00:54:23+00:00
9,191,11,"2015,2016,2017,2018,2019,2020,2021,2022,2023,2024,2025",False,v10,04fdc65,2026-08-05T00:54:23+00:00
9,176,11,"2015,2016,2017,2018,2019,2020,2021,2022,2023,2024,2025",False,v10,04fdc65,2026-08-05T00:54:23+00:00
26,179,11,"2015,2016,2017,2018,2019,2020,2021,2022,2023,2024,2025",False,v10,04fdc65,2026-08-05T00:54:23+00:00
9,184,11,"2015,2016,2017,2018,2019,2020,2021,2022,2023,2024,2025",False,v10,04fdc65,2026-08-05T00:54:23+00:00
9,185,11,"2015,2016,2017,2018,2019,2020,2021,2022,2023,2024,2025",False,v10,04fdc65,2026-08-05T00:54:23+00:00
9,197,11,"2015,2016,2017,2018,2019,2020,2021,2022,2023,2024,2025",False,v10,04fdc65,2026-08-05T00:54:23+00:00
9,198,11,"2015,2016,2017,2018,2019,2020,2021,2022,2023,2024,2025",False,v10,04fdc65,2026-08-05T00:54:23+00:00
9,189,11,"2015,2016,2017,2018,2019,2020,2021,2022,2023,2024,2025",False,v10,04fdc65,2026-08-05T00:54:23+00:00
20,213,11,"2015,2016,2017,2018,2019,2020,2021,2022,2023,2024,2025",False,v10,04fdc65,2026-08-05T00:54:23+00:00
9,48,11,"2015,2016,2017,2018,2019,2020,2021,2022,2023,2024,2025",False,v10,04fdc65,2026-08-05T00:54:23+00:00
27,180,11,"2015,2016,2017,2018,2019,2020,2021,2022,2023,2024,2025",False,v10,04fdc65,2026-08-05T00:54:23+00:00
27,179,11,"2015,2016,2017,2018,2019,2020,2021,2022,2023,2024,2025",False,v10,04fdc65,2026-08-05T00:54:23+00:00
27,191,11,"2015,2016,2017,2018,2019,2020,2021,2022,2023,2024,2025",False,v10,04fdc65,2026-08-05T00:54:23+00:00
27,190,11,"2015,2016,2017,2018,2019,2020,2021,2022,2023,2024,2025",False,v10,04fdc65,2026-08-05T00:54:23+00:00
27,59,11,"2015,2016,2017,2018,2019,2020,2021,2022,2023,2024,2025",False,v10,04fdc65,2026-08-05T00:54:23+00:00
9,47,11,"2015,2016,2017,2018,2019,2020,2021,2022,2023,2024,2025",False,v10,04fdc65,2026-08-05T00:54:23+00:00
27,58,11,"2015,2016,2017,2018,2019,2020,2021,2022,2023,2024,2025",False,v10,04fdc65,2026-08-05T00:54:23+00:00
27,57,11,"2015,2016,2017,2018,2019,2020,2021,2022,2023,2024,2025",False,v10,04fdc65,2026-08-05T00:54:23+00:00
26,204,11,"2015,2016,2017,2018,2019,2020,2021,2022,2023,2024,2025",False,v10,04fdc65,2026-08-05T00:54:23+00:00
26,213,11,"2015,2016,2017,2018,2019,2020,2021,2022,2023,2024,2025",False,v10,04fdc65,2026-08-05T00:54:23+00:00
26,212,11,"2015,2016,2017,2018,2019,2020,2021,2022,2023,2024,2025",False,v10,04fdc65,2026-08-05T00:54:23+00:00
26,189,11,"2015,2016,2017,2018,2019,2020,2021,2022,2023,2024,2025",False,v10,04fdc65,2026-08-05T00:54:23+00:00
27,205,11,"2015,2016,2017,2018,2019,2020,2021,2022,2023,2024,2025",False,v10,04fdc65,2026-08-05T00:54:23+00:00
27,206,11,"2015,2016,2017,2018,2019,2020,2021,2022,2023,2024,2025",False,v10,04fdc65,2026-08-05T00:54:23+00:00
27,207,11,"2015,2016,2017,2018,2019,2020,2021,2022,2023,2024,2025",False,v10,04fdc65,2026-08-05T00:54:23+00:00
27,192,11,"2015,2016,2017,2018,2019,2020,2021,2022,2023,2024,2025",False,v10,04fdc65,2026-08-05T00:54:23+00:00
27,193,11,"2015,2016,2017,2018,2019,2020,2021,2022,2023,2024,2025",False,v10,04fdc65,2026-08-05T00:54:23+00:00
27,194,11,"2015,2016,2017,2018,2019,2020,2021,2022,2023,2024,2025",False,v10,04fdc65,2026-08-05T00:54:23+00:00
27,208,11,"2015,2016,2017,2018,2019,2020,2021,2022,2023,2024,2025",False,v10,04fdc65,2026-08-05T00:54:23+00:00
27,210,11,"2015,2016,2017,2018,2019,2020,2021,2022,2023,2024,2025",False,v10,04fdc65,2026-08-05T00:54:23+00:00
27,200,11,"2015,2016,2017,2018,2019,2020,2021,2022,2023,2024,2025",False,v10,04fdc65,2026-08-05T00:54:23+00:00
27,201,11,"2015,2016,2017,2018,2019,2020,2021,2022,2023,2024,2025",False,v10,04fdc65,2026-08-05T00:54:23+00:00
27,202,11,"2015,2016,2017,2018,2019,2020,2021,2022,2023,2024,2025",False,v10,04fdc65,2026-08-05T00:54:23+00:00
8,218,11,"2015,2016,2017,2018,2019,2020,2021,2022,2023,2024,2025",False,v10,04fdc65,2026-08-05T00:54:23+00:00
27,209,11,"2015,2016,2017,2018,2019,2020,2021,2022,2023,2024,2025",False,v10,04fdc65,2026-08-05T00:54:23+00:00
26,187,11,"2015,2016,2017,2018,2019,2020,2021,2022,2023,2024,2025",False,v10,04fdc65,2026-08-05T00:54:23+00:00
26,183,11,"2015,2016,2017,2018,2019,2020,2021,2022,2023,2024,2025",False,v10,04fdc65,2026-08-05T00:54:23+00:00
26,182,11,"2015,2016,2017,2018,2019,2020,2021,2022,2023,2024,2025",False,v10,04fdc65,2026-08-05T00:54:23+00:00
26,181,11,"2015,2016,2017,2018,2019,2020,2021,2022,2023,2024,2025",False,v10,04fdc65,2026-08-05T00:54:23+00:00
20,164,11,"2015,2016,2017,2018,2019,2020,2021,2022,2023,2024,2025",False,v10,04fdc65,2026-08-05T00:54:23+00:00
20,163,11,"2015,2016,2017,2018,2019,2020,2021,2022,2023,2024,2025",False,v10,04fdc65,2026-08-05T00:54:23+00:00
20,161,11,"2015,2016,2017,2018,2019,2020,2021,2022,2023,2024,2025",False,v10,04fdc65,2026-08-05T00:54:23+00:00
20,176,11,"2015,2016,2017,2018,2019,2020,2021,2022,2023,2024,2025",False,v10,04fdc65,2026-08-05T00:54:23+00:00
20,175,11,"2015,2016,2017,2018,2019,2020,2021,2022,2023,2024,2025",False,v10,04fdc65,2026-08-05T00:54:23+00:00
20,174,11,"2015,2016,2017,2018,2019,2020,2021,2022,2023,2024,2025",False,v10,04fdc65,2026-08-05T00:54:23+00:00
20,173,11,"2015,2016,2017,2018,2019,2020,2021,2022,2023,2024,2025",False,v10,04fdc65,2026-08-05T00:54:23+00:00
20,156,11,"2015,2016,2017,2018,2019,2020,2021,2022,2023,2024,2025",False,v10,04fdc65,2026-08-05T00:54:23+00:00
20,155,11,"2015,2016,2017,2018,2019,2020,2021,2022,2023,2024,2025",False,v10,04fdc65,2026-08-05T00:54:23+00:00
20,154,11,"2015,2016,2017,2018,2019,2020,2021,2022,2023,2024,2025",False,v10,04fdc65,2026-08-05T00:54:23+00:00
20,153,11,"2015,2016,2017,2018,2019,2020,2021,2022,2023,2024,2025",False,v10,04fdc65,2026-08-05T00:54:23+00:00
20,201,11,"2015,2016,2017,2018,2019,2020,2021,2022,2023,2024,2025",False,v10,04fdc65,2026-08-05T00:54:23+00:00
20,202,11,"2015,2016,2017,2018,2019,2020,2021,2022,2023,2024,2025",False,v10,04fdc65,2026-08-05T00:54:23+00:00
20,203,11,"2015,2016,2017,2018,2019,2020,2021,2022,2023,2024,2025",False,v10,04fdc65,2026-08-05T00:54:23+00:00
20,204,11,"2015,2016,2017,2018,2019,2020,2021,2022,2023,2024,2025",False,v10,04fdc65,2026-08-05T00:54:23+00:00
20,205,11,"2015,2016,2017,2018,2019,2020,2021,2022,2023,2024,2025",False,v10,04fdc65,2026-08-05T00:54:23+00:00
20,206,11,"2015,2016,2017,2018,2019,2020,2021,2022,2023,2024,2025",False,v10,04fdc65,2026-08-05T00:54:23+00:00
20,157,11,"2015,2016,2017,2018,2019,2020,2021,2022,2023,2024,2025",False,v10,04fdc65,2026-08-05T00:54:23+00:00
20,158,11,"2015,2016,2017,2018,2019,2020,2021,2022,2023,2024,2025",False,v10,04fdc65,2026-08-05T00:54:23+00:00
20,168,11,"2015,2016,2017,2018,2019,2020,2021,2022,2023,2024,2025",False,v10,04fdc65,2026-08-05T00:54:23+00:00
20,160,11,"2015,2016,2017,2018,2019,2020,2021,2022,2023,2024,2025",False,v10,04fdc65,2026-08-05T00:54:23+00:00
20,209,11,"2015,2016,2017,2018,2019,2020,2021,2022,2023,2024,2025",False,v10,04fdc65,2026-08-05T00:54:23+00:00
20,210,11,"2015,2016,2017,2018,2019,2020,2021,2022,2023,2024,2025",False,v10,04fdc65,2026-08-05T00:54:23+00:00
20,211,11,"2015,2016,2017,2018,2019,2020,2021,2022,2023,2024,2025",False,v10,04fdc65,2026-08-05T00:54:23+00:00
20,212,11,"2015,2016,2017,2018,2019,2020,2021,2022,2023,2024,2025",False,v10,04fdc65,2026-08-05T00:54:23+00:00
20,165,11,"2015,2016,2017,2018,2019,2020,2021,2022,2023,2024,2025",False,v10,04fdc65,2026-08-05T00:54:23+00:00
20,166,11,"2015,2016,2017,2018,2019,2020,2021,2022,2023,2024,2025",False,v10,04fdc65,2026-08-05T00:54:23+00:00
20,167,11,"2015,2016,2017,2018,2019,2020,2021,2022,2023,2024,2025",False,v10,04fdc65,2026-08-05T00:54:23+00:00
20,159,11,"2015,2016,2017,2018,2019,2020,2021,2022,2023,2024,2025",False,v10,04fdc65,2026-08-05T00:54:23+00:00
25,195,11,"2015,2016,2017,2018,2019,2020,2021,2022,2023,2024,2025",False,v10,04fdc65,2026-08-05T00:54:23+00:00
25,194,11,"2015,2016,2017,2018,2019,2020,2021,2022,2023,2024,2025",False,v10,04fdc65,2026-08-05T00:54:23+00:00
25,193,11,"2015,2016,2017,2018,2019,2020,2021,2022,2023,2024,2025",False,v10,04fdc65,2026-08-05T00:54:23+00:00
25,192,11,"2015,2016,2017,2018,2019,2020,2021,2022,2023,2024,2025",False,v10,04fdc65,2026-08-05T00:54:23+00:00
25,191,11,"2015,2016,2017,2018,2019,2020,2021,2022,2023,2024,2025",False,v10,04fdc65,2026-08-05T00:54:23+00:00
25,190,11,"2015,2016,2017,2018,2019,2020,2021,2022,2023,2024,2025",False,v10,04fdc65,2026-08-05T00:54:23+00:00
25,189,11,"2015,2016,2017,2018,2019,2020,2021,2022,2023,2024,2025",False,v10,04fdc65,2026-08-05T00:54:23+00:00
20,142,11,"2015,2016,2017,2018,2019,2020,2021,2022,2023,2024,2025",False,v10,04fdc65,2026-08-05T00:54:23+00:00
20,141,11,"2015,2016,2017,2018,2019,2020,2021,2022,2023,2024,2025",False,v10,04fdc65,2026-08-05T00:54:23+00:00
20,140,11,"2015,2016,2017,2018,2019,2020,2021,2022,2023,2024,2025",False,v10,04fdc65,2026-08-05T00:54:23+00:00
20,152,11,"2015,2016,2017,2018,2019,2020,2021,2022,2023,2024,2025",False,v10,04fdc65,2026-08-05T00:54:23+00:00
20,151,11,"2015,2016,2017,2018,2019,2020,2021,2022,2023,2024,2025",False,v10,04fdc65,2026-08-05T00:54:23+00:00
20,150,11,"2015,2016,2017,2018,2019,2020,2021,2022,2023,2024,2025",False,v10,04fdc65,2026-08-05T00:54:23+00:00
20,149,11,"2015,2016,2017,2018,2019,2020,2021,2022,2023,2024,2025",False,v10,04fdc65,2026-08-05T00:54:23+00:00
20,75,11,"2015,2016,2017,2018,2019,2020,2021,2022,2023,2024,2025",False,v10,04fdc65,2026-08-05T00:54:23+00:00
9,200,11,"2015,2016,2017,2018,2019,2020,2021,2022,2023,2024,2025",False,v10,04fdc65,2026-08-05T00:54:23+00:00
20,184,11,"2015,2016,2017,2018,2019,2020,2021,2022,2023,2024,2025",False,v10,04fdc65,2026-08-05T00:54:23+00:00
20,169,11,"2015,2016,2017,2018,2019,2020,2021,2022,2023,2024,2025",False,v10,04fdc65,2026-08-05T00:54:23+00:00
20,170,11,"2015,2016,2017,2018,2019,2020,2021,2022,2023,2024,2025",False,v10,04fdc65,2026-08-05T00:54:23+00:00
20,171,11,"2015,2016,2017,2018,2019,2020,2021,2022,2023,2024,2025",False,v10,04fdc65,2026-08-05T00:54:23+00:00
20,172,11,"2015,2016,2017,2018,2019,2020,2021,2022,2023,2024,2025",False,v10,04fdc65,2026-08-05T00:54:23+00:00
20,76,11,"2015,2016,2017,2018,2019,2020,2021,2022,2023,2024,2025",False,v10,04fdc65,2026-08-05T00:54:23+00:00
20,77,11,"2015,2016,2017,2018,2019,2020,2021,2022,2023,2024,2025",False,v10,04fdc65,2026-08-05T00:54:23+00:00
20,74,11,"2015,2016,2017,2018,2019,2020,2021,2022,2023,2024,2025",False,v10,04fdc65,2026-08-05T00:54:23+00:00
20,79,11,"2015,2016,2017,2018,2019,2020,2021,2022,2023,2024,2025",False,v10,04fdc65,2026-08-05T00:54:23+00:00
20,177,11,"2015,2016,2017,2018,2019,2020,2021,2022,2023,2024,2025",False,v10,04fdc65,2026-08-05T00:54:23+00:00
20,178,11,"2015,2016,2017,2018,2019,2020,2021,2022,2023,2024,2025",False,v10,04fdc65,2026-08-05T00:54:23+00:00
20,180,11,"2015,2016,2017,2018,2019,2020,2021,2022,2023,2024,2025",False,v10,04fdc65,2026-08-05T00:54:23+00:00
20,143,11,"2015,2016,2017,2018,2019,2020,2021,2022,2023,2024,2025",False,v10,04fdc65,2026-08-05T00:54:23+00:00
20,144,11,"2015,2016,2017,2018,2019,2020,2021,2022,2023,2024,2025",False,v10,04fdc65,2026-08-05T00:54:23+00:00
20,72,11,"2015,2016,2017,2018,2019,2020,2021,2022,2023,2024,2025",False,v10,04fdc65,2026-08-05T00:54:23+00:00
20,73,11,"2015,2016,2017,2018,2019,2020,2021,2022,2023,2024,2025",False,v10,04fdc65,2026-08-05T00:54:23+00:00
20,78,11,"2015,2016,2017,2018,2019,2020,2021,2022,2023,2024,2025",False,v10,04fdc65,2026-08-05T00:54:23+00:00
25,175,11,"2015,2016,2017,2018,2019,2020,2021,2022,2023,2024,2025",False,v10,04fdc65,2026-08-05T00:54:23+00:00
25,174,11,"2015,2016,2017,2018,2019,2020,2021,2022,2023,2024,2025",False,v10,04fdc65,2026-08-05T00:54:23+00:00
25,173,11,"2015,2016,2017,2018,2019,2020,2021,2022,2023,2024,2025",False,v10,04fdc65,2026-08-05T00:54:23+00:00
10,141,11,"2015,2016,2017,2018,2019,2020,2021,2022,2023,2024,2025",False,v10,04fdc65,2026-08-05T00:54:23+00:00
10,140,11,"2015,2016,2017,2018,2019,2020,2021,2022,2023,2024,2025",False,v10,04fdc65,2026-08-05T00:54:23+00:00
10,139,11,"2015,2016,2017,2018,2019,2020,2021,2022,2023,2024,2025",False,v10,04fdc65,2026-08-05T00:54:23+00:00
10,170,11,"2015,2016,2017,2018,2019,2020,2021,2022,2023,2024,2025",False,v10,04fdc65,2026-08-05T00:54:23+00:00
10,164,11,"2015,2016,2017,2018,2019,2020,2021,2022,2023,2024,2025",False,v10,04fdc65,2026-08-05T00:54:23+00:00
10,199,11,"2015,2016,2017,2018,2019,2020,2021,2022,2023,2024,2025",False,v10,04fdc65,2026-08-05T00:54:23+00:00
10,198,11,"2015,2016,2017,2018,2019,2020,2021,2022,2023,2024,2025",False,v10,04fdc65,2026-08-05T00:54:23+00:00
10,197,11,"2015,2016,2017,2018,2019,2020,2021,2022,2023,2024,2025",False,v10,04fdc65,2026-08-05T00:54:23+00:00
10,196,11,"2015,2016,2017,2018,2019,2020,2021,2022,2023,2024,2025",False,v10,04fdc65,2026-08-05T00:54:23+00:00
10,143,11,"2015,2016,2017,2018,2019,2020,2021,2022,2023,2024,2025",False,v10,04fdc65,2026-08-05T00:54:23+00:00
10,142,11,"2015,2016,2017,2018,2019,2020,2021,2022,2023,2024,2025",False,v10,04fdc65,2026-08-05T00:54:23+00:00
25,214,11,"2015,2016,2017,2018,2019,2020,2021,2022,2023,2024,2025",False,v10,04fdc65,2026-08-05T00:54:23+00:00
25,196,11,"2015,2016,2017,2018,2019,2020,2021,2022,2023,2024,2025",False,v10,04fdc65,2026-08-05T00:54:23+00:00
25,197,11,"2015,2016,2017,2018,2019,2020,2021,2022,2023,2024,2025",False,v10,04fdc65,2026-08-05T00:54:23+00:00
25,198,11,"2015,2016,2017,2018,2019,2020,2021,2022,2023,2024,2025",False,v10,04fdc65,2026-08-05T00:54:23+00:00
25,199,11,"2015,2016,2017,2018,2019,2020,2021,2022,2023,2024,2025",False,v10,04fdc65,2026-08-05T00:54:23+00:00
25,200,11,"2015,2016,2017,2018,2019,2020,2021,2022,2023,2024,2025",False,v10,04fdc65,2026-08-05T00:54:23+00:00
25,201,11,"2015,2016,2017,2018,2019,2020,2021,2022,2023,2024,2025",False,v10,04fdc65,2026-08-05T00:54:23+00:00
25,202,11,"2015,2016,2017,2018,2019,2020,2021,2022,2023,2024,2025",False,v10,04fdc65,2026-08-05T00:54:23+00:00
25,203,11,"2015,2016,2017,2018,2019,2020,2021,2022,2023,2024,2025",False,v10,04fdc65,2026-08-05T00:54:23+00:00
25,213,11,"2015,2016,2017,2018,2019,2020,2021,2022,2023,2024,2025",False,v10,04fdc65,2026-08-05T00:54:23+00:00
25,206,11,"2015,2016,2017,2018,2019,2020,2021,2022,2023,2024,2025",False,v10,04fdc65,2026-08-05T00:54:23+00:00
25,207,11,"2015,2016,2017,2018,2019,2020,2021,2022,2023,2024,2025",False,v10,04fdc65,2026-08-05T00:54:23+00:00
25,208,11,"2015,2016,2017,2018,2019,2020,2021,2022,2023,2024,2025",False,v10,04fdc65,2026-08-05T00:54:23+00:00
25,209,11,"2015,2016,2017,2018,2019,2020,2021,2022,2023,2024,2025",False,v10,04fdc65,2026-08-05T00:54:23+00:00
25,210,11,"2015,2016,2017,2018,2019,2020,2021,2022,2023,2024,2025",False,v10,04fdc65,2026-08-05T00:54:23+00:00
25,211,11,"2015,2016,2017,2018,2019,2020,2021,2022,2023,2024,2025",False,v10,04fdc65,2026-08-05T00:54:23+00:00
25,212,11,"2015,2016,2017,2018,2019,2020,2021,2022,2023,2024,2025",False,v10,04fdc65,2026-08-05T00:54:23+00:00
25,205,11,"2015,2016,2017,2018,2019,2020,2021,2022,2023,2024,2025",False,v10,04fdc65,2026-08-05T00:54:23+00:00
9,225,11,"2015,2016,2017,2018,2019,2020,2021,2022,2023,2024,2025",False,v10,04fdc65,2026-08-05T00:54:23+00:00
9,224,11,"2015,2016,2017,2018,2019,2020,2021,2022,2023,2024,2025",False,v10,04fdc65,2026-08-05T00:54:23+00:00
26,61,11,"2015,2016,2017,2018,2019,2020,2021,2022,2023,2024,2025",False,v10,04fdc65,2026-08-05T00:54:23+00:00
26,60,11,"2015,2016,2017,2018,2019,2020,2021,2022,2023,2024,2025",False,v10,04fdc65,2026-08-05T00:54:23+00:00
26,74,11,"2015,2016,2017,2018,2019,2020,2021,2022,2023,2024,2025",False,v10,04fdc65,2026-08-05T00:54:23+00:00
26,73,11,"2015,2016,2017,2018,2019,2020,2021,2022,2023,2024,2025",False,v10,04fdc65,2026-08-05T00:54:23+00:00
26,71,11,"2015,2016,2017,2018,2019,2020,2021,2022,2023,2024,2025",False,v10,04fdc65,2026-08-05T00:54:23+00:00
26,70,11,"2015,2016,2017,2018,2019,2020,2021,2022,2023,2024,2025",False,v10,04fdc65,2026-08-05T00:54:23+00:00
26,67,11,"2015,2016,2017,2018,2019,2020,2021,2022,2023,2024,2025",False,v10,04fdc65,2026-08-05T00:54:23+00:00
26,66,11,"2015,2016,2017,2018,2019,2020,2021,2022,2023,2024,2025",False,v10,04fdc65,2026-08-05T00:54:23+00:00
26,65,11,"2015,2016,2017,2018,2019,2020,2021,2022,2023,2024,2025",False,v10,04fdc65,2026-08-05T00:54:23+00:00
26,64,11,"2015,2016,2017,2018,2019,2020,2021,2022,2023,2024,2025",False,v10,04fdc65,2026-08-05T00:54:23+00:00
26,63,11,"2015,2016,2017,2018,2019,2020,2021,2022,2023,2024,2025",False,v10,04fdc65,2026-08-05T00:54:23+00:00
26,62,11,"2015,2016,2017,2018,2019,2020,2021,2022,2023,2024,2025",False,v10,04fdc65,2026-08-05T00:54:23+00:00
20,183,11,"2015,2016,2017,2018,2019,2020,2021,2022,2023,2024,2025",False,v10,04fdc65,2026-08-05T00:54:23+00:00
9,201,11,"2015,2016,2017,2018,2019,2020,2021,2022,2023,2024,2025",False,v10,04fdc65,2026-08-05T00:54:23+00:00
9,202,11,"2015,2016,2017,2018,2019,2020,2021,2022,2023,2024,2025",False,v10,04fdc65,2026-08-05T00:54:23+00:00
9,203,11,"2015,2016,2017,2018,2019,2020,2021,2022,2023,2024,2025",False,v10,04fdc65,2026-08-05T00:54:23+00:00
9,204,11,"2015,2016,2017,2018,2019,2020,2021,2022,2023,2024,2025",False,v10,04fdc65,2026-08-05T00:54:23+00:00
9,221,11,"2015,2016,2017,2018,2019,2020,2021,2022,2023,2024,2025",False,v10,04fdc65,2026-08-05T00:54:23+00:00
9,222,11,"2015,2016,2017,2018,2019,2020,2021,2022,2023,2024,2025",False,v10,04fdc65,2026-08-05T00:54:23+00:00
9,223,11,"2015,2016,2017,2018,2019,2020,2021,2022,2023,2024,2025",False,v10,04fdc65,2026-08-05T00:54:23+00:00
10,40,11,"2015,2016,2017,2018,2019,2020,2021,2022,2023,2024,2025",False,v10,04fdc65,2026-08-05T00:54:23+00:00
9,209,11,"2015,2016,2017,2018,2019,2020,2021,2022,2023,2024,2025",False,v10,04fdc65,2026-08-05T00:54:23+00:00
9,212,11,"2015,2016,2017,2018,2019,2020,2021,2022,2023,2024,2025",False,v10,04fdc65,2026-08-05T00:54:23+00:00
26,54,11,"2015,2016,2017,2018,2019,2020,2021,2022,2023,2024,2025",False,v10,04fdc65,2026-08-05T00:54:23+00:00
26,55,11,"2015,2016,2017,2018,2019,2020,2021,2022,2023,2024,2025",False,v10,04fdc65,2026-08-05T00:54:23+00:00
26,56,11,"2015,2016,2017,2018,2019,2020,2021,2022,2023,2024,2025",False,v10,04fdc65,2026-08-05T00:54:23+00:00
26,57,11,"2015,2016,2017,2018,2019,2020,2021,2022,2023,2024,2025",False,v10,04fdc65,2026-08-05T00:54:23+00:00
26,59,11,"2015,2016,2017,2018,2019,2020,2021,2022,2023,2024,2025",False,v10,04fdc65,2026-08-05T00:54:23+00:00
9,208,11,"2015,2016,2017,2018,2019,2020,2021,2022,2023,2024,2025",False,v10,04fdc65,2026-08-05T00:54:23+00:00
10,23,11,"2015,2016,2017,2018,2019,2020,2021,2022,2023,2024,2025",False,v10,04fdc65,2026-08-05T00:54:23+00:00
10,24,11,"2015,2016,2017,2018,2019,2020,2021,2022,2023,2024,2025",False,v10,04fdc65,2026-08-05T00:54:23+00:00
10,25,11,"2015,2016,2017,2018,2019,2020,2021,2022,2023,2024,2025",False,v10,04fdc65,2026-08-05T00:54:23+00:00
10,16,11,"2015,2016,2017,2018,2019,2020,2021,2022,2023,2024,2025",False,v10,04fdc65,2026-08-05T00:54:23+00:00
10,17,11,"2015,2016,2017,2018,2019,2020,2021,2022,2023,2024,2025",False,v10,04fdc65,2026-08-05T00:54:23+00:00
9,226,11,"2015,2016,2017,2018,2019,2020,2021,2022,2023,2024,2025",False,v10,04fdc65,2026-08-05T00:54:23+00:00
10,34,11,"2015,2016,2017,2018,2019,2020,2021,2022,2023,2024,2025",False,v10,04fdc65,2026-08-05T00:54:23+00:00
10,35,11,"2015,2016,2017,2018,2019,2020,2021,2022,2023,2024,2025",False,v10,04fdc65,2026-08-05T00:54:23+00:00
10,36,11,"2015,2016,2017,2018,2019,2020,2021,2022,2023,2024,2025",False,v10,04fdc65,2026-08-05T00:54:23+00:00
10,37,11,"2015,2016,2017,2018,2019,2020,2021,2022,2023,2024,2025",False,v10,04fdc65,2026-08-05T00:54:23+00:00
10,38,11,"2015,2016,2017,2018,2019,2020,2021,2022,2023,2024,2025",False,v10,04fdc65,2026-08-05T00:54:23+00:00
10,39,11,"2015,2016,2017,2018,2019,2020,2021,2022,2023,2024,2025",False,v10,04fdc65,2026-08-05T00:54:23+00:00
20,181,11,"2015,2016,2017,2018,2019,2020,2021,2022,2023,2024,2025",False,v10,04fdc65,2026-08-05T00:54:23+00:00
20,182,11,"2015,2016,2017,2018,2019,2020,2021,2022,2023,2024,2025",False,v10,04fdc65,2026-08-05T00:54:23+00:00
10,32,11,"2015,2016,2017,2018,2019,2020,2021,2022,2023,2024,2025",False,v10,04fdc65,2026-08-05T00:54:23+00:00
9,227,11,"2015,2016,2017,2018,2019,2020,2021,2022,2023,2024,2025",False,v10,04fdc65,2026-08-05T00:54:23+00:00
9,228,11,"2015,2016,2017,2018,2019,2020,2021,2022,2023,2024,2025",False,v10,04fdc65,2026-08-05T00:54:23+00:00
9,229,11,"2015,2016,2017,2018,2019,2020,2021,2022,2023,2024,2025",False,v10,04fdc65,2026-08-05T00:54:23+00:00
26,68,11,"2015,2016,2017,2018,2019,2020,2021,2022,2023,2024,2025",False,v10,04fdc65,2026-08-05T00:54:23+00:00
26,69,11,"2015,2016,2017,2018,2019,2020,2021,2022,2023,2024,2025",False,v10,04fdc65,2026-08-05T00:54:23+00:00
10,136,11,"2015,2016,2017,2018,2019,2020,2021,2022,2023,2024,2025",False,v10,04fdc65,2026-08-05T00:54:23+00:00
10,137,11,"2015,2016,2017,2018,2019,2020,2021,2022,2023,2024,2025",False,v10,04fdc65,2026-08-05T00:54:23+00:00
10,22,11,"2015,2016,2017,2018,2019,2020,2021,2022,2023,2024,2025",False,v10,04fdc65,2026-08-05T00:54:23+00:00
10,65,11,"2015,2016,2017,2018,2019,2020,2021,2022,2023,2024,2025",False,v10,04fdc65,2026-08-05T00:54:23+00:00
10,59,11,"2015,2016,2017,2018,2019,2020,2021,2022,2023,2024,2025",False,v10,04fdc65,2026-08-05T00:54:23+00:00
10,18,11,"2015,2016,2017,2018,2019,2020,2021,2022,2023,2024,2025",False,v10,04fdc65,2026-08-05T00:54:23+00:00
10,19,11,"2015,2016,2017,2018,2019,2020,2021,2022,2023,2024,2025",False,v10,04fdc65,2026-08-05T00:54:23+00:00
10,21,11,"2015,2016,2017,2018,2019,2020,2021,2022,2023,2024,2025",False,v10,04fdc65,2026-08-05T00:54:23+00:00
10,138,6,"2020,2021,2022,2023,2024,2025",False,v10,04fdc65,2026-08-05T00:54:23+00:00
31,182,11,"2015,2016,2017,2018,2019,2020,2021,2022,2023,2024,2025",False,v10,04fdc65,2026-08-05T00:54:23+00:00
31,172,11,"2015,2016,2017,2018,2019,2020,2021,2022,2023,2024,2025",False,v10,04fdc65,2026-08-05T00:54:23+00:00
31,188,11,"2015,2016,2017,2018,2019,2020,2021,2022,2023,2024,2025",False,v10,04fdc65,2026-08-05T00:54:23+00:00
33,187,11,"2015,2016,2017,2018,2019,2020,2021,2022,2023,2024,2025",False,v10,04fdc65,2026-08-05T00:54:23+00:00
33,186,11,"2015,2016,2017,2018,2019,2020,2021,2022,2023,2024,2025",False,v10,04fdc65,2026-08-05T00:54:23+00:00
33,185,11,"2015,2016,2017,2018,2019,2020,2021,2022,2023,2024,2025",False,v10,04fdc65,2026-08-05T00:54:23+00:00
33,184,11,"2015,2016,2017,2018,2019,2020,2021,2022,2023,2024,2025",False,v10,04fdc65,2026-08-05T00:54:23+00:00
33,183,11,"2015,2016,2017,2018,2019,2020,2021,2022,2023,2024,2025",False,v10,04fdc65,2026-08-05T00:54:23+00:00
33,182,11,"2015,2016,2017,2018,2019,2020,2021,2022,2023,2024,2025",False,v10,04fdc65,2026-08-05T00:54:23+00:00
33,181,11,"2015,2016,2017,2018,2019,2020,2021,2022,2023,2024,2025",False,v10,04fdc65,2026-08-05T00:54:23+00:00
33,180,11,"2015,2016,2017,2018,2019,2020,2021,2022,2023,2024,2025",False,v10,04fdc65,2026-08-05T00:54:23+00:00
33,179,11,"2015,2016,2017,2018,2019,2020,2021,2022,2023,2024,2025",False,v10,04fdc65,2026-08-05T00:54:23+00:00
33,178,11,"2015,2016,2017,2018,2019,2020,2021,2022,2023,2024,2025",False,v10,04fdc65,2026-08-05T00:54:23+00:00
33,177,11,"2015,2016,2017,2018,2019,2020,2021,2022,2023,2024,2025",False,v10,04fdc65,2026-08-05T00:54:23+00:00
33,176,11,"2015,2016,2017,2018,2019,2020,2021,2022,2023,2024,2025",False,v10,04fdc65,2026-08-05T00:54:23+00:00
27,204,11,"2015,2016,2017,2018,2019,2020,2021,2022,2023,2024,2025",False,v10,04fdc65,2026-08-05T00:54:23+00:00
34,187,11,"2015,2016,2017,2018,2019,2020,2021,2022,2023,2024,2025",False,v10,04fdc65,2026-08-05T00:54:23+00:00
34,188,11,"2015,2016,2017,2018,2019,2020,2021,2022,2023,2024,2025",False,v10,04fdc65,2026-08-05T00:54:23+00:00
34,189,11,"2015,2016,2017,2018,2019,2020,2021,2022,2023,2024,2025",False,v10,04fdc65,2026-08-05T00:54:23+00:00
6,187,11,"2015,2016,2017,2018,2019,2020,2021,2022,2023,2024,2025",False,v10,04fdc65,2026-08-05T00:54:23+00:00
6,188,11,"2015,2016,2017,2018,2019,2020,2021,2022,2023,2024,2025",False,v10,04fdc65,2026-08-05T00:54:23+00:00
6,189,11,"2015,2016,2017,2018,2019,2020,2021,2022,2023,2024,2025",False,v10,04fdc65,2026-08-05T00:54:23+00:00
6,190,11,"2015,2016,2017,2018,2019,2020,2021,2022,2023,2024,2025",False,v10,04fdc65,2026-08-05T00:54:23+00:00
33,175,11,"2015,2016,2017,2018,2019,2020,2021,2022,2023,2024,2025",False,v10,04fdc65,2026-08-05T00:54:23+00:00
6,192,11,"2015,2016,2017,2018,2019,2020,2021,2022,2023,2024,2025",False,v10,04fdc65,2026-08-05T00:54:23+00:00
6,193,11,"2015,2016,2017,2018,2019,2020,2021,2022,2023,2024,2025",False,v10,04fdc65,2026-08-05T00:54:23+00:00
6,194,11,"2015,2016,2017,2018,2019,2020,2021,2022,2023,2024,2025",False,v10,04fdc65,2026-08-05T00:54:23+00:00
32,186,11,"2015,2016,2017,2018,2019,2020,2021,2022,2023,2024,2025",False,v10,04fdc65,2026-08-05T00:54:23+00:00
32,187,11,"2015,2016,2017,2018,2019,2020,2021,2022,2023,2024,2025",False,v10,04fdc65,2026-08-05T00:54:23+00:00
32,188,11,"2015,2016,2017,2018,2019,2020,2021,2022,2023,2024,2025",False,v10,04fdc65,2026-08-05T00:54:23+00:00
32,189,11,"2015,2016,2017,2018,2019,2020,2021,2022,2023,2024,2025",False,v10,04fdc65,2026-08-05T00:54:23+00:00
33,174,11,"2015,2016,2017,2018,2019,2020,2021,2022,2023,2024,2025",False,v10,04fdc65,2026-08-05T00:54:23+00:00
6,191,11,"2015,2016,2017,2018,2019,2020,2021,2022,2023,2024,2025",False,v10,04fdc65,2026-08-05T00:54:23+00:00
7,192,11,"2015,2016,2017,2018,2019,2020,2021,2022,2023,2024,2025",False,v10,04fdc65,2026-08-05T00:54:23+00:00
7,191,11,"2015,2016,2017,2018,2019,2020,2021,2022,2023,2024,2025",False,v10,04fdc65,2026-08-05T00:54:23+00:00
7,190,11,"2015,2016,2017,2018,2019,2020,2021,2022,2023,2024,2025",False,v10,04fdc65,2026-08-05T00:54:23+00:00
7,189,11,"2015,2016,2017,2018,2019,2020,2021,2022,2023,2024,2025",False,v10,04fdc65,2026-08-05T00:54:23+00:00
7,188,11,"2015,2016,2017,2018,2019,2020,2021,2022,2023,2024,2025",False,v10,04fdc65,2026-08-05T00:54:23+00:00
7,187,11,"2015,2016,2017,2018,2019,2020,2021,2022,2023,2024,2025",False,v10,04fdc65,2026-08-05T00:54:23+00:00
7,186,11,"2015,2016,2017,2018,2019,2020,2021,2022,2023,2024,2025",False,v10,04fdc65,2026-08-05T00:54:23+00:00
7,185,11,"2015,2016,2017,2018,2019,2020,2021,2022,2023,2024,2025",False,v10,04fdc65,2026-08-05T00:54:23+00:00
7,184,11,"2015,2016,2017,2018,2019,2020,2021,2022,2023,2024,2025",False,v10,04fdc65,2026-08-05T00:54:23+00:00
7,183,11,"2015,2016,2017,2018,2019,2020,2021,2022,2023,2024,2025",False,v10,04fdc65,2026-08-05T00:54:23+00:00
7,182,11,"2015,2016,2017,2018,2019,2020,2021,2022,2023,2024,2025",False,v10,04fdc65,2026-08-05T00:54:23+00:00
7,181,11,"2015,2016,2017,2018,2019,2020,2021,2022,2023,2024,2025",False,v10,04fdc65,2026-08-05T00:54:23+00:00
8,46,11,"2015,2016,2017,2018,2019,2020,2021,2022,2023,2024,2025",False,v10,04fdc65,2026-08-05T00:54:23+00:00
8,45,11,"2015,2016,2017,2018,2019,2020,2021,2022,2023,2024,2025",False,v10,04fdc65,2026-08-05T00:54:23+00:00
8,44,11,"2015,2016,2017,2018,2019,2020,2021,2022,2023,2024,2025",False,v10,04fdc65,2026-08-05T00:54:23+00:00
31,183,11,"2015,2016,2017,2018,2019,2020,2021,2022,2023,2024,2025",False,v10,04fdc65,2026-08-05T00:54:23+00:00
31,184,11,"2015,2016,2017,2018,2019,2020,2021,2022,2023,2024,2025",False,v10,04fdc65,2026-08-05T00:54:23+00:00
31,185,11,"2015,2016,2017,2018,2019,2020,2021,2022,2023,2024,2025",False,v10,04fdc65,2026-08-05T00:54:23+00:00
31,186,11,"2015,2016,2017,2018,2019,2020,2021,2022,2023,2024,2025",False,v10,04fdc65,2026-08-05T00:54:23+00:00
31,187,11,"2015,2016,2017,2018,2019,2020,2021,2022,2023,2024,2025",False,v10,04fdc65,2026-08-05T00:54:23+00:00
32,173,11,"2015,2016,2017,2018,2019,2020,2021,2022,2023,2024,2025",False,v10,04fdc65,2026-08-05T00:54:23+00:00
32,174,11,"2015,2016,2017,2018,2019,2020,2021,2022,2023,2024,2025",False,v10,04fdc65,2026-08-05T00:54:23+00:00
31,189,11,"2015,2016,2017,2018,2019,2020,2021,2022,2023,2024,2025",False,v10,04fdc65,2026-08-05T00:54:23+00:00
30,188,11,"2015,2016,2017,2018,2019,2020,2021,2022,2023,2024,2025",False,v10,04fdc65,2026-08-05T00:54:23+00:00
32,179,11,"2015,2016,2017,2018,2019,2020,2021,2022,2023,2024,2025",False,v10,04fdc65,2026-08-05T00:54:23+00:00
32,180,11,"2015,2016,2017,2018,2019,2020,2021,2022,2023,2024,2025",False,v10,04fdc65,2026-08-05T00:54:23+00:00
32,181,11,"2015,2016,2017,2018,2019,2020,2021,2022,2023,2024,2025",False,v10,04fdc65,2026-08-05T00:54:23+00:00
32,182,11,"2015,2016,2017,2018,2019,2020,2021,2022,2023,2024,2025",False,v10,04fdc65,2026-08-05T00:54:23+00:00
32,183,11,"2015,2016,2017,2018,2019,2020,2021,2022,2023,2024,2025",False,v10,04fdc65,2026-08-05T00:54:23+00:00
32,184,11,"2015,2016,2017,2018,2019,2020,2021,2022,2023,2024,2025",False,v10,04fdc65,2026-08-05T00:54:23+00:00
32,185,11,"2015,2016,2017,2018,2019,2020,2021,2022,2023,2024,2025",False,v10,04fdc65,2026-08-05T00:54:23+00:00
30,187,11,"2015,2016,2017,2018,2019,2020,2021,2022,2023,2024,2025",False,v10,04fdc65,2026-08-05T00:54:23+00:00
31,190,11,"2015,2016,2017,2018,2019,2020,2021,2022,2023,2024,2025",False,v10,04fdc65,2026-08-05T00:54:23+00:00
21,166,11,"2015,2016,2017,2018,2019,2020,2021,2022,2023,2024,2025",False,v10,04fdc65,2026-08-05T00:54:23+00:00
21,181,11,"2015,2016,2017,2018,2019,2020,2021,2022,2023,2024,2025",False,v10,04fdc65,2026-08-05T00:54:23+00:00
21,180,11,"2015,2016,2017,2018,2019,2020,2021,2022,2023,2024,2025",False,v10,04fdc65,2026-08-05T00:54:23+00:00
21,179,11,"2015,2016,2017,2018,2019,2020,2021,2022,2023,2024,2025",False,v10,04fdc65,2026-08-05T00:54:23+00:00
21,178,11,"2015,2016,2017,2018,2019,2020,2021,2022,2023,2024,2025",False,v10,04fdc65,2026-08-05T00:54:23+00:00
21,177,11,"2015,2016,2017,2018,2019,2020,2021,2022,2023,2024,2025",False,v10,04fdc65,2026-08-05T00:54:23+00:00
19,52,11,"2015,2016,2017,2018,2019,2020,2021,2022,2023,2024,2025",False,v10,04fdc65,2026-08-05T00:54:23+00:00
19,51,11,"2015,2016,2017,2018,2019,2020,2021,2022,2023,2024,2025",False,v10,04fdc65,2026-08-05T00:54:23+00:00
19,50,11,"2015,2016,2017,2018,2019,2020,2021,2022,2023,2024,2025",False,v10,04fdc65,2026-08-05T00:54:23+00:00
19,49,11,"2015,2016,2017,2018,2019,2020,2021,2022,2023,2024,2025",False,v10,04fdc65,2026-08-05T00:54:23+00:00
19,48,11,"2015,2016,2017,2018,2019,2020,2021,2022,2023,2024,2025",False,v10,04fdc65,2026-08-05T00:54:23+00:00
21,54,11,"2015,2016,2017,2018,2019,2020,2021,2022,2023,2024,2025",False,v10,04fdc65,2026-08-05T00:54:23+00:00
19,61,11,"2015,2016,2017,2018,2019,2020,2021,2022,2023,2024,2025",False,v10,04fdc65,2026-08-05T00:54:23+00:00
19,44,11,"2015,2016,2017,2018,2019,2020,2021,2022,2023,2024,2025",False,v10,04fdc65,2026-08-05T00:54:23+00:00
34,186,11,"2015,2016,2017,2018,2019,2020,2021,2022,2023,2024,2025",False,v10,04fdc65,2026-08-05T00:54:23+00:00
21,81,11,"2015,2016,2017,2018,2019,2020,2021,2022,2023,2024,2025",False,v10,04fdc65,2026-08-05T00:54:23+00:00
21,157,11,"2015,2016,2017,2018,2019,2020,2021,2022,2023,2024,2025",False,v10,04fdc65,2026-08-05T00:54:23+00:00
36,179,11,"2015,2016,2017,2018,2019,2020,2021,2022,2023,2024,2025",False,v10,04fdc65,2026-08-05T00:54:23+00:00
21,165,11,"2015,2016,2017,2018,2019,2020,2021,2022,2023,2024,2025",False,v10,04fdc65,2026-08-05T00:54:23+00:00
21,164,11,"2015,2016,2017,2018,2019,2020,2021,2022,2023,2024,2025",False,v10,04fdc65,2026-08-05T00:54:23+00:00
21,163,11,"2015,2016,2017,2018,2019,2020,2021,2022,2023,2024,2025",False,v10,04fdc65,2026-08-05T00:54:23+00:00
21,162,11,"2015,2016,2017,2018,2019,2020,2021,2022,2023,2024,2025",False,v10,04fdc65,2026-08-05T00:54:23+00:00
19,42,11,"2015,2016,2017,2018,2019,2020,2021,2022,2023,2024,2025",False,v10,04fdc65,2026-08-05T00:54:23+00:00
21,160,11,"2015,2016,2017,2018,2019,2020,2021,2022,2023,2024,2025",False,v10,04fdc65,2026-08-05T00:54:23+00:00
21,159,11,"2015,2016,2017,2018,2019,2020,2021,2022,2023,2024,2025",False,v10,04fdc65,2026-08-05T00:54:23+00:00
21,158,11,"2015,2016,2017,2018,2019,2020,2021,2022,2023,2024,2025",False,v10,04fdc65,2026-08-05T00:54:23+00:00
21,173,11,"2015,2016,2017,2018,2019,2020,2021,2022,2023,2024,2025",False,v10,04fdc65,2026-08-05T00:54:23+00:00
21,172,11,"2015,2016,2017,2018,2019,2020,2021,2022,2023,2024,2025",False,v10,04fdc65,2026-08-05T00:54:23+00:00
19,40,11,"2015,2016,2017,2018,2019,2020,2021,2022,2023,2024,2025",False,v10,04fdc65,2026-08-05T00:54:23+00:00
19,41,11,"2015,2016,2017,2018,2019,2020,2021,2022,2023,2024,2025",False,v10,04fdc65,2026-08-05T00:54:23+00:00
21,161,11,"2015,2016,2017,2018,2019,2020,2021,2022,2023,2024,2025",False,v10,04fdc65,2026-08-05T00:54:23+00:00
33,188,11,"2015,2016,2017,2018,2019,2020,2021,2022,2023,2024,2025",False,v10,04fdc65,2026-08-05T00:54:23+00:00
33,189,11,"2015,2016,2017,2018,2019,2020,2021,2022,2023,2024,2025",False,v10,04fdc65,2026-08-05T00:54:23+00:00
33,190,11,"2015,2016,2017,2018,2019,2020,2021,2022,2023,2024,2025",False,v10,04fdc65,2026-08-05T00:54:23+00:00
33,191,11,"2015,2016,2017,2018,2019,2020,2021,2022,2023,2024,2025",False,v10,04fdc65,2026-08-05T00:54:23+00:00
6,182,11,"2015,2016,2017,2018,2019,2020,2021,2022,2023,2024,2025",False,v10,04fdc65,2026-08-05T00:54:23+00:00
34,190,11,"2015,2016,2017,2018,2019,2020,2021,2022,2023,2024,2025",False,v10,04fdc65,2026-08-05T00:54:23+00:00
34,175,11,"2015,2016,2017,2018,2019,2020,2021,2022,2023,2024,2025",False,v10,04fdc65,2026-08-05T00:54:23+00:00
21,167,11,"2015,2016,2017,2018,2019,2020,2021,2022,2023,2024,2025",False,v10,04fdc65,2026-08-05T00:54:23+00:00
34,177,11,"2015,2016,2017,2018,2019,2020,2021,2022,2023,2024,2025",False,v10,04fdc65,2026-08-05T00:54:23+00:00
34,178,11,"2015,2016,2017,2018,2019,2020,2021,2022,2023,2024,2025",False,v10,04fdc65,2026-08-05T00:54:23+00:00
34,179,11,"2015,2016,2017,2018,2019,2020,2021,2022,2023,2024,2025",False,v10,04fdc65,2026-08-05T00:54:23+00:00
34,180,11,"2015,2016,2017,2018,2019,2020,2021,2022,2023,2024,2025",False,v10,04fdc65,2026-08-05T00:54:23+00:00
34,181,11,"2015,2016,2017,2018,2019,2020,2021,2022,2023,2024,2025",False,v10,04fdc65,2026-08-05T00:54:23+00:00
34,183,11,"2015,2016,2017,2018,2019,2020,2021,2022,2023,2024,2025",False,v10,04fdc65,2026-08-05T00:54:23+00:00
34,184,11,"2015,2016,2017,2018,2019,2020,2021,2022,2023,2024,2025",False,v10,04fdc65,2026-08-05T00:54:23+00:00
34,185,11,"2015,2016,2017,2018,2019,2020,2021,2022,2023,2024,2025",False,v10,04fdc65,2026-08-05T00:54:23+00:00
34,176,11,"2015,2016,2017,2018,2019,2020,2021,2022,2023,2024,2025",False,v10,04fdc65,2026-08-05T00:54:23+00:00
36,184,11,"2015,2016,2017,2018,2019,2020,2021,2022,2023,2024,2025",False,v10,04fdc65,2026-08-05T00:54:23+00:00
21,185,11,"2015,2016,2017,2018,2019,2020,2021,2022,2023,2024,2025",False,v10,04fdc65,2026-08-05T00:54:23+00:00
21,186,11,"2015,2016,2017,2018,2019,2020,2021,2022,2023,2024,2025",False,v10,04fdc65,2026-08-05T00:54:23+00:00
21,187,11,"2015,2016,2017,2018,2019,2020,2021,2022,2023,2024,2025",False,v10,04fdc65,2026-08-05T00:54:23+00:00
21,188,11,"2015,2016,2017,2018,2019,2020,2021,2022,2023,2024,2025",False,v10,04fdc65,2026-08-05T00:54:23+00:00
21,189,11,"2015,2016,2017,2018,2019,2020,2021,2022,2023,2024,2025",False,v10,04fdc65,2026-08-05T00:54:23+00:00
21,174,11,"2015,2016,2017,2018,2019,2020,2021,2022,2023,2024,2025",False,v10,04fdc65,2026-08-05T00:54:23+00:00
34,182,11,"2015,2016,2017,2018,2019,2020,2021,2022,2023,2024,2025",False,v10,04fdc65,2026-08-05T00:54:23+00:00
21,176,11,"2015,2016,2017,2018,2019,2020,2021,2022,2023,2024,2025",False,v10,04fdc65,2026-08-05T00:54:23+00:00
21,79,11,"2015,2016,2017,2018,2019,2020,2021,2022,2023,2024,2025",False,v10,04fdc65,2026-08-05T00:54:23+00:00
21,80,11,"2015,2016,2017,2018,2019,2020,2021,2022,2023,2024,2025",False,v10,04fdc65,2026-08-05T00:54:23+00:00
21,170,11,"2015,2016,2017,2018,2019,2020,2021,2022,2023,2024,2025",False,v10,04fdc65,2026-08-05T00:54:23+00:00
6,183,11,"2015,2016,2017,2018,2019,2020,2021,2022,2023,2024,2025",False,v10,04fdc65,2026-08-05T00:54:23+00:00
6,184,11,"2015,2016,2017,2018,2019,2020,2021,2022,2023,2024,2025",False,v10,04fdc65,2026-08-05T00:54:23+00:00
6,185,11,"2015,2016,2017,2018,2019,2020,2021,2022,2023,2024,2025",False,v10,04fdc65,2026-08-05T00:54:23+00:00
6,186,11,"2015,2016,2017,2018,2019,2020,2021,2022,2023,2024,2025",False,v10,04fdc65,2026-08-05T00:54:23+00:00
21,175,11,"2015,2016,2017,2018,2019,2020,2021,2022,2023,2024,2025",False,v10,04fdc65,2026-08-05T00:54:23+00:00
9,15,11,"2015,2016,2017,2018,2019,2020,2021,2022,2023,2024,2025",False,v10,04fdc65,2026-08-05T00:54:23+00:00
8,188,11,"2015,2016,2017,2018,2019,2020,2021,2022,2023,2024,2025",False,v10,04fdc65,2026-08-05T00:54:23+00:00
20,198,11,"2015,2016,2017,2018,2019,2020,2021,2022,2023,2024,2025",False,v10,04fdc65,2026-08-05T00:54:23+00:00
20,197,11,"2015,2016,2017,2018,2019,2020,2021,2022,2023,2024,2025",False,v10,04fdc65,2026-08-05T00:54:23+00:00
20,196,11,"2015,2016,2017,2018,2019,2020,2021,2022,2023,2024,2025",False,v10,04fdc65,2026-08-05T00:54:23+00:00
20,195,11,"2015,2016,2017,2018,2019,2020,2021,2022,2023,2024,2025",False,v10,04fdc65,2026-08-05T00:54:23+00:00
20,194,11,"2015,2016,2017,2018,2019,2020,2021,2022,2023,2024,2025",False,v10,04fdc65,2026-08-05T00:54:23+00:00
20,193,11,"2015,2016,2017,2018,2019,2020,2021,2022,2023,2024,2025",False,v10,04fdc65,2026-08-05T00:54:23+00:00
20,208,11,"2015,2016,2017,2018,2019,2020,2021,2022,2023,2024,2025",False,v10,04fdc65,2026-08-05T00:54:23+00:00
20,207,11,"2015,2016,2017,2018,2019,2020,2021,2022,2023,2024,2025",False,v10,04fdc65,2026-08-05T00:54:23+00:00
20,190,11,"2015,2016,2017,2018,2019,2020,2021,2022,2023,2024,2025",False,v10,04fdc65,2026-08-05T00:54:23+00:00
20,189,11,"2015,2016,2017,2018,2019,2020,2021,2022,2023,2024,2025",False,v10,04fdc65,2026-08-05T00:54:23+00:00
20,188,11,"2015,2016,2017,2018,2019,2020,2021,2022,2023,2024,2025",False,v10,04fdc65,2026-08-05T00:54:23+00:00
20,187,11,"2015,2016,2017,2018,2019,2020,2021,2022,2023,2024,2025",False,v10,04fdc65,2026-08-05T00:54:23+00:00
20,186,11,"2015,2016,2017,2018,2019,2020,2021,2022,2023,2024,2025",False,v10,04fdc65,2026-08-05T00:54:23+00:00
20,228,11,"2015,2016,2017,2018,2019,2020,2021,2022,2023,2024,2025",False,v10,04fdc65,2026-08-05T00:54:23+00:00
21,209,11,"2015,2016,2017,2018,2019,2020,2021,2022,2023,2024,2025",False,v10,04fdc65,2026-08-05T00:54:23+00:00
21,210,11,"2015,2016,2017,2018,2019,2020,2021,2022,2023,2024,2025",False,v10,04fdc65,2026-08-05T00:54:23+00:00
21,211,11,"2015,2016,2017,2018,2019,2020,2021,2022,2023,2024,2025",False,v10,04fdc65,2026-08-05T00:54:23+00:00
21,212,11,"2015,2016,2017,2018,2019,2020,2021,2022,2023,2024,2025",False,v10,04fdc65,2026-08-05T00:54:23+00:00
21,213,11,"2015,2016,2017,2018,2019,2020,2021,2022,2023,2024,2025",False,v10,04fdc65,2026-08-05T00:54:23+00:00
21,198,11,"2015,2016,2017,2018,2019,2020,2021,2022,2023,2024,2025",False,v10,04fdc65,2026-08-05T00:54:23+00:00
21,199,11,"2015,2016,2017,2018,2019,2020,2021,2022,2023,2024,2025",False,v10,04fdc65,2026-08-05T00:54:23+00:00
20,185,11,"2015,2016,2017,2018,2019,2020,2021,2022,2023,2024,2025",False,v10,04fdc65,2026-08-05T00:54:23+00:00
20,192,11,"2015,2016,2017,2018,2019,2020,2021,2022,2023,2024,2025",False,v10,04fdc65,2026-08-05T00:54:23+00:00
21,214,11,"2015,2016,2017,2018,2019,2020,2021,2022,2023,2024,2025",False,v10,04fdc65,2026-08-05T00:54:23+00:00
21,215,11,"2015,2016,2017,2018,2019,2020,2021,2022,2023,2024,2025",False,v10,04fdc65,2026-08-05T00:54:23+00:00
21,216,11,"2015,2016,2017,2018,2019,2020,2021,2022,2023,2024,2025",False,v10,04fdc65,2026-08-05T00:54:23+00:00
21,206,11,"2015,2016,2017,2018,2019,2020,2021,2022,2023,2024,2025",False,v10,04fdc65,2026-08-05T00:54:23+00:00
21,207,11,"2015,2016,2017,2018,2019,2020,2021,2022,2023,2024,2025",False,v10,04fdc65,2026-08-05T00:54:23+00:00
20,199,11,"2015,2016,2017,2018,2019,2020,2021,2022,2023,2024,2025",False,v10,04fdc65,2026-08-05T00:54:23+00:00
20,200,11,"2015,2016,2017,2018,2019,2020,2021,2022,2023,2024,2025",False,v10,04fdc65,2026-08-05T00:54:23+00:00
20,191,11,"2015,2016,2017,2018,2019,2020,2021,2022,2023,2024,2025",False,v10,04fdc65,2026-08-05T00:54:23+00:00
27,203,11,"2015,2016,2017,2018,2019,2020,2021,2022,2023,2024,2025",False,v10,04fdc65,2026-08-05T00:54:23+00:00
27,189,11,"2015,2016,2017,2018,2019,2020,2021,2022,2023,2024,2025",False,v10,04fdc65,2026-08-05T00:54:23+00:00
27,188,11,"2015,2016,2017,2018,2019,2020,2021,2022,2023,2024,2025",False,v10,04fdc65,2026-08-05T00:54:23+00:00
27,199,11,"2015,2016,2017,2018,2019,2020,2021,2022,2023,2024,2025",False,v10,04fdc65,2026-08-05T00:54:23+00:00
27,198,11,"2015,2016,2017,2018,2019,2020,2021,2022,2023,2024,2025",False,v10,04fdc65,2026-08-05T00:54:23+00:00
27,197,11,"2015,2016,2017,2018,2019,2020,2021,2022,2023,2024,2025",False,v10,04fdc65,2026-08-05T00:54:23+00:00
27,196,11,"2015,2016,2017,2018,2019,2020,2021,2022,2023,2024,2025",False,v10,04fdc65,2026-08-05T00:54:23+00:00
27,195,11,"2015,2016,2017,2018,2019,2020,2021,2022,2023,2024,2025",False,v10,04fdc65,2026-08-05T00:54:23+00:00
8,203,11,"2015,2016,2017,2018,2019,2020,2021,2022,2023,2024,2025",False,v10,04fdc65,2026-08-05T00:54:23+00:00
8,202,11,"2015,2016,2017,2018,2019,2020,2021,2022,2023,2024,2025",False,v10,04fdc65,2026-08-05T00:54:23+00:00
8,201,11,"2015,2016,2017,2018,2019,2020,2021,2022,2023,2024,2025",False,v10,04fdc65,2026-08-05T00:54:23+00:00
8,200,11,"2015,2016,2017,2018,2019,2020,2021,2022,2023,2024,2025",False,v10,04fdc65,2026-08-05T00:54:23+00:00
8,199,11,"2015,2016,2017,2018,2019,2020,2021,2022,2023,2024,2025",False,v10,04fdc65,2026-08-05T00:54:23+00:00
8,198,11,"2015,2016,2017,2018,2019,2020,2021,2022,2023,2024,2025",False,v10,04fdc65,2026-08-05T00:54:23+00:00
8,197,11,"2015,2016,2017,2018,2019,2020,2021,2022,2023,2024,2025",False,v10,04fdc65,2026-08-05T00:54:23+00:00
8,222,11,"2015,2016,2017,2018,2019,2020,2021,2022,2023,2024,2025",False,v10,04fdc65,2026-08-05T00:54:23+00:00
8,196,11,"2015,2016,2017,2018,2019,2020,2021,2022,2023,2024,2025",False,v10,04fdc65,2026-08-05T00:54:23+00:00
8,181,11,"2015,2016,2017,2018,2019,2020,2021,2022,2023,2024,2025",False,v10,04fdc65,2026-08-05T00:54:23+00:00
8,182,11,"2015,2016,2017,2018,2019,2020,2021,2022,2023,2024,2025",False,v10,04fdc65,2026-08-05T00:54:23+00:00
8,183,11,"2015,2016,2017,2018,2019,2020,2021,2022,2023,2024,2025",False,v10,04fdc65,2026-08-05T00:54:23+00:00
8,184,11,"2015,2016,2017,2018,2019,2020,2021,2022,2023,2024,2025",False,v10,04fdc65,2026-08-05T00:54:23+00:00
8,185,11,"2015,2016,2017,2018,2019,2020,2021,2022,2023,2024,2025",False,v10,04fdc65,2026-08-05T00:54:23+00:00
8,186,11,"2015,2016,2017,2018,2019,2020,2021,2022,2023,2024,2025",False,v10,04fdc65,2026-08-05T00:54:23+00:00
8,208,11,"2015,2016,2017,2018,2019,2020,2021,2022,2023,2024,2025",False,v10,04fdc65,2026-08-05T00:54:23+00:00
8,204,11,"2015,2016,2017,2018,2019,2020,2021,2022,2023,2024,2025",False,v10,04fdc65,2026-08-05T00:54:23+00:00
8,189,11,"2015,2016,2017,2018,2019,2020,2021,2022,2023,2024,2025",False,v10,04fdc65,2026-08-05T00:54:23+00:00
8,190,11,"2015,2016,2017,2018,2019,2020,2021,2022,2023,2024,2025",False,v10,04fdc65,2026-08-05T00:54:23+00:00
8,191,11,"2015,2016,2017,2018,2019,2020,2021,2022,2023,2024,2025",False,v10,04fdc65,2026-08-05T00:54:23+00:00
8,192,11,"2015,2016,2017,2018,2019,2020,2021,2022,2023,2024,2025",False,v10,04fdc65,2026-08-05T00:54:23+00:00
8,193,11,"2015,2016,2017,2018,2019,2020,2021,2022,2023,2024,2025",False,v10,04fdc65,2026-08-05T00:54:23+00:00
8,194,11,"2015,2016,2017,2018,2019,2020,2021,2022,2023,2024,2025",False,v10,04fdc65,2026-08-05T00:54:23+00:00
8,195,11,"2015,2016,2017,2018,2019,2020,2021,2022,2023,2024,2025",False,v10,04fdc65,2026-08-05T00:54:23+00:00
8,187,11,"2015,2016,2017,2018,2019,2020,2021,2022,2023,2024,2025",False,v10,04fdc65,2026-08-05T00:54:23+00:00
8,169,11,"2015,2016,2017,2018,2019,2020,2021,2022,2023,2024,2025",False,v10,04fdc65,2026-08-05T00:54:23+00:00
8,180,11,"2015,2016,2017,2018,2019,2020,2021,2022,2023,2024,2025",False,v10,04fdc65,2026-08-05T00:54:23+00:00
8,179,11,"2015,2016,2017,2018,2019,2020,2021,2022,2023,2024,2025",False,v10,04fdc65,2026-08-05T00:54:23+00:00
21,191,11,"2015,2016,2017,2018,2019,2020,2021,2022,2023,2024,2025",False,v10,04fdc65,2026-08-05T00:54:23+00:00
21,190,11,"2015,2016,2017,2018,2019,2020,2021,2022,2023,2024,2025",False,v10,04fdc65,2026-08-05T00:54:23+00:00
21,205,11,"2015,2016,2017,2018,2019,2020,2021,2022,2023,2024,2025",False,v10,04fdc65,2026-08-05T00:54:23+00:00
21,204,11,"2015,2016,2017,2018,2019,2020,2021,2022,2023,2024,2025",False,v10,04fdc65,2026-08-05T00:54:23+00:00
21,203,11,"2015,2016,2017,2018,2019,2020,2021,2022,2023,2024,2025",False,v10,04fdc65,2026-08-05T00:54:23+00:00
21,202,11,"2015,2016,2017,2018,2019,2020,2021,2022,2023,2024,2025",False,v10,04fdc65,2026-08-05T00:54:23+00:00
21,201,11,"2015,2016,2017,2018,2019,2020,2021,2022,2023,2024,2025",False,v10,04fdc65,2026-08-05T00:54:23+00:00
21,200,11,"2015,2016,2017,2018,2019,2020,2021,2022,2023,2024,2025",False,v10,04fdc65,2026-08-05T00:54:23+00:00
21,38,11,"2015,2016,2017,2018,2019,2020,2021,2022,2023,2024,2025",False,v10,04fdc65,2026-08-05T00:54:23+00:00
21,197,11,"2015,2016,2017,2018,2019,2020,2021,2022,2023,2024,2025",False,v10,04fdc65,2026-08-05T00:54:23+00:00
21,208,11,"2015,2016,2017,2018,2019,2020,2021,2022,2023,2024,2025",False,v10,04fdc65,2026-08-05T00:54:23+00:00
21,70,11,"2015,2016,2017,2018,2019,2020,2021,2022,2023,2024,2025",False,v10,04fdc65,2026-08-05T00:54:23+00:00
21,71,11,"2015,2016,2017,2018,2019,2020,2021,2022,2023,2024,2025",False,v10,04fdc65,2026-08-05T00:54:23+00:00
21,72,11,"2015,2016,2017,2018,2019,2020,2021,2022,2023,2024,2025",False,v10,04fdc65,2026-08-05T00:54:23+00:00
21,73,11,"2015,2016,2017,2018,2019,2020,2021,2022,2023,2024,2025",False,v10,04fdc65,2026-08-05T00:54:23+00:00
21,74,11,"2015,2016,2017,2018,2019,2020,2021,2022,2023,2024,2025",False,v10,04fdc65,2026-08-05T00:54:23+00:00
21,75,11,"2015,2016,2017,2018,2019,2020,2021,2022,2023,2024,2025",False,v10,04fdc65,2026-08-05T00:54:23+00:00
21,196,11,"2015,2016,2017,2018,2019,2020,2021,2022,2023,2024,2025",False,v10,04fdc65,2026-08-05T00:54:23+00:00
21,44,11,"2015,2016,2017,2018,2019,2020,2021,2022,2023,2024,2025",False,v10,04fdc65,2026-08-05T00:54:23+00:00
21,45,11,"2015,2016,2017,2018,2019,2020,2021,2022,2023,2024,2025",False,v10,04fdc65,2026-08-05T00:54:23+00:00
21,192,11,"2015,2016,2017,2018,2019,2020,2021,2022,2023,2024,2025",False,v10,04fdc65,2026-08-05T00:54:23+00:00
21,193,11,"2015,2016,2017,2018,2019,2020,2021,2022,2023,2024,2025",False,v10,04fdc65,2026-08-05T00:54:23+00:00
21,194,11,"2015,2016,2017,2018,2019,2020,2021,2022,2023,2024,2025",False,v10,04fdc65,2026-08-05T00:54:23+00:00
21,195,11,"2015,2016,2017,2018,2019,2020,2021,2022,2023,2024,2025",False,v10,04fdc65,2026-08-05T00:54:23+00:00
28,190,11,"2015,2016,2017,2018,2019,2020,2021,2022,2023,2024,2025",False,v10,04fdc65,2026-08-05T00:54:23+00:00
28,205,11,"2015,2016,2017,2018,2019,2020,2021,2022,2023,2024,2025",False,v10,04fdc65,2026-08-05T00:54:23+00:00
28,206,11,"2015,2016,2017,2018,2019,2020,2021,2022,2023,2024,2025",False,v10,04fdc65,2026-08-05T00:54:23+00:00
28,191,11,"2015,2016,2017,2018,2019,2020,2021,2022,2023,2024,2025",False,v10,04fdc65,2026-08-05T00:54:23+00:00
28,192,11,"2015,2016,2017,2018,2019,2020,2021,2022,2023,2024,2025",False,v10,04fdc65,2026-08-05T00:54:23+00:00
28,193,11,"2015,2016,2017,2018,2019,2020,2021,2022,2023,2024,2025",False,v10,04fdc65,2026-08-05T00:54:23+00:00
28,194,11,"2015,2016,2017,2018,2019,2020,2021,2022,2023,2024,2025",False,v10,04fdc65,2026-08-05T00:54:23+00:00
28,207,11,"2015,2016,2017,2018,2019,2020,2021,2022,2023,2024,2025",False,v10,04fdc65,2026-08-05T00:54:23+00:00
28,196,11,"2015,2016,2017,2018,2019,2020,2021,2022,2023,2024,2025",False,v10,04fdc65,2026-08-05T00:54:23+00:00
28,208,11,"2015,2016,2017,2018,2019,2020,2021,2022,2023,2024,2025",False,v10,04fdc65,2026-08-05T00:54:23+00:00
28,199,11,"2015,2016,2017,2018,2019,2020,2021,2022,2023,2024,2025",False,v10,04fdc65,2026-08-05T00:54:23+00:00
28,200,11,"2015,2016,2017,2018,2019,2020,2021,2022,2023,2024,2025",False,v10,04fdc65,2026-08-05T00:54:23+00:00
28,201,11,"2015,2016,2017,2018,2019,2020,2021,2022,2023,2024,2025",False,v10,04fdc65,2026-08-05T00:54:23+00:00
28,202,11,"2015,2016,2017,2018,2019,2020,2021,2022,2023,2024,2025",False,v10,04fdc65,2026-08-05T00:54:23+00:00
28,203,11,"2015,2016,2017,2018,2019,2020,2021,2022,2023,2024,2025",False,v10,04fdc65,2026-08-05T00:54:23+00:00
28,204,11,"2015,2016,2017,2018,2019,2020,2021,2022,2023,2024,2025",False,v10,04fdc65,2026-08-05T00:54:23+00:00
28,195,11,"2015,2016,2017,2018,2019,2020,2021,2022,2023,2024,2025",False,v10,04fdc65,2026-08-05T00:54:23+00:00
29,192,11,"2015,2016,2017,2018,2019,2020,2021,2022,2023,2024,2025",False,v10,04fdc65,2026-08-05T00:54:23+00:00
29,193,11,"2015,2016,2017,2018,2019,2020,2021,2022,2023,2024,2025",False,v10,04fdc65,2026-08-05T00:54:23+00:00
29,194,11,"2015,2016,2017,2018,2019,2020,2021,2022,2023,2024,2025",False,v10,04fdc65,2026-08-05T00:54:23+00:00
29,195,11,"2015,2016,2017,2018,2019,2020,2021,2022,2023,2024,2025",False,v10,04fdc65,2026-08-05T00:54:23+00:00
29,196,11,"2015,2016,2017,2018,2019,2020,2021,2022,2023,2024,2025",False,v10,04fdc65,2026-08-05T00:54:23+00:00
29,197,11,"2015,2016,2017,2018,2019,2020,2021,2022,2023,2024,2025",False,v10,04fdc65,2026-08-05T00:54:23+00:00
29,198,11,"2015,2016,2017,2018,2019,2020,2021,2022,2023,2024,2025",False,v10,04fdc65,2026-08-05T00:54:23+00:00
28,189,11,"2015,2016,2017,2018,2019,2020,2021,2022,2023,2024,2025",False,v10,04fdc65,2026-08-05T00:54:23+00:00
30,172,11,"2015,2016,2017,2018,2019,2020,2021,2022,2023,2024,2025",False,v10,04fdc65,2026-08-05T00:54:23+00:00
8,205,11,"2015,2016,2017,2018,2019,2020,2021,2022,2023,2024,2025",False,v10,04fdc65,2026-08-05T00:54:23+00:00
8,206,11,"2015,2016,2017,2018,2019,2020,2021,2022,2023,2024,2025",False,v10,04fdc65,2026-08-05T00:54:23+00:00
8,207,11,"2015,2016,2017,2018,2019,2020,2021,2022,2023,2024,2025",False,v10,04fdc65,2026-08-05T00:54:23+00:00
28,197,11,"2015,2016,2017,2018,2019,2020,2021,2022,2023,2024,2025",False,v10,04fdc65,2026-08-05T00:54:23+00:00
28,198,11,"2015,2016,2017,2018,2019,2020,2021,2022,2023,2024,2025",False,v10,04fdc65,2026-08-05T00:54:23+00:00
28,187,11,"2015,2016,2017,2018,2019,2020,2021,2022,2023,2024,2025",False,v10,04fdc65,2026-08-05T00:54:23+00:00
28,188,11,"2015,2016,2017,2018,2019,2020,2021,2022,2023,2024,2025",False,v10,04fdc65,2026-08-05T00:54:23+00:00
30,171,11,"2015,2016,2017,2018,2019,2020,2021,2022,2023,2024,2025",False,v10,04fdc65,2026-08-05T00:54:23+00:00
20,37,11,"2015,2016,2017,2018,2019,2020,2021,2022,2023,2024,2025",False,v10,04fdc65,2026-08-05T00:54:23+00:00
22,53,11,"2015,2016,2017,2018,2019,2020,2021,2022,2023,2024,2025",False,v10,04fdc65,2026-08-05T00:54:23+00:00
22,52,11,"2015,2016,2017,2018,2019,2020,2021,2022,2023,2024,2025",False,v10,04fdc65,2026-08-05T00:54:23+00:00
22,51,11,"2015,2016,2017,2018,2019,2020,2021,2022,2023,2024,2025",False,v10,04fdc65,2026-08-05T00:54:23+00:00
22,50,11,"2015,2016,2017,2018,2019,2020,2021,2022,2023,2024,2025",False,v10,04fdc65,2026-08-05T00:54:23+00:00
19,212,11,"2015,2016,2017,2018,2019,2020,2021,2022,2023,2024,2025",False,v10,04fdc65,2026-08-05T00:54:23+00:00
19,211,11,"2015,2016,2017,2018,2019,2020,2021,2022,2023,2024,2025",False,v10,04fdc65,2026-08-05T00:54:23+00:00
19,210,11,"2015,2016,2017,2018,2019,2020,2021,2022,2023,2024,2025",False,v10,04fdc65,2026-08-05T00:54:23+00:00
22,45,11,"2015,2016,2017,2018,2019,2020,2021,2022,2023,2024,2025",False,v10,04fdc65,2026-08-05T00:54:23+00:00
22,57,11,"2015,2016,2017,2018,2019,2020,2021,2022,2023,2024,2025",False,v10,04fdc65,2026-08-05T00:54:23+00:00
22,56,11,"2015,2016,2017,2018,2019,2020,2021,2022,2023,2024,2025",False,v10,04fdc65,2026-08-05T00:54:23+00:00
22,55,11,"2015,2016,2017,2018,2019,2020,2021,2022,2023,2024,2025",False,v10,04fdc65,2026-08-05T00:54:23+00:00
22,54,11,"2015,2016,2017,2018,2019,2020,2021,2022,2023,2024,2025",False,v10,04fdc65,2026-08-05T00:54:23+00:00
25,176,11,"2015,2016,2017,2018,2019,2020,2021,2022,2023,2024,2025",False,v10,04fdc65,2026-08-05T00:54:23+00:00
24,203,11,"2015,2016,2017,2018,2019,2020,2021,2022,2023,2024,2025",False,v10,04fdc65,2026-08-05T00:54:23+00:00
12,132,7,"2019,2020,2021,2022,2023,2024,2025",False,v10,04fdc65,2026-08-05T00:54:23+00:00
12,133,11,"2015,2016,2017,2018,2019,2020,2021,2022,2023,2024,2025",False,v10,04fdc65,2026-08-05T00:54:23+00:00
12,135,11,"2015,2016,2017,2018,2019,2020,2021,2022,2023,2024,2025",False,v10,04fdc65,2026-08-05T00:54:23+00:00
24,209,11,"2015,2016,2017,2018,2019,2020,2021,2022,2023,2024,2025",False,v10,04fdc65,2026-08-05T00:54:23+00:00
24,210,11,"2015,2016,2017,2018,2019,2020,2021,2022,2023,2024,2025",False,v10,04fdc65,2026-08-05T00:54:23+00:00
24,211,11,"2015,2016,2017,2018,2019,2020,2021,2022,2023,2024,2025",False,v10,04fdc65,2026-08-05T00:54:23+00:00
20,64,11,"2015,2016,2017,2018,2019,2020,2021,2022,2023,2024,2025",False,v10,04fdc65,2026-08-05T00:54:23+00:00
12,140,11,"2015,2016,2017,2018,2019,2020,2021,2022,2023,2024,2025",False,v10,04fdc65,2026-08-05T00:54:23+00:00
12,141,11,"2015,2016,2017,2018,2019,2020,2021,2022,2023,2024,2025",False,v10,04fdc65,2026-08-05T00:54:23+00:00
12,142,11,"2015,2016,2017,2018,2019,2020,2021,2022,2023,2024,2025",False,v10,04fdc65,2026-08-05T00:54:23+00:00
12,143,11,"2015,2016,2017,2018,2019,2020,2021,2022,2023,2024,2025",False,v10,04fdc65,2026-08-05T00:54:23+00:00
22,46,11,"2015,2016,2017,2018,2019,2020,2021,2022,2023,2024,2025",False,v10,04fdc65,2026-08-05T00:54:23+00:00
22,47,11,"2015,2016,2017,2018,2019,2020,2021,2022,2023,2024,2025",False,v10,04fdc65,2026-08-05T00:54:23+00:00
22,48,11,"2015,2016,2017,2018,2019,2020,2021,2022,2023,2024,2025",False,v10,04fdc65,2026-08-05T00:54:23+00:00
22,49,11,"2015,2016,2017,2018,2019,2020,2021,2022,2023,2024,2025",False,v10,04fdc65,2026-08-05T00:54:23+00:00
24,212,11,"2015,2016,2017,2018,2019,2020,2021,2022,2023,2024,2025",False,v10,04fdc65,2026-08-05T00:54:23+00:00
24,183,11,"2015,2016,2017,2018,2019,2020,2021,2022,2023,2024,2025",False,v10,04fdc65,2026-08-05T00:54:23+00:00
24,182,11,"2015,2016,2017,2018,2019,2020,2021,2022,2023,2024,2025",False,v10,04fdc65,2026-08-05T00:54:23+00:00
24,181,11,"2015,2016,2017,2018,2019,2020,2021,2022,2023,2024,2025",False,v10,04fdc65,2026-08-05T00:54:23+00:00
24,196,11,"2015,2016,2017,2018,2019,2020,2021,2022,2023,2024,2025",False,v10,04fdc65,2026-08-05T00:54:23+00:00
24,179,11,"2015,2016,2017,2018,2019,2020,2021,2022,2023,2024,2025",False,v10,04fdc65,2026-08-05T00:54:23+00:00
24,178,11,"2015,2016,2017,2018,2019,2020,2021,2022,2023,2024,2025",False,v10,04fdc65,2026-08-05T00:54:23+00:00
24,177,11,"2015,2016,2017,2018,2019,2020,2021,2022,2023,2024,2025",False,v10,04fdc65,2026-08-05T00:54:23+00:00
24,176,11,"2015,2016,2017,2018,2019,2020,2021,2022,2023,2024,2025",False,v10,04fdc65,2026-08-05T00:54:23+00:00
24,175,11,"2015,2016,2017,2018,2019,2020,2021,2022,2023,2024,2025",False,v10,04fdc65,2026-08-05T00:54:23+00:00
24,174,11,"2015,2016,2017,2018,2019,2020,2021,2022,2023,2024,2025",False,v10,04fdc65,2026-08-05T00:54:23+00:00
24,173,11,"2015,2016,2017,2018,2019,2020,2021,2022,2023,2024,2025",False,v10,04fdc65,2026-08-05T00:54:23+00:00
24,188,11,"2015,2016,2017,2018,2019,2020,2021,2022,2023,2024,2025",False,v10,04fdc65,2026-08-05T00:54:23+00:00
12,178,11,"2015,2016,2017,2018,2019,2020,2021,2022,2023,2024,2025",False,v10,04fdc65,2026-08-05T00:54:23+00:00
12,177,11,"2015,2016,2017,2018,2019,2020,2021,2022,2023,2024,2025",False,v10,04fdc65,2026-08-05T00:54:23+00:00
12,176,11,"2015,2016,2017,2018,2019,2020,2021,2022,2023,2024,2025",False,v10,04fdc65,2026-08-05T00:54:23+00:00
20,38,11,"2015,2016,2017,2018,2019,2020,2021,2022,2023,2024,2025",False,v10,04fdc65,2026-08-05T00:54:23+00:00
19,228,11,"2015,2016,2017,2018,2019,2020,2021,2022,2023,2024,2025",False,v10,04fdc65,2026-08-05T00:54:23+00:00
19,229,11,"2015,2016,2017,2018,2019,2020,2021,2022,2023,2024,2025",False,v10,04fdc65,2026-08-05T00:54:23+00:00
19,230,11,"2015,2016,2017,2018,2019,2020,2021,2022,2023,2024,2025",False,v10,04fdc65,2026-08-05T00:54:23+00:00
19,208,11,"2015,2016,2017,2018,2019,2020,2021,2022,2023,2024,2025",False,v10,04fdc65,2026-08-05T00:54:23+00:00
19,209,11,"2015,2016,2017,2018,2019,2020,2021,2022,2023,2024,2025",False,v10,04fdc65,2026-08-05T00:54:23+00:00
12,179,11,"2015,2016,2017,2018,2019,2020,2021,2022,2023,2024,2025",False,v10,04fdc65,2026-08-05T00:54:23+00:00
12,175,11,"2015,2016,2017,2018,2019,2020,2021,2022,2023,2024,2025",False,v10,04fdc65,2026-08-05T00:54:23+00:00
12,165,11,"2015,2016,2017,2018,2019,2020,2021,2022,2023,2024,2025",False,v10,04fdc65,2026-08-05T00:54:23+00:00
12,166,11,"2015,2016,2017,2018,2019,2020,2021,2022,2023,2024,2025",False,v10,04fdc65,2026-08-05T00:54:23+00:00
12,167,11,"2015,2016,2017,2018,2019,2020,2021,2022,2023,2024,2025",False,v10,04fdc65,2026-08-05T00:54:23+00:00
12,168,11,"2015,2016,2017,2018,2019,2020,2021,2022,2023,2024,2025",False,v10,04fdc65,2026-08-05T00:54:23+00:00
24,180,11,"2015,2016,2017,2018,2019,2020,2021,2022,2023,2024,2025",False,v10,04fdc65,2026-08-05T00:54:23+00:00
12,172,11,"2015,2016,2017,2018,2019,2020,2021,2022,2023,2024,2025",False,v10,04fdc65,2026-08-05T00:54:23+00:00
12,173,11,"2015,2016,2017,2018,2019,2020,2021,2022,2023,2024,2025",False,v10,04fdc65,2026-08-05T00:54:23+00:00
12,174,11,"2015,2016,2017,2018,2019,2020,2021,2022,2023,2024,2025",False,v10,04fdc65,2026-08-05T00:54:23+00:00
12,164,11,"2015,2016,2017,2018,2019,2020,2021,2022,2023,2024,2025",False,v10,04fdc65,2026-08-05T00:54:23+00:00
24,208,11,"2015,2016,2017,2018,2019,2020,2021,2022,2023,2024,2025",False,v10,04fdc65,2026-08-05T00:54:23+00:00
24,207,11,"2015,2016,2017,2018,2019,2020,2021,2022,2023,2024,2025",False,v10,04fdc65,2026-08-05T00:54:23+00:00
24,206,11,"2015,2016,2017,2018,2019,2020,2021,2022,2023,2024,2025",False,v10,04fdc65,2026-08-05T00:54:23+00:00
24,215,11,"2015,2016,2017,2018,2019,2020,2021,2022,2023,2024,2025",False,v10,04fdc65,2026-08-05T00:54:23+00:00
24,214,11,"2015,2016,2017,2018,2019,2020,2021,2022,2023,2024,2025",False,v10,04fdc65,2026-08-05T00:54:23+00:00
24,213,11,"2015,2016,2017,2018,2019,2020,2021,2022,2023,2024,2025",False,v10,04fdc65,2026-08-05T00:54:23+00:00
25,51,11,"2015,2016,2017,2018,2019,2020,2021,2022,2023,2024,2025",False,v10,04fdc65,2026-08-05T00:54:23+00:00
12,16,11,"2015,2016,2017,2018,2019,2020,2021,2022,2023,2024,2025",False,v10,04fdc65,2026-08-05T00:54:23+00:00
12,14,11,"2015,2016,2017,2018,2019,2020,2021,2022,2023,2024,2025",False,v10,04fdc65,2026-08-05T00:54:23+00:00
12,29,11,"2015,2016,2017,2018,2019,2020,2021,2022,2023,2024,2025",False,v10,04fdc65,2026-08-05T00:54:23+00:00
12,28,11,"2015,2016,2017,2018,2019,2020,2021,2022,2023,2024,2025",False,v10,04fdc65,2026-08-05T00:54:23+00:00
12,27,11,"2015,2016,2017,2018,2019,2020,2021,2022,2023,2024,2025",False,v10,04fdc65,2026-08-05T00:54:23+00:00
12,26,11,"2015,2016,2017,2018,2019,2020,2021,2022,2023,2024,2025",False,v10,04fdc65,2026-08-05T00:54:23+00:00
12,25,11,"2015,2016,2017,2018,2019,2020,2021,2022,2023,2024,2025",False,v10,04fdc65,2026-08-05T00:54:23+00:00
24,202,11,"2015,2016,2017,2018,2019,2020,2021,2022,2023,2024,2025",False,v10,04fdc65,2026-08-05T00:54:23+00:00
12,47,11,"2015,2016,2017,2018,2019,2020,2021,2022,2023,2024,2025",False,v10,04fdc65,2026-08-05T00:54:23+00:00
12,48,11,"2015,2016,2017,2018,2019,2020,2021,2022,2023,2024,2025",False,v10,04fdc65,2026-08-05T00:54:23+00:00
12,50,11,"2015,2016,2017,2018,2019,2020,2021,2022,2023,2024,2025",False,v10,04fdc65,2026-08-05T00:54:23+00:00
12,51,11,"2015,2016,2017,2018,2019,2020,2021,2022,2023,2024,2025",False,v10,04fdc65,2026-08-05T00:54:23+00:00
11,243,11,"2015,2016,2017,2018,2019,2020,2021,2022,2023,2024,2025",False,v10,04fdc65,2026-08-05T00:54:23+00:00
12,54,11,"2015,2016,2017,2018,2019,2020,2021,2022,2023,2024,2025",False,v10,04fdc65,2026-08-05T00:54:23+00:00
12,55,11,"2015,2016,2017,2018,2019,2020,2021,2022,2023,2024,2025",False,v10,04fdc65,2026-08-05T00:54:23+00:00
11,242,11,"2015,2016,2017,2018,2019,2020,2021,2022,2023,2024,2025",False,v10,04fdc65,2026-08-05T00:54:23+00:00
12,57,11,"2015,2016,2017,2018,2019,2020,2021,2022,2023,2024,2025",False,v10,04fdc65,2026-08-05T00:54:23+00:00
12,58,11,"2015,2016,2017,2018,2019,2020,2021,2022,2023,2024,2025",False,v10,04fdc65,2026-08-05T00:54:23+00:00
12,17,11,"2015,2016,2017,2018,2019,2020,2021,2022,2023,2024,2025",False,v10,04fdc65,2026-08-05T00:54:23+00:00
12,18,11,"2015,2016,2017,2018,2019,2020,2021,2022,2023,2024,2025",False,v10,04fdc65,2026-08-05T00:54:23+00:00
12,13,11,"2015,2016,2017,2018,2019,2020,2021,2022,2023,2024,2025",False,v10,04fdc65,2026-08-05T00:54:23+00:00
12,56,11,"2015,2016,2017,2018,2019,2020,2021,2022,2023,2024,2025",False,v10,04fdc65,2026-08-05T00:54:23+00:00
12,41,11,"2015,2016,2017,2018,2019,2020,2021,2022,2023,2024,2025",False,v10,04fdc65,2026-08-05T00:54:23+00:00
12,42,11,"2015,2016,2017,2018,2019,2020,2021,2022,2023,2024,2025",False,v10,04fdc65,2026-08-05T00:54:23+00:00
12,43,11,"2015,2016,2017,2018,2019,2020,2021,2022,2023,2024,2025",False,v10,04fdc65,2026-08-05T00:54:23+00:00
24,204,11,"2015,2016,2017,2018,2019,2020,2021,2022,2023,2024,2025",False,v10,04fdc65,2026-08-05T00:54:23+00:00
24,189,11,"2015,2016,2017,2018,2019,2020,2021,2022,2023,2024,2025",False,v10,04fdc65,2026-08-05T00:54:23+00:00
24,190,11,"2015,2016,2017,2018,2019,2020,2021,2022,2023,2024,2025",False,v10,04fdc65,2026-08-05T00:54:23+00:00
24,191,11,"2015,2016,2017,2018,2019,2020,2021,2022,2023,2024,2025",False,v10,04fdc65,2026-08-05T00:54:23+00:00
12,36,11,"2015,2016,2017,2018,2019,2020,2021,2022,2023,2024,2025",False,v10,04fdc65,2026-08-05T00:54:23+00:00
24,193,11,"2015,2016,2017,2018,2019,2020,2021,2022,2023,2024,2025",False,v10,04fdc65,2026-08-05T00:54:23+00:00
24,194,11,"2015,2016,2017,2018,2019,2020,2021,2022,2023,2024,2025",False,v10,04fdc65,2026-08-05T00:54:23+00:00
24,195,11,"2015,2016,2017,2018,2019,2020,2021,2022,2023,2024,2025",False,v10,04fdc65,2026-08-05T00:54:23+00:00
24,197,11,"2015,2016,2017,2018,2019,2020,2021,2022,2023,2024,2025",False,v10,04fdc65,2026-08-05T00:54:23+00:00
24,198,11,"2015,2016,2017,2018,2019,2020,2021,2022,2023,2024,2025",False,v10,04fdc65,2026-08-05T00:54:23+00:00
24,199,11,"2015,2016,2017,2018,2019,2020,2021,2022,2023,2024,2025",False,v10,04fdc65,2026-08-05T00:54:23+00:00
24,200,11,"2015,2016,2017,2018,2019,2020,2021,2022,2023,2024,2025",False,v10,04fdc65,2026-08-05T00:54:23+00:00
24,201,11,"2015,2016,2017,2018,2019,2020,2021,2022,2023,2024,2025",False,v10,04fdc65,2026-08-05T00:54:23+00:00
24,192,11,"2015,2016,2017,2018,2019,2020,2021,2022,2023,2024,2025",False,v10,04fdc65,2026-08-05T00:54:23+00:00
12,37,11,"2015,2016,2017,2018,2019,2020,2021,2022,2023,2024,2025",False,v10,04fdc65,2026-08-05T00:54:23+00:00
12,44,11,"2015,2016,2017,2018,2019,2020,2021,2022,2023,2024,2025",False,v10,04fdc65,2026-08-05T00:54:23+00:00
12,45,11,"2015,2016,2017,2018,2019,2020,2021,2022,2023,2024,2025",False,v10,04fdc65,2026-08-05T00:54:23+00:00
12,30,11,"2015,2016,2017,2018,2019,2020,2021,2022,2023,2024,2025",False,v10,04fdc65,2026-08-05T00:54:23+00:00
12,40,11,"2015,2016,2017,2018,2019,2020,2021,2022,2023,2024,2025",False,v10,04fdc65,2026-08-05T00:54:23+00:00
12,32,11,"2015,2016,2017,2018,2019,2020,2021,2022,2023,2024,2025",False,v10,04fdc65,2026-08-05T00:54:23+00:00
12,33,11,"2015,2016,2017,2018,2019,2020,2021,2022,2023,2024,2025",False,v10,04fdc65,2026-08-05T00:54:23+00:00
12,34,11,"2015,2016,2017,2018,2019,2020,2021,2022,2023,2024,2025",False,v10,04fdc65,2026-08-05T00:54:23+00:00
12,35,11,"2015,2016,2017,2018,2019,2020,2021,2022,2023,2024,2025",False,v10,04fdc65,2026-08-05T00:54:23+00:00
12,52,11,"2015,2016,2017,2018,2019,2020,2021,2022,2023,2024,2025",False,v10,04fdc65,2026-08-05T00:54:23+00:00
12,53,11,"2015,2016,2017,2018,2019,2020,2021,2022,2023,2024,2025",False,v10,04fdc65,2026-08-05T00:54:23+00:00
12,38,11,"2015,2016,2017,2018,2019,2020,2021,2022,2023,2024,2025",False,v10,04fdc65,2026-08-05T00:54:23+00:00
12,39,11,"2015,2016,2017,2018,2019,2020,2021,2022,2023,2024,2025",False,v10,04fdc65,2026-08-05T00:54:23+00:00
12,31,11,"2015,2016,2017,2018,2019,2020,2021,2022,2023,2024,2025",False,v10,04fdc65,2026-08-05T00:54:23+00:00
13,41,11,"2015,2016,2017,2018,2019,2020,2021,2022,2023,2024,2025",False,v10,04fdc65,2026-08-05T00:54:23+00:00
13,40,11,"2015,2016,2017,2018,2019,2020,2021,2022,2023,2024,2025",False,v10,04fdc65,2026-08-05T00:54:23+00:00
13,39,11,"2015,2016,2017,2018,2019,2020,2021,2022,2023,2024,2025",False,v10,04fdc65,2026-08-05T00:54:23+00:00
13,38,11,"2015,2016,2017,2018,2019,2020,2021,2022,2023,2024,2025",False,v10,04fdc65,2026-08-05T00:54:23+00:00
13,37,11,"2015,2016,2017,2018,2019,2020,2021,2022,2023,2024,2025",False,v10,04fdc65,2026-08-05T00:54:23+00:00
13,36,11,"2015,2016,2017,2018,2019,2020,2021,2022,2023,2024,2025",False,v10,04fdc65,2026-08-05T00:54:23+00:00
13,35,11,"2015,2016,2017,2018,2019,2020,2021,2022,2023,2024,2025",False,v10,04fdc65,2026-08-05T00:54:23+00:00
13,50,11,"2015,2016,2017,2018,2019,2020,2021,2022,2023,2024,2025",False,v10,04fdc65,2026-08-05T00:54:23+00:00
12,212,11,"2015,2016,2017,2018,2019,2020,2021,2022,2023,2024,2025",False,v10,04fdc65,2026-08-05T00:54:23+00:00
12,227,11,"2015,2016,2017,2018,2019,2020,2021,2022,2023,2024,2025",False,v10,04fdc65,2026-08-05T00:54:23+00:00
12,226,11,"2015,2016,2017,2018,2019,2020,2021,2022,2023,2024,2025",False,v10,04fdc65,2026-08-05T00:54:23+00:00
12,225,11,"2015,2016,2017,2018,2019,2020,2021,2022,2023,2024,2025",False,v10,04fdc65,2026-08-05T00:54:23+00:00
12,224,11,"2015,2016,2017,2018,2019,2020,2021,2022,2023,2024,2025",False,v10,04fdc65,2026-08-05T00:54:23+00:00
12,223,11,"2015,2016,2017,2018,2019,2020,2021,2022,2023,2024,2025",False,v10,04fdc65,2026-08-05T00:54:23+00:00
12,222,11,"2015,2016,2017,2018,2019,2020,2021,2022,2023,2024,2025",False,v10,04fdc65,2026-08-05T00:54:23+00:00
24,184,11,"2015,2016,2017,2018,2019,2020,2021,2022,2023,2024,2025",False,v10,04fdc65,2026-08-05T00:54:23+00:00
13,28,11,"2015,2016,2017,2018,2019,2020,2021,2022,2023,2024,2025",False,v10,04fdc65,2026-08-05T00:54:23+00:00
13,29,11,"2015,2016,2017,2018,2019,2020,2021,2022,2023,2024,2025",False,v10,04fdc65,2026-08-05T00:54:23+00:00
13,30,11,"2015,2016,2017,2018,2019,2020,2021,2022,2023,2024,2025",False,v10,04fdc65,2026-08-05T00:54:23+00:00
13,31,11,"2015,2016,2017,2018,2019,2020,2021,2022,2023,2024,2025",False,v10,04fdc65,2026-08-05T00:54:23+00:00
13,33,11,"2015,2016,2017,2018,2019,2020,2021,2022,2023,2024,2025",False,v10,04fdc65,2026-08-05T00:54:23+00:00
13,34,11,"2015,2016,2017,2018,2019,2020,2021,2022,2023,2024,2025",False,v10,04fdc65,2026-08-05T00:54:23+00:00
12,221,11,"2015,2016,2017,2018,2019,2020,2021,2022,2023,2024,2025",False,v10,04fdc65,2026-08-05T00:54:23+00:00
12,213,11,"2015,2016,2017,2018,2019,2020,2021,2022,2023,2024,2025",False,v10,04fdc65,2026-08-05T00:54:23+00:00
12,214,11,"2015,2016,2017,2018,2019,2020,2021,2022,2023,2024,2025",False,v10,04fdc65,2026-08-05T00:54:23+00:00
12,215,11,"2015,2016,2017,2018,2019,2020,2021,2022,2023,2024,2025",False,v10,04fdc65,2026-08-05T00:54:23+00:00
12,216,11,"2015,2016,2017,2018,2019,2020,2021,2022,2023,2024,2025",False,v10,04fdc65,2026-08-05T00:54:23+00:00
12,217,11,"2015,2016,2017,2018,2019,2020,2021,2022,2023,2024,2025",False,v10,04fdc65,2026-08-05T00:54:23+00:00
12,218,11,"2015,2016,2017,2018,2019,2020,2021,2022,2023,2024,2025",False,v10,04fdc65,2026-08-05T00:54:23+00:00
12,219,11,"2015,2016,2017,2018,2019,2020,2021,2022,2023,2024,2025",False,v10,04fdc65,2026-08-05T00:54:23+00:00
24,170,11,"2015,2016,2017,2018,2019,2020,2021,2022,2023,2024,2025",False,v10,04fdc65,2026-08-05T00:54:23+00:00
24,169,11,"2015,2016,2017,2018,2019,2020,2021,2022,2023,2024,2025",False,v10,04fdc65,2026-08-05T00:54:23+00:00
24,168,11,"2015,2016,2017,2018,2019,2020,2021,2022,2023,2024,2025",False,v10,04fdc65,2026-08-05T00:54:23+00:00
24,167,11,"2015,2016,2017,2018,2019,2020,2021,2022,2023,2024,2025",False,v10,04fdc65,2026-08-05T00:54:23+00:00
24,166,11,"2015,2016,2017,2018,2019,2020,2021,2022,2023,2024,2025",False,v10,04fdc65,2026-08-05T00:54:23+00:00
24,165,11,"2015,2016,2017,2018,2019,2020,2021,2022,2023,2024,2025",False,v10,04fdc65,2026-08-05T00:54:23+00:00
24,164,11,"2015,2016,2017,2018,2019,2020,2021,2022,2023,2024,2025",False,v10,04fdc65,2026-08-05T00:54:23+00:00
24,163,11,"2015,2016,2017,2018,2019,2020,2021,2022,2023,2024,2025",False,v10,04fdc65,2026-08-05T00:54:23+00:00
24,162,11,"2015,2016,2017,2018,2019,2020,2021,2022,2023,2024,2025",False,v10,04fdc65,2026-08-05T00:54:23+00:00
24,161,11,"2015,2016,2017,2018,2019,2020,2021,2022,2023,2024,2025",False,v10,04fdc65,2026-08-05T00:54:23+00:00
24,160,11,"2015,2016,2017,2018,2019,2020,2021,2022,2023,2024,2025",False,v10,04fdc65,2026-08-05T00:54:23+00:00
24,159,11,"2015,2016,2017,2018,2019,2020,2021,2022,2023,2024,2025",False,v10,04fdc65,2026-08-05T00:54:23+00:00
24,158,11,"2015,2016,2017,2018,2019,2020,2021,2022,2023,2024,2025",False,v10,04fdc65,2026-08-05T00:54:23+00:00
24,157,11,"2015,2016,2017,2018,2019,2020,2021,2022,2023,2024,2025",False,v10,04fdc65,2026-08-05T00:54:23+00:00
13,18,11,"2015,2016,2017,2018,2019,2020,2021,2022,2023,2024,2025",False,v10,04fdc65,2026-08-05T00:54:23+00:00
13,43,11,"2015,2016,2017,2018,2019,2020,2021,2022,2023,2024,2025",False,v10,04fdc65,2026-08-05T00:54:23+00:00
13,44,11,"2015,2016,2017,2018,2019,2020,2021,2022,2023,2024,2025",False,v10,04fdc65,2026-08-05T00:54:23+00:00
13,45,11,"2015,2016,2017,2018,2019,2020,2021,2022,2023,2024,2025",False,v10,04fdc65,2026-08-05T00:54:23+00:00
13,46,11,"2015,2016,2017,2018,2019,2020,2021,2022,2023,2024,2025",False,v10,04fdc65,2026-08-05T00:54:23+00:00
13,47,11,"2015,2016,2017,2018,2019,2020,2021,2022,2023,2024,2025",False,v10,04fdc65,2026-08-05T00:54:23+00:00
13,48,11,"2015,2016,2017,2018,2019,2020,2021,2022,2023,2024,2025",False,v10,04fdc65,2026-08-05T00:54:23+00:00
13,49,11,"2015,2016,2017,2018,2019,2020,2021,2022,2023,2024,2025",False,v10,04fdc65,2026-08-05T00:54:23+00:00
13,51,11,"2015,2016,2017,2018,2019,2020,2021,2022,2023,2024,2025",False,v10,04fdc65,2026-08-05T00:54:23+00:00
13,17,11,"2015,2016,2017,2018,2019,2020,2021,2022,2023,2024,2025",False,v10,04fdc65,2026-08-05T00:54:23+00:00
13,53,11,"2015,2016,2017,2018,2019,2020,2021,2022,2023,2024,2025",False,v10,04fdc65,2026-08-05T00:54:23+00:00
13,54,11,"2015,2016,2017,2018,2019,2020,2021,2022,2023,2024,2025",False,v10,04fdc65,2026-08-05T00:54:23+00:00
13,55,11,"2015,2016,2017,2018,2019,2020,2021,2022,2023,2024,2025",False,v10,04fdc65,2026-08-05T00:54:23+00:00
13,56,11,"2015,2016,2017,2018,2019,2020,2021,2022,2023,2024,2025",False,v10,04fdc65,2026-08-05T00:54:23+00:00
13,57,11,"2015,2016,2017,2018,2019,2020,2021,2022,2023,2024,2025",False,v10,04fdc65,2026-08-05T00:54:23+00:00
13,16,11,"2015,2016,2017,2018,2019,2020,2021,2022,2023,2024,2025",False,v10,04fdc65,2026-08-05T00:54:23+00:00
13,52,11,"2015,2016,2017,2018,2019,2020,2021,2022,2023,2024,2025",False,v10,04fdc65,2026-08-05T00:54:23+00:00
12,229,11,"2015,2016,2017,2018,2019,2020,2021,2022,2023,2024,2025",False,v10,04fdc65,2026-08-05T00:54:23+00:00
12,162,11,"2015,2016,2017,2018,2019,2020,2021,2022,2023,2024,2025",False,v10,04fdc65,2026-08-05T00:54:23+00:00
12,161,11,"2015,2016,2017,2018,2019,2020,2021,2022,2023,2024,2025",False,v10,04fdc65,2026-08-05T00:54:23+00:00
12,160,11,"2015,2016,2017,2018,2019,2020,2021,2022,2023,2024,2025",False,v10,04fdc65,2026-08-05T00:54:23+00:00
12,159,11,"2015,2016,2017,2018,2019,2020,2021,2022,2023,2024,2025",False,v10,04fdc65,2026-08-05T00:54:23+00:00
12,158,11,"2015,2016,2017,2018,2019,2020,2021,2022,2023,2024,2025",False,v10,04fdc65,2026-08-05T00:54:23+00:00
12,157,11,"2015,2016,2017,2018,2019,2020,2021,2022,2023,2024,2025",False,v10,04fdc65,2026-08-05T00:54:23+00:00
12,156,11,"2015,2016,2017,2018,2019,2020,2021,2022,2023,2024,2025",False,v10,04fdc65,2026-08-05T00:54:23+00:00
12,204,11,"2015,2016,2017,2018,2019,2020,2021,2022,2023,2024,2025",False,v10,04fdc65,2026-08-05T00:54:23+00:00
12,155,11,"2015,2016,2017,2018,2019,2020,2021,2022,2023,2024,2025",False,v10,04fdc65,2026-08-05T00:54:23+00:00
12,154,11,"2015,2016,2017,2018,2019,2020,2021,2022,2023,2024,2025",False,v10,04fdc65,2026-08-05T00:54:23+00:00
12,153,11,"2015,2016,2017,2018,2019,2020,2021,2022,2023,2024,2025",False,v10,04fdc65,2026-08-05T00:54:23+00:00
12,163,11,"2015,2016,2017,2018,2019,2020,2021,2022,2023,2024,2025",False,v10,04fdc65,2026-08-05T00:54:23+00:00
12,196,11,"2015,2016,2017,2018,2019,2020,2021,2022,2023,2024,2025",False,v10,04fdc65,2026-08-05T00:54:23+00:00
12,211,11,"2015,2016,2017,2018,2019,2020,2021,2022,2023,2024,2025",False,v10,04fdc65,2026-08-05T00:54:23+00:00
24,185,11,"2015,2016,2017,2018,2019,2020,2021,2022,2023,2024,2025",False,v10,04fdc65,2026-08-05T00:54:23+00:00
24,186,11,"2015,2016,2017,2018,2019,2020,2021,2022,2023,2024,2025",False,v10,04fdc65,2026-08-05T00:54:23+00:00
24,187,11,"2015,2016,2017,2018,2019,2020,2021,2022,2023,2024,2025",False,v10,04fdc65,2026-08-05T00:54:23+00:00
12,197,11,"2015,2016,2017,2018,2019,2020,2021,2022,2023,2024,2025",False,v10,04fdc65,2026-08-05T00:54:23+00:00
12,198,11,"2015,2016,2017,2018,2019,2020,2021,2022,2023,2024,2025",False,v10,04fdc65,2026-08-05T00:54:23+00:00
12,199,11,"2015,2016,2017,2018,2019,2020,2021,2022,2023,2024,2025",False,v10,04fdc65,2026-08-05T00:54:23+00:00
12,200,11,"2015,2016,2017,2018,2019,2020,2021,2022,2023,2024,2025",False,v10,04fdc65,2026-08-05T00:54:23+00:00
12,210,11,"2015,2016,2017,2018,2019,2020,2021,2022,2023,2024,2025",False,v10,04fdc65,2026-08-05T00:54:23+00:00
12,202,11,"2015,2016,2017,2018,2019,2020,2021,2022,2023,2024,2025",False,v10,04fdc65,2026-08-05T00:54:23+00:00
12,203,11,"2015,2016,2017,2018,2019,2020,2021,2022,2023,2024,2025",False,v10,04fdc65,2026-08-05T00:54:23+00:00
12,188,11,"2015,2016,2017,2018,2019,2020,2021,2022,2023,2024,2025",False,v10,04fdc65,2026-08-05T00:54:23+00:00
12,205,11,"2015,2016,2017,2018,2019,2020,2021,2022,2023,2024,2025",False,v10,04fdc65,2026-08-05T00:54:23+00:00
12,206,11,"2015,2016,2017,2018,2019,2020,2021,2022,2023,2024,2025",False,v10,04fdc65,2026-08-05T00:54:23+00:00
12,207,11,"2015,2016,2017,2018,2019,2020,2021,2022,2023,2024,2025",False,v10,04fdc65,2026-08-05T00:54:23+00:00
12,208,11,"2015,2016,2017,2018,2019,2020,2021,2022,2023,2024,2025",False,v10,04fdc65,2026-08-05T00:54:23+00:00
12,209,11,"2015,2016,2017,2018,2019,2020,2021,2022,2023,2024,2025",False,v10,04fdc65,2026-08-05T00:54:23+00:00
12,201,11,"2015,2016,2017,2018,2019,2020,2021,2022,2023,2024,2025",False,v10,04fdc65,2026-08-05T00:54:23+00:00
12,187,11,"2015,2016,2017,2018,2019,2020,2021,2022,2023,2024,2025",False,v10,04fdc65,2026-08-05T00:54:23+00:00
12,236,11,"2015,2016,2017,2018,2019,2020,2021,2022,2023,2024,2025",False,v10,04fdc65,2026-08-05T00:54:23+00:00
12,189,11,"2015,2016,2017,2018,2019,2020,2021,2022,2023,2024,2025",False,v10,04fdc65,2026-08-05T00:54:23+00:00
12,190,11,"2015,2016,2017,2018,2019,2020,2021,2022,2023,2024,2025",False,v10,04fdc65,2026-08-05T00:54:23+00:00
12,191,11,"2015,2016,2017,2018,2019,2020,2021,2022,2023,2024,2025",False,v10,04fdc65,2026-08-05T00:54:23+00:00
12,192,11,"2015,2016,2017,2018,2019,2020,2021,2022,2023,2024,2025",False,v10,04fdc65,2026-08-05T00:54:23+00:00
12,193,11,"2015,2016,2017,2018,2019,2020,2021,2022,2023,2024,2025",False,v10,04fdc65,2026-08-05T00:54:23+00:00
12,230,11,"2015,2016,2017,2018,2019,2020,2021,2022,2023,2024,2025",False,v10,04fdc65,2026-08-05T00:54:23+00:00
12,195,11,"2015,2016,2017,2018,2019,2020,2021,2022,2023,2024,2025",False,v10,04fdc65,2026-08-05T00:54:23+00:00
12,180,11,"2015,2016,2017,2018,2019,2020,2021,2022,2023,2024,2025",False,v10,04fdc65,2026-08-05T00:54:23+00:00
13,24,11,"2015,2016,2017,2018,2019,2020,2021,2022,2023,2024,2025",False,v10,04fdc65,2026-08-05T00:54:23+00:00
13,25,11,"2015,2016,2017,2018,2019,2020,2021,2022,2023,2024,2025",False,v10,04fdc65,2026-08-05T00:54:23+00:00
12,194,11,"2015,2016,2017,2018,2019,2020,2021,2022,2023,2024,2025",False,v10,04fdc65,2026-08-05T00:54:23+00:00
12,231,11,"2015,2016,2017,2018,2019,2020,2021,2022,2023,2024,2025",False,v10,04fdc65,2026-08-05T00:54:23+00:00
12,232,11,"2015,2016,2017,2018,2019,2020,2021,2022,2023,2024,2025",False,v10,04fdc65,2026-08-05T00:54:23+00:00
12,233,11,"2015,2016,2017,2018,2019,2020,2021,2022,2023,2024,2025",False,v10,04fdc65,2026-08-05T00:54:23+00:00
12,234,11,"2015,2016,2017,2018,2019,2020,2021,2022,2023,2024,2025",False,v10,04fdc65,2026-08-05T00:54:23+00:00
12,235,11,"2015,2016,2017,2018,2019,2020,2021,2022,2023,2024,2025",False,v10,04fdc65,2026-08-05T00:54:23+00:00
12,220,11,"2015,2016,2017,2018,2019,2020,2021,2022,2023,2024,2025",False,v10,04fdc65,2026-08-05T00:54:23+00:00
12,237,11,"2015,2016,2017,2018,2019,2020,2021,2022,2023,2024,2025",False,v10,04fdc65,2026-08-05T00:54:23+00:00
12,186,11,"2015,2016,2017,2018,2019,2020,2021,2022,2023,2024,2025",False,v10,04fdc65,2026-08-05T00:54:23+00:00
12,239,11,"2015,2016,2017,2018,2019,2020,2021,2022,2023,2024,2025",False,v10,04fdc65,2026-08-05T00:54:23+00:00
12,240,11,"2015,2016,2017,2018,2019,2020,2021,2022,2023,2024,2025",False,v10,04fdc65,2026-08-05T00:54:23+00:00
12,228,11,"2015,2016,2017,2018,2019,2020,2021,2022,2023,2024,2025",False,v10,04fdc65,2026-08-05T00:54:23+00:00
12,181,11,"2015,2016,2017,2018,2019,2020,2021,2022,2023,2024,2025",False,v10,04fdc65,2026-08-05T00:54:23+00:00
12,182,11,"2015,2016,2017,2018,2019,2020,2021,2022,2023,2024,2025",False,v10,04fdc65,2026-08-05T00:54:23+00:00
12,183,11,"2015,2016,2017,2018,2019,2020,2021,2022,2023,2024,2025",False,v10,04fdc65,2026-08-05T00:54:23+00:00
12,184,11,"2015,2016,2017,2018,2019,2020,2021,2022,2023,2024,2025",False,v10,04fdc65,2026-08-05T00:54:23+00:00
12,185,11,"2015,2016,2017,2018,2019,2020,2021,2022,2023,2024,2025",False,v10,04fdc65,2026-08-05T00:54:23+00:00
12,238,11,"2015,2016,2017,2018,2019,2020,2021,2022,2023,2024,2025",False,v10,04fdc65,2026-08-05T00:54:23+00:00
11,32,11,"2015,2016,2017,2018,2019,2020,2021,2022,2023,2024,2025",False,v10,04fdc65,2026-08-05T00:54:23+00:00
11,31,11,"2015,2016,2017,2018,2019,2020,2021,2022,2023,2024,2025",False,v10,04fdc65,2026-08-05T00:54:23+00:00
11,30,11,"2015,2016,2017,2018,2019,2020,2021,2022,2023,2024,2025",False,v10,04fdc65,2026-08-05T00:54:23+00:00
11,16,11,"2015,2016,2017,2018,2019,2020,2021,2022,2023,2024,2025",False,v10,04fdc65,2026-08-05T00:54:23+00:00
11,14,11,"2015,2016,2017,2018,2019,2020,2021,2022,2023,2024,2025",False,v10,04fdc65,2026-08-05T00:54:23+00:00
11,24,11,"2015,2016,2017,2018,2019,2020,2021,2022,2023,2024,2025",False,v10,04fdc65,2026-08-05T00:54:23+00:00
25,165,11,"2015,2016,2017,2018,2019,2020,2021,2022,2023,2024,2025",False,v10,04fdc65,2026-08-05T00:54:23+00:00
10,242,11,"2015,2016,2017,2018,2019,2020,2021,2022,2023,2024,2025",False,v10,04fdc65,2026-08-05T00:54:23+00:00
10,241,11,"2015,2016,2017,2018,2019,2020,2021,2022,2023,2024,2025",False,v10,04fdc65,2026-08-05T00:54:23+00:00
10,240,11,"2015,2016,2017,2018,2019,2020,2021,2022,2023,2024,2025",False,v10,04fdc65,2026-08-05T00:54:23+00:00
10,239,11,"2015,2016,2017,2018,2019,2020,2021,2022,2023,2024,2025",False,v10,04fdc65,2026-08-05T00:54:23+00:00
25,160,11,"2015,2016,2017,2018,2019,2020,2021,2022,2023,2024,2025",False,v10,04fdc65,2026-08-05T00:54:23+00:00
25,172,11,"2015,2016,2017,2018,2019,2020,2021,2022,2023,2024,2025",False,v10,04fdc65,2026-08-05T00:54:23+00:00
25,171,11,"2015,2016,2017,2018,2019,2020,2021,2022,2023,2024,2025",False,v10,04fdc65,2026-08-05T00:54:23+00:00
12,46,11,"2015,2016,2017,2018,2019,2020,2021,2022,2023,2024,2025",False,v10,04fdc65,2026-08-05T00:54:23+00:00
10,221,11,"2015,2016,2017,2018,2019,2020,2021,2022,2023,2024,2025",False,v10,04fdc65,2026-08-05T00:54:23+00:00
10,222,11,"2015,2016,2017,2018,2019,2020,2021,2022,2023,2024,2025",False,v10,04fdc65,2026-08-05T00:54:23+00:00
10,223,11,"2015,2016,2017,2018,2019,2020,2021,2022,2023,2024,2025",False,v10,04fdc65,2026-08-05T00:54:23+00:00
10,224,11,"2015,2016,2017,2018,2019,2020,2021,2022,2023,2024,2025",False,v10,04fdc65,2026-08-05T00:54:23+00:00
10,225,11,"2015,2016,2017,2018,2019,2020,2021,2022,2023,2024,2025",False,v10,04fdc65,2026-08-05T00:54:23+00:00
10,226,11,"2015,2016,2017,2018,2019,2020,2021,2022,2023,2024,2025",False,v10,04fdc65,2026-08-05T00:54:23+00:00
25,161,11,"2015,2016,2017,2018,2019,2020,2021,2022,2023,2024,2025",False,v10,04fdc65,2026-08-05T00:54:23+00:00
25,170,11,"2015,2016,2017,2018,2019,2020,2021,2022,2023,2024,2025",False,v10,04fdc65,2026-08-05T00:54:23+00:00
25,163,11,"2015,2016,2017,2018,2019,2020,2021,2022,2023,2024,2025",False,v10,04fdc65,2026-08-05T00:54:23+00:00
25,164,11,"2015,2016,2017,2018,2019,2020,2021,2022,2023,2024,2025",False,v10,04fdc65,2026-08-05T00:54:23+00:00
11,50,11,"2015,2016,2017,2018,2019,2020,2021,2022,2023,2024,2025",False,v10,04fdc65,2026-08-05T00:54:23+00:00
11,51,11,"2015,2016,2017,2018,2019,2020,2021,2022,2023,2024,2025",False,v10,04fdc65,2026-08-05T00:54:23+00:00
25,166,11,"2015,2016,2017,2018,2019,2020,2021,2022,2023,2024,2025",False,v10,04fdc65,2026-08-05T00:54:23+00:00
25,167,11,"2015,2016,2017,2018,2019,2020,2021,2022,2023,2024,2025",False,v10,04fdc65,2026-08-05T00:54:23+00:00
25,168,11,"2015,2016,2017,2018,2019,2020,2021,2022,2023,2024,2025",False,v10,04fdc65,2026-08-05T00:54:23+00:00
25,169,11,"2015,2016,2017,2018,2019,2020,2021,2022,2023,2024,2025",False,v10,04fdc65,2026-08-05T00:54:23+00:00
25,162,11,"2015,2016,2017,2018,2019,2020,2021,2022,2023,2024,2025",False,v10,04fdc65,2026-08-05T00:54:23+00:00
20,41,11,"2015,2016,2017,2018,2019,2020,2021,2022,2023,2024,2025",False,v10,04fdc65,2026-08-05T00:54:23+00:00
20,55,11,"2015,2016,2017,2018,2019,2020,2021,2022,2023,2024,2025",False,v10,04fdc65,2026-08-05T00:54:23+00:00
20,54,11,"2015,2016,2017,2018,2019,2020,2021,2022,2023,2024,2025",False,v10,04fdc65,2026-08-05T00:54:23+00:00
20,53,11,"2015,2016,2017,2018,2019,2020,2021,2022,2023,2024,2025",False,v10,04fdc65,2026-08-05T00:54:23+00:00
20,148,11,"2015,2016,2017,2018,2019,2020,2021,2022,2023,2024,2025",False,v10,04fdc65,2026-08-05T00:54:23+00:00
20,147,11,"2015,2016,2017,2018,2019,2020,2021,2022,2023,2024,2025",False,v10,04fdc65,2026-08-05T00:54:23+00:00
20,146,11,"2015,2016,2017,2018,2019,2020,2021,2022,2023,2024,2025",False,v10,04fdc65,2026-08-05T00:54:23+00:00
20,145,11,"2015,2016,2017,2018,2019,2020,2021,2022,2023,2024,2025",False,v10,04fdc65,2026-08-05T00:54:23+00:00
20,47,11,"2015,2016,2017,2018,2019,2020,2021,2022,2023,2024,2025",False,v10,04fdc65,2026-08-05T00:54:23+00:00
20,46,11,"2015,2016,2017,2018,2019,2020,2021,2022,2023,2024,2025",False,v10,04fdc65,2026-08-05T00:54:23+00:00
20,45,11,"2015,2016,2017,2018,2019,2020,2021,2022,2023,2024,2025",False,v10,04fdc65,2026-08-05T00:54:23+00:00
11,42,11,"2015,2016,2017,2018,2019,2020,2021,2022,2023,2024,2025",False,v10,04fdc65,2026-08-05T00:54:23+00:00
11,41,11,"2015,2016,2017,2018,2019,2020,2021,2022,2023,2024,2025",False,v10,04fdc65,2026-08-05T00:54:23+00:00
11,138,11,"2015,2016,2017,2018,2019,2020,2021,2022,2023,2024,2025",False,v10,04fdc65,2026-08-05T00:54:23+00:00
11,139,11,"2015,2016,2017,2018,2019,2020,2021,2022,2023,2024,2025",False,v10,04fdc65,2026-08-05T00:54:23+00:00
11,140,11,"2015,2016,2017,2018,2019,2020,2021,2022,2023,2024,2025",False,v10,04fdc65,2026-08-05T00:54:23+00:00
11,141,11,"2015,2016,2017,2018,2019,2020,2021,2022,2023,2024,2025",False,v10,04fdc65,2026-08-05T00:54:23+00:00
11,142,11,"2015,2016,2017,2018,2019,2020,2021,2022,2023,2024,2025",False,v10,04fdc65,2026-08-05T00:54:23+00:00
11,38,11,"2015,2016,2017,2018,2019,2020,2021,2022,2023,2024,2025",False,v10,04fdc65,2026-08-05T00:54:23+00:00
11,39,11,"2015,2016,2017,2018,2019,2020,2021,2022,2023,2024,2025",False,v10,04fdc65,2026-08-05T00:54:23+00:00
11,40,11,"2015,2016,2017,2018,2019,2020,2021,2022,2023,2024,2025",False,v10,04fdc65,2026-08-05T00:54:23+00:00
11,37,11,"2015,2016,2017,2018,2019,2020,2021,2022,2023,2024,2025",False,v10,04fdc65,2026-08-05T00:54:23+00:00
11,26,11,"2015,2016,2017,2018,2019,2020,2021,2022,2023,2024,2025",False,v10,04fdc65,2026-08-05T00:54:23+00:00
11,28,11,"2015,2016,2017,2018,2019,2020,2021,2022,2023,2024,2025",False,v10,04fdc65,2026-08-05T00:54:23+00:00
11,33,11,"2015,2016,2017,2018,2019,2020,2021,2022,2023,2024,2025",False,v10,04fdc65,2026-08-05T00:54:23+00:00
11,34,11,"2015,2016,2017,2018,2019,2020,2021,2022,2023,2024,2025",False,v10,04fdc65,2026-08-05T00:54:23+00:00
11,35,11,"2015,2016,2017,2018,2019,2020,2021,2022,2023,2024,2025",False,v10,04fdc65,2026-08-05T00:54:23+00:00
11,36,11,"2015,2016,2017,2018,2019,2020,2021,2022,2023,2024,2025",False,v10,04fdc65,2026-08-05T00:54:23+00:00
11,25,11,"2015,2016,2017,2018,2019,2020,2021,2022,2023,2024,2025",False,v10,04fdc65,2026-08-05T00:54:23+00:00
10,182,11,"2015,2016,2017,2018,2019,2020,2021,2022,2023,2024,2025",False,v10,04fdc65,2026-08-05T00:54:23+00:00
10,181,11,"2015,2016,2017,2018,2019,2020,2021,2022,2023,2024,2025",False,v10,04fdc65,2026-08-05T00:54:23+00:00
10,180,11,"2015,2016,2017,2018,2019,2020,2021,2022,2023,2024,2025",False,v10,04fdc65,2026-08-05T00:54:23+00:00
10,195,11,"2015,2016,2017,2018,2019,2020,2021,2022,2023,2024,2025",False,v10,04fdc65,2026-08-05T00:54:23+00:00
10,194,11,"2015,2016,2017,2018,2019,2020,2021,2022,2023,2024,2025",False,v10,04fdc65,2026-08-05T00:54:23+00:00
10,193,11,"2015,2016,2017,2018,2019,2020,2021,2022,2023,2024,2025",False,v10,04fdc65,2026-08-05T00:54:23+00:00
10,192,11,"2015,2016,2017,2018,2019,2020,2021,2022,2023,2024,2025",False,v10,04fdc65,2026-08-05T00:54:23+00:00
10,178,11,"2015,2016,2017,2018,2019,2020,2021,2022,2023,2024,2025",False,v10,04fdc65,2026-08-05T00:54:23+00:00
10,177,11,"2015,2016,2017,2018,2019,2020,2021,2022,2023,2024,2025",False,v10,04fdc65,2026-08-05T00:54:23+00:00
10,176,11,"2015,2016,2017,2018,2019,2020,2021,2022,2023,2024,2025",False,v10,04fdc65,2026-08-05T00:54:23+00:00
10,187,11,"2015,2016,2017,2018,2019,2020,2021,2022,2023,2024,2025",False,v10,04fdc65,2026-08-05T00:54:23+00:00
10,186,11,"2015,2016,2017,2018,2019,2020,2021,2022,2023,2024,2025",False,v10,04fdc65,2026-08-05T00:54:23+00:00
10,185,11,"2015,2016,2017,2018,2019,2020,2021,2022,2023,2024,2025",False,v10,04fdc65,2026-08-05T00:54:23+00:00
10,184,11,"2015,2016,2017,2018,2019,2020,2021,2022,2023,2024,2025",False,v10,04fdc65,2026-08-05T00:54:23+00:00
10,234,11,"2015,2016,2017,2018,2019,2020,2021,2022,2023,2024,2025",False,v10,04fdc65,2026-08-05T00:54:23+00:00
10,220,11,"2015,2016,2017,2018,2019,2020,2021,2022,2023,2024,2025",False,v10,04fdc65,2026-08-05T00:54:23+00:00
25,178,11,"2015,2016,2017,2018,2019,2020,2021,2022,2023,2024,2025",False,v10,04fdc65,2026-08-05T00:54:23+00:00
25,179,11,"2015,2016,2017,2018,2019,2020,2021,2022,2023,2024,2025",False,v10,04fdc65,2026-08-05T00:54:23+00:00
25,180,11,"2015,2016,2017,2018,2019,2020,2021,2022,2023,2024,2025",False,v10,04fdc65,2026-08-05T00:54:23+00:00
25,181,11,"2015,2016,2017,2018,2019,2020,2021,2022,2023,2024,2025",False,v10,04fdc65,2026-08-05T00:54:23+00:00
25,182,11,"2015,2016,2017,2018,2019,2020,2021,2022,2023,2024,2025",False,v10,04fdc65,2026-08-05T00:54:23+00:00
25,183,11,"2015,2016,2017,2018,2019,2020,2021,2022,2023,2024,2025",False,v10,04fdc65,2026-08-05T00:54:23+00:00
25,184,11,"2015,2016,2017,2018,2019,2020,2021,2022,2023,2024,2025",False,v10,04fdc65,2026-08-05T00:54:23+00:00
10,233,11,"2015,2016,2017,2018,2019,2020,2021,2022,2023,2024,2025",False,v10,04fdc65,2026-08-05T00:54:23+00:00
25,186,11,"2015,2016,2017,2018,2019,2020,2021,2022,2023,2024,2025",False,v10,04fdc65,2026-08-05T00:54:23+00:00
25,187,11,"2015,2016,2017,2018,2019,2020,2021,2022,2023,2024,2025",False,v10,04fdc65,2026-08-05T00:54:23+00:00
25,188,11,"2015,2016,2017,2018,2019,2020,2021,2022,2023,2024,2025",False,v10,04fdc65,2026-08-05T00:54:23+00:00
10,179,11,"2015,2016,2017,2018,2019,2020,2021,2022,2023,2024,2025",False,v10,04fdc65,2026-08-05T00:54:23+00:00
10,228,11,"2015,2016,2017,2018,2019,2020,2021,2022,2023,2024,2025",False,v10,04fdc65,2026-08-05T00:54:23+00:00
10,229,11,"2015,2016,2017,2018,2019,2020,2021,2022,2023,2024,2025",False,v10,04fdc65,2026-08-05T00:54:23+00:00
10,230,11,"2015,2016,2017,2018,2019,2020,2021,2022,2023,2024,2025",False,v10,04fdc65,2026-08-05T00:54:23+00:00
10,232,11,"2015,2016,2017,2018,2019,2020,2021,2022,2023,2024,2025",False,v10,04fdc65,2026-08-05T00:54:23+00:00
25,185,11,"2015,2016,2017,2018,2019,2020,2021,2022,2023,2024,2025",False,v10,04fdc65,2026-08-05T00:54:23+00:00
10,204,11,"2015,2016,2017,2018,2019,2020,2021,2022,2023,2024,2025",False,v10,04fdc65,2026-08-05T00:54:23+00:00
10,205,11,"2015,2016,2017,2018,2019,2020,2021,2022,2023,2024,2025",False,v10,04fdc65,2026-08-05T00:54:23+00:00
10,206,11,"2015,2016,2017,2018,2019,2020,2021,2022,2023,2024,2025",False,v10,04fdc65,2026-08-05T00:54:23+00:00
10,207,11,"2015,2016,2017,2018,2019,2020,2021,2022,2023,2024,2025",False,v10,04fdc65,2026-08-05T00:54:23+00:00
10,208,11,"2015,2016,2017,2018,2019,2020,2021,2022,2023,2024,2025",False,v10,04fdc65,2026-08-05T00:54:23+00:00
10,209,11,"2015,2016,2017,2018,2019,2020,2021,2022,2023,2024,2025",False,v10,04fdc65,2026-08-05T00:54:23+00:00
10,210,11,"2015,2016,2017,2018,2019,2020,2021,2022,2023,2024,2025",False,v10,04fdc65,2026-08-05T00:54:23+00:00
10,183,11,"2015,2016,2017,2018,2019,2020,2021,2022,2023,2024,2025",False,v10,04fdc65,2026-08-05T00:54:23+00:00
10,212,11,"2015,2016,2017,2018,2019,2020,2021,2022,2023,2024,2025",False,v10,04fdc65,2026-08-05T00:54:23+00:00
10,213,11,"2015,2016,2017,2018,2019,2020,2021,2022,2023,2024,2025",False,v10,04fdc65,2026-08-05T00:54:23+00:00
10,214,11,"2015,2016,2017,2018,2019,2020,2021,2022,2023,2024,2025",False,v10,04fdc65,2026-08-05T00:54:23+00:00
10,215,11,"2015,2016,2017,2018,2019,2020,2021,2022,2023,2024,2025",False,v10,04fdc65,2026-08-05T00:54:23+00:00
10,216,11,"2015,2016,2017,2018,2019,2020,2021,2022,2023,2024,2025",False,v10,04fdc65,2026-08-05T00:54:23+00:00
10,217,11,"2015,2016,2017,2018,2019,2020,2021,2022,2023,2024,2025",False,v10,04fdc65,2026-08-05T00:54:23+00:00
10,218,11,"2015,2016,2017,2018,2019,2020,2021,2022,2023,2024,2025",False,v10,04fdc65,2026-08-05T00:54:23+00:00
10,235,11,"2015,2016,2017,2018,2019,2020,2021,2022,2023,2024,2025",False,v10,04fdc65,2026-08-05T00:54:23+00:00
10,227,11,"2015,2016,2017,2018,2019,2020,2021,2022,2023,2024,2025",False,v10,04fdc65,2026-08-05T00:54:23+00:00
10,200,11,"2015,2016,2017,2018,2019,2020,2021,2022,2023,2024,2025",False,v10,04fdc65,2026-08-05T00:54:23+00:00
10,201,11,"2015,2016,2017,2018,2019,2020,2021,2022,2023,2024,2025",False,v10,04fdc65,2026-08-05T00:54:23+00:00
10,202,11,"2015,2016,2017,2018,2019,2020,2021,2022,2023,2024,2025",False,v10,04fdc65,2026-08-05T00:54:23+00:00
10,203,11,"2015,2016,2017,2018,2019,2020,2021,2022,2023,2024,2025",False,v10,04fdc65,2026-08-05T00:54:23+00:00
10,188,11,"2015,2016,2017,2018,2019,2020,2021,2022,2023,2024,2025",False,v10,04fdc65,2026-08-05T00:54:23+00:00
10,189,11,"2015,2016,2017,2018,2019,2020,2021,2022,2023,2024,2025",False,v10,04fdc65,2026-08-05T00:54:23+00:00
10,190,11,"2015,2016,2017,2018,2019,2020,2021,2022,2023,2024,2025",False,v10,04fdc65,2026-08-05T00:54:23+00:00
10,219,11,"2015,2016,2017,2018,2019,2020,2021,2022,2023,2024,2025",False,v10,04fdc65,2026-08-05T00:54:23+00:00
10,211,11,"2015,2016,2017,2018,2019,2020,2021,2022,2023,2024,2025",False,v10,04fdc65,2026-08-05T00:54:23+00:00
11,17,11,"2015,2016,2017,2018,2019,2020,2021,2022,2023,2024,2025",False,v10,04fdc65,2026-08-05T00:54:23+00:00
11,18,11,"2015,2016,2017,2018,2019,2020,2021,2022,2023,2024,2025",False,v10,04fdc65,2026-08-05T00:54:23+00:00
11,21,11,"2015,2016,2017,2018,2019,2020,2021,2022,2023,2024,2025",False,v10,04fdc65,2026-08-05T00:54:23+00:00
11,22,11,"2015,2016,2017,2018,2019,2020,2021,2022,2023,2024,2025",False,v10,04fdc65,2026-08-05T00:54:23+00:00
10,191,11,"2015,2016,2017,2018,2019,2020,2021,2022,2023,2024,2025",False,v10,04fdc65,2026-08-05T00:54:23+00:00
11,196,11,"2015,2016,2017,2018,2019,2020,2021,2022,2023,2024,2025",False,v10,04fdc65,2026-08-05T00:54:23+00:00
11,195,11,"2015,2016,2017,2018,2019,2020,2021,2022,2023,2024,2025",False,v10,04fdc65,2026-08-05T00:54:23+00:00
11,194,11,"2015,2016,2017,2018,2019,2020,2021,2022,2023,2024,2025",False,v10,04fdc65,2026-08-05T00:54:23+00:00
11,209,11,"2015,2016,2017,2018,2019,2020,2021,2022,2023,2024,2025",False,v10,04fdc65,2026-08-05T00:54:23+00:00
11,208,11,"2015,2016,2017,2018,2019,2020,2021,2022,2023,2024,2025",False,v10,04fdc65,2026-08-05T00:54:23+00:00
11,207,11,"2015,2016,2017,2018,2019,2020,2021,2022,2023,2024,2025",False,v10,04fdc65,2026-08-05T00:54:23+00:00
11,206,11,"2015,2016,2017,2018,2019,2020,2021,2022,2023,2024,2025",False,v10,04fdc65,2026-08-05T00:54:23+00:00
11,205,11,"2015,2016,2017,2018,2019,2020,2021,2022,2023,2024,2025",False,v10,04fdc65,2026-08-05T00:54:23+00:00
11,188,11,"2015,2016,2017,2018,2019,2020,2021,2022,2023,2024,2025",False,v10,04fdc65,2026-08-05T00:54:23+00:00
11,187,11,"2015,2016,2017,2018,2019,2020,2021,2022,2023,2024,2025",False,v10,04fdc65,2026-08-05T00:54:23+00:00
11,186,11,"2015,2016,2017,2018,2019,2020,2021,2022,2023,2024,2025",False,v10,04fdc65,2026-08-05T00:54:23+00:00
11,201,11,"2015,2016,2017,2018,2019,2020,2021,2022,2023,2024,2025",False,v10,04fdc65,2026-08-05T00:54:23+00:00
11,200,11,"2015,2016,2017,2018,2019,2020,2021,2022,2023,2024,2025",False,v10,04fdc65,2026-08-05T00:54:23+00:00
11,199,11,"2015,2016,2017,2018,2019,2020,2021,2022,2023,2024,2025",False,v10,04fdc65,2026-08-05T00:54:23+00:00
11,198,11,"2015,2016,2017,2018,2019,2020,2021,2022,2023,2024,2025",False,v10,04fdc65,2026-08-05T00:54:23+00:00
20,42,11,"2015,2016,2017,2018,2019,2020,2021,2022,2023,2024,2025",False,v10,04fdc65,2026-08-05T00:54:23+00:00
11,181,11,"2015,2016,2017,2018,2019,2020,2021,2022,2023,2024,2025",False,v10,04fdc65,2026-08-05T00:54:23+00:00
11,182,11,"2015,2016,2017,2018,2019,2020,2021,2022,2023,2024,2025",False,v10,04fdc65,2026-08-05T00:54:23+00:00
11,183,11,"2015,2016,2017,2018,2019,2020,2021,2022,2023,2024,2025",False,v10,04fdc65,2026-08-05T00:54:23+00:00
11,184,11,"2015,2016,2017,2018,2019,2020,2021,2022,2023,2024,2025",False,v10,04fdc65,2026-08-05T00:54:23+00:00
11,185,11,"2015,2016,2017,2018,2019,2020,2021,2022,2023,2024,2025",False,v10,04fdc65,2026-08-05T00:54:23+00:00
11,234,11,"2015,2016,2017,2018,2019,2020,2021,2022,2023,2024,2025",False,v10,04fdc65,2026-08-05T00:54:23+00:00
11,235,11,"2015,2016,2017,2018,2019,2020,2021,2022,2023,2024,2025",False,v10,04fdc65,2026-08-05T00:54:23+00:00
11,197,11,"2015,2016,2017,2018,2019,2020,2021,2022,2023,2024,2025",False,v10,04fdc65,2026-08-05T00:54:23+00:00
11,189,11,"2015,2016,2017,2018,2019,2020,2021,2022,2023,2024,2025",False,v10,04fdc65,2026-08-05T00:54:23+00:00
11,190,11,"2015,2016,2017,2018,2019,2020,2021,2022,2023,2024,2025",False,v10,04fdc65,2026-08-05T00:54:23+00:00
11,191,11,"2015,2016,2017,2018,2019,2020,2021,2022,2023,2024,2025",False,v10,04fdc65,2026-08-05T00:54:23+00:00
11,192,11,"2015,2016,2017,2018,2019,2020,2021,2022,2023,2024,2025",False,v10,04fdc65,2026-08-05T00:54:23+00:00
11,193,11,"2015,2016,2017,2018,2019,2020,2021,2022,2023,2024,2025",False,v10,04fdc65,2026-08-05T00:54:23+00:00
11,178,11,"2015,2016,2017,2018,2019,2020,2021,2022,2023,2024,2025",False,v10,04fdc65,2026-08-05T00:54:23+00:00
11,179,11,"2015,2016,2017,2018,2019,2020,2021,2022,2023,2024,2025",False,v10,04fdc65,2026-08-05T00:54:23+00:00
11,180,11,"2015,2016,2017,2018,2019,2020,2021,2022,2023,2024,2025",False,v10,04fdc65,2026-08-05T00:54:23+00:00
11,236,11,"2015,2016,2017,2018,2019,2020,2021,2022,2023,2024,2025",False,v10,04fdc65,2026-08-05T00:54:23+00:00
12,59,11,"2015,2016,2017,2018,2019,2020,2021,2022,2023,2024,2025",False,v10,04fdc65,2026-08-05T00:54:23+00:00
11,228,11,"2015,2016,2017,2018,2019,2020,2021,2022,2023,2024,2025",False,v10,04fdc65,2026-08-05T00:54:23+00:00
11,227,11,"2015,2016,2017,2018,2019,2020,2021,2022,2023,2024,2025",False,v10,04fdc65,2026-08-05T00:54:23+00:00
11,226,11,"2015,2016,2017,2018,2019,2020,2021,2022,2023,2024,2025",False,v10,04fdc65,2026-08-05T00:54:23+00:00
11,241,11,"2015,2016,2017,2018,2019,2020,2021,2022,2023,2024,2025",False,v10,04fdc65,2026-08-05T00:54:23+00:00
11,240,11,"2015,2016,2017,2018,2019,2020,2021,2022,2023,2024,2025",False,v10,04fdc65,2026-08-05T00:54:23+00:00
11,239,11,"2015,2016,2017,2018,2019,2020,2021,2022,2023,2024,2025",False,v10,04fdc65,2026-08-05T00:54:23+00:00
11,238,11,"2015,2016,2017,2018,2019,2020,2021,2022,2023,2024,2025",False,v10,04fdc65,2026-08-05T00:54:23+00:00
11,237,11,"2015,2016,2017,2018,2019,2020,2021,2022,2023,2024,2025",False,v10,04fdc65,2026-08-05T00:54:23+00:00
11,220,11,"2015,2016,2017,2018,2019,2020,2021,2022,2023,2024,2025",False,v10,04fdc65,2026-08-05T00:54:23+00:00
11,219,11,"2015,2016,2017,2018,2019,2020,2021,2022,2023,2024,2025",False,v10,04fdc65,2026-08-05T00:54:23+00:00
11,218,11,"2015,2016,2017,2018,2019,2020,2021,2022,2023,2024,2025",False,v10,04fdc65,2026-08-05T00:54:23+00:00
11,233,11,"2015,2016,2017,2018,2019,2020,2021,2022,2023,2024,2025",False,v10,04fdc65,2026-08-05T00:54:23+00:00
11,232,11,"2015,2016,2017,2018,2019,2020,2021,2022,2023,2024,2025",False,v10,04fdc65,2026-08-05T00:54:23+00:00
11,231,11,"2015,2016,2017,2018,2019,2020,2021,2022,2023,2024,2025",False,v10,04fdc65,2026-08-05T00:54:23+00:00
11,213,11,"2015,2016,2017,2018,2019,2020,2021,2022,2023,2024,2025",False,v10,04fdc65,2026-08-05T00:54:23+00:00
11,214,11,"2015,2016,2017,2018,2019,2020,2021,2022,2023,2024,2025",False,v10,04fdc65,2026-08-05T00:54:23+00:00
11,215,11,"2015,2016,2017,2018,2019,2020,2021,2022,2023,2024,2025",False,v10,04fdc65,2026-08-05T00:54:23+00:00
11,216,11,"2015,2016,2017,2018,2019,2020,2021,2022,2023,2024,2025",False,v10,04fdc65,2026-08-05T00:54:23+00:00
11,217,11,"2015,2016,2017,2018,2019,2020,2021,2022,2023,2024,2025",False,v10,04fdc65,2026-08-05T00:54:23+00:00
12,24,11,"2015,2016,2017,2018,2019,2020,2021,2022,2023,2024,2025",False,v10,04fdc65,2026-08-05T00:54:23+00:00
11,230,11,"2015,2016,2017,2018,2019,2020,2021,2022,2023,2024,2025",False,v10,04fdc65,2026-08-05T00:54:23+00:00
11,222,11,"2015,2016,2017,2018,2019,2020,2021,2022,2023,2024,2025",False,v10,04fdc65,2026-08-05T00:54:23+00:00
11,223,11,"2015,2016,2017,2018,2019,2020,2021,2022,2023,2024,2025",False,v10,04fdc65,2026-08-05T00:54:23+00:00
11,224,11,"2015,2016,2017,2018,2019,2020,2021,2022,2023,2024,2025",False,v10,04fdc65,2026-08-05T00:54:23+00:00
11,225,11,"2015,2016,2017,2018,2019,2020,2021,2022,2023,2024,2025",False,v10,04fdc65,2026-08-05T00:54:23+00:00
11,210,11,"2015,2016,2017,2018,2019,2020,2021,2022,2023,2024,2025",False,v10,04fdc65,2026-08-05T00:54:23+00:00
11,211,11,"2015,2016,2017,2018,2019,2020,2021,2022,2023,2024,2025",False,v10,04fdc65,2026-08-05T00:54:23+00:00
11,212,11,"2015,2016,2017,2018,2019,2020,2021,2022,2023,2024,2025",False,v10,04fdc65,2026-08-05T00:54:23+00:00
11,229,11,"2015,2016,2017,2018,2019,2020,2021,2022,2023,2024,2025",False,v10,04fdc65,2026-08-05T00:54:23+00:00
11,221,11,"2015,2016,2017,2018,2019,2020,2021,2022,2023,2024,2025",False,v10,04fdc65,2026-08-05T00:54:23+00:00
11,59,11,"2015,2016,2017,2018,2019,2020,2021,2022,2023,2024,2025",False,v10,04fdc65,2026-08-05T00:54:23+00:00
11,58,11,"2015,2016,2017,2018,2019,2020,2021,2022,2023,2024,2025",False,v10,04fdc65,2026-08-05T00:54:23+00:00
25,60,11,"2015,2016,2017,2018,2019,2020,2021,2022,2023,2024,2025",False,v10,04fdc65,2026-08-05T00:54:23+00:00
25,75,11,"2015,2016,2017,2018,2019,2020,2021,2022,2023,2024,2025",False,v10,04fdc65,2026-08-05T00:54:23+00:00
25,72,11,"2015,2016,2017,2018,2019,2020,2021,2022,2023,2024,2025",False,v10,04fdc65,2026-08-05T00:54:23+00:00
25,71,11,"2015,2016,2017,2018,2019,2020,2021,2022,2023,2024,2025",False,v10,04fdc65,2026-08-05T00:54:23+00:00
25,70,11,"2015,2016,2017,2018,2019,2020,2021,2022,2023,2024,2025",False,v10,04fdc65,2026-08-05T00:54:23+00:00
25,69,11,"2015,2016,2017,2018,2019,2020,2021,2022,2023,2024,2025",False,v10,04fdc65,2026-08-05T00:54:23+00:00
25,52,11,"2015,2016,2017,2018,2019,2020,2021,2022,2023,2024,2025",False,v10,04fdc65,2026-08-05T00:54:23+00:00
25,67,11,"2015,2016,2017,2018,2019,2020,2021,2022,2023,2024,2025",False,v10,04fdc65,2026-08-05T00:54:23+00:00
25,66,11,"2015,2016,2017,2018,2019,2020,2021,2022,2023,2024,2025",False,v10,04fdc65,2026-08-05T00:54:23+00:00
25,65,11,"2015,2016,2017,2018,2019,2020,2021,2022,2023,2024,2025",False,v10,04fdc65,2026-08-05T00:54:23+00:00
25,64,11,"2015,2016,2017,2018,2019,2020,2021,2022,2023,2024,2025",False,v10,04fdc65,2026-08-05T00:54:23+00:00
25,63,11,"2015,2016,2017,2018,2019,2020,2021,2022,2023,2024,2025",False,v10,04fdc65,2026-08-05T00:54:23+00:00
25,62,11,"2015,2016,2017,2018,2019,2020,2021,2022,2023,2024,2025",False,v10,04fdc65,2026-08-05T00:54:23+00:00
11,173,11,"2015,2016,2017,2018,2019,2020,2021,2022,2023,2024,2025",False,v10,04fdc65,2026-08-05T00:54:23+00:00
20,60,11,"2015,2016,2017,2018,2019,2020,2021,2022,2023,2024,2025",False,v10,04fdc65,2026-08-05T00:54:23+00:00
20,61,11,"2015,2016,2017,2018,2019,2020,2021,2022,2023,2024,2025",False,v10,04fdc65,2026-08-05T00:54:23+00:00
20,62,11,"2015,2016,2017,2018,2019,2020,2021,2022,2023,2024,2025",False,v10,04fdc65,2026-08-05T00:54:23+00:00
20,63,11,"2015,2016,2017,2018,2019,2020,2021,2022,2023,2024,2025",False,v10,04fdc65,2026-08-05T00:54:23+00:00
20,48,11,"2015,2016,2017,2018,2019,2020,2021,2022,2023,2024,2025",False,v10,04fdc65,2026-08-05T00:54:23+00:00
20,49,11,"2015,2016,2017,2018,2019,2020,2021,2022,2023,2024,2025",False,v10,04fdc65,2026-08-05T00:54:23+00:00
25,61,11,"2015,2016,2017,2018,2019,2020,2021,2022,2023,2024,2025",False,v10,04fdc65,2026-08-05T00:54:23+00:00
20,65,11,"2015,2016,2017,2018,2019,2020,2021,2022,2023,2024,2025",False,v10,04fdc65,2026-08-05T00:54:23+00:00
20,69,11,"2015,2016,2017,2018,2019,2020,2021,2022,2023,2024,2025",False,v10,04fdc65,2026-08-05T00:54:23+00:00
20,70,11,"2015,2016,2017,2018,2019,2020,2021,2022,2023,2024,2025",False,v10,04fdc65,2026-08-05T00:54:23+00:00
20,71,11,"2015,2016,2017,2018,2019,2020,2021,2022,2023,2024,2025",False,v10,04fdc65,2026-08-05T00:54:23+00:00
20,56,11,"2015,2016,2017,2018,2019,2020,2021,2022,2023,2024,2025",False,v10,04fdc65,2026-08-05T00:54:23+00:00
20,57,11,"2015,2016,2017,2018,2019,2020,2021,2022,2023,2024,2025",False,v10,04fdc65,2026-08-05T00:54:23+00:00
20,58,11,"2015,2016,2017,2018,2019,2020,2021,2022,2023,2024,2025",False,v10,04fdc65,2026-08-05T00:54:23+00:00
20,59,11,"2015,2016,2017,2018,2019,2020,2021,2022,2023,2024,2025",False,v10,04fdc65,2026-08-05T00:54:23+00:00
20,51,11,"2015,2016,2017,2018,2019,2020,2021,2022,2023,2024,2025",False,v10,04fdc65,2026-08-05T00:54:23+00:00
11,157,11,"2015,2016,2017,2018,2019,2020,2021,2022,2023,2024,2025",False,v10,04fdc65,2026-08-05T00:54:23+00:00
11,158,11,"2015,2016,2017,2018,2019,2020,2021,2022,2023,2024,2025",False,v10,04fdc65,2026-08-05T00:54:23+00:00
11,159,11,"2015,2016,2017,2018,2019,2020,2021,2022,2023,2024,2025",False,v10,04fdc65,2026-08-05T00:54:23+00:00
11,176,11,"2015,2016,2017,2018,2019,2020,2021,2022,2023,2024,2025",False,v10,04fdc65,2026-08-05T00:54:23+00:00
11,177,11,"2015,2016,2017,2018,2019,2020,2021,2022,2023,2024,2025",False,v10,04fdc65,2026-08-05T00:54:23+00:00
11,162,11,"2015,2016,2017,2018,2019,2020,2021,2022,2023,2024,2025",False,v10,04fdc65,2026-08-05T00:54:23+00:00
11,163,11,"2015,2016,2017,2018,2019,2020,2021,2022,2023,2024,2025",False,v10,04fdc65,2026-08-05T00:54:23+00:00
11,60,11,"2015,2016,2017,2018,2019,2020,2021,2022,2023,2024,2025",False,v10,04fdc65,2026-08-05T00:54:23+00:00
11,165,11,"2015,2016,2017,2018,2019,2020,2021,2022,2023,2024,2025",False,v10,04fdc65,2026-08-05T00:54:23+00:00
25,53,11,"2015,2016,2017,2018,2019,2020,2021,2022,2023,2024,2025",False,v10,04fdc65,2026-08-05T00:54:23+00:00
25,54,11,"2015,2016,2017,2018,2019,2020,2021,2022,2023,2024,2025",False,v10,04fdc65,2026-08-05T00:54:23+00:00
25,55,11,"2015,2016,2017,2018,2019,2020,2021,2022,2023,2024,2025",False,v10,04fdc65,2026-08-05T00:54:23+00:00
25,56,11,"2015,2016,2017,2018,2019,2020,2021,2022,2023,2024,2025",False,v10,04fdc65,2026-08-05T00:54:23+00:00
25,57,11,"2015,2016,2017,2018,2019,2020,2021,2022,2023,2024,2025",False,v10,04fdc65,2026-08-05T00:54:23+00:00
25,58,11,"2015,2016,2017,2018,2019,2020,2021,2022,2023,2024,2025",False,v10,04fdc65,2026-08-05T00:54:23+00:00
25,59,11,"2015,2016,2017,2018,2019,2020,2021,2022,2023,2024,2025",False,v10,04fdc65,2026-08-05T00:54:23+00:00
11,164,11,"2015,2016,2017,2018,2019,2020,2021,2022,2023,2024,2025",False,v10,04fdc65,2026-08-05T00:54:23+00:00
11,61,11,"2015,2016,2017,2018,2019,2020,2021,2022,2023,2024,2025",False,v10,04fdc65,2026-08-05T00:54:23+00:00
25,76,11,"2015,2016,2017,2018,2019,2020,2021,2022,2023,2024,2025",False,v10,04fdc65,2026-08-05T00:54:23+00:00
25,68,11,"2015,2016,2017,2018,2019,2020,2021,2022,2023,2024,2025",False,v10,04fdc65,2026-08-05T00:54:23+00:00
11,134,11,"2015,2016,2017,2018,2019,2020,2021,2022,2023,2024,2025",False,v10,04fdc65,2026-08-05T00:54:23+00:00
11,135,11,"2015,2016,2017,2018,2019,2020,2021,2022,2023,2024,2025",False,v10,04fdc65,2026-08-05T00:54:23+00:00
11,136,11,"2015,2016,2017,2018,2019,2020,2021,2022,2023,2024,2025",False,v10,04fdc65,2026-08-05T00:54:23+00:00
11,137,11,"2015,2016,2017,2018,2019,2020,2021,2022,2023,2024,2025",False,v10,04fdc65,2026-08-05T00:54:23+00:00
11,156,11,"2015,2016,2017,2018,2019,2020,2021,2022,2023,2024,2025",False,v10,04fdc65,2026-08-05T00:54:23+00:00
11,161,11,"2015,2016,2017,2018,2019,2020,2021,2022,2023,2024,2025",False,v10,04fdc65,2026-08-05T00:54:23+00:00
11,147,11,"2015,2016,2017,2018,2019,2020,2021,2022,2023,2024,2025",False,v10,04fdc65,2026-08-05T00:54:23+00:00
11,148,11,"2015,2016,2017,2018,2019,2020,2021,2022,2023,2024,2025",False,v10,04fdc65,2026-08-05T00:54:23+00:00
11,202,11,"2015,2016,2017,2018,2019,2020,2021,2022,2023,2024,2025",False,v10,04fdc65,2026-08-05T00:54:23+00:00
11,203,11,"2015,2016,2017,2018,2019,2020,2021,2022,2023,2024,2025",False,v10,04fdc65,2026-08-05T00:54:23+00:00
11,204,11,"2015,2016,2017,2018,2019,2020,2021,2022,2023,2024,2025",False,v10,04fdc65,2026-08-05T00:54:23+00:00
11,166,11,"2015,2016,2017,2018,2019,2020,2021,2022,2023,2024,2025",False,v10,04fdc65,2026-08-05T00:54:23+00:00
11,167,11,"2015,2016,2017,2018,2019,2020,2021,2022,2023,2024,2025",False,v10,04fdc65,2026-08-05T00:54:23+00:00
11,160,11,"2015,2016,2017,2018,2019,2020,2021,2022,2023,2024,2025",False,v10,04fdc65,2026-08-05T00:54:23+00:00
23,191,11,"2015,2016,2017,2018,2019,2020,2021,2022,2023,2024,2025",False,v10,04fdc65,2026-08-05T00:54:23+00:00
16,71,11,"2015,2016,2017,2018,2019,2020,2021,2022,2023,2024,2025",False,v10,04fdc65,2026-08-05T00:54:23+00:00
24,205,11,"2015,2016,2017,2018,2019,2020,2021,2022,2023,2024,2025",False,v10,04fdc65,2026-08-05T00:54:23+00:00
21,184,11,"2015,2016,2017,2018,2019,2020,2021,2022,2023,2024,2025",False,v10,04fdc65,2026-08-05T00:54:23+00:00
22,180,11,"2015,2016,2017,2018,2019,2020,2021,2022,2023,2024,2025",False,v10,04fdc65,2026-08-05T00:54:23+00:00
31,171,11,"2015,2016,2017,2018,2019,2020,2021,2022,2023,2024,2025",False,v10,04fdc65,2026-08-05T00:54:23+00:00
20,162,11,"2015,2016,2017,2018,2019,2020,2021,2022,2023,2024,2025",False,v10,04fdc65,2026-08-05T00:54:23+00:00
25,204,11,"2015,2016,2017,2018,2019,2020,2021,2022,2023,2024,2025",False,v10,04fdc65,2026-08-05T00:54:23+00:00
12,134,11,"2015,2016,2017,2018,2019,2020,2021,2022,2023,2024,2025",False,v10,04fdc65,2026-08-05T00:54:23+00:00
20,179,11,"2015,2016,2017,2018,2019,2020,2021,2022,2023,2024,2025",False,v10,04fdc65,2026-08-05T00:54:23+00:00
20,52,11,"2015,2016,2017,2018,2019,2020,2021,2022,2023,2024,2025",False,v10,04fdc65,2026-08-05T00:54:23+00:00
20,50,11,"2015,2016,2017,2018,2019,2020,2021,2022,2023,2024,2025",False,v10,04fdc65,2026-08-05T00:54:23+00:00
36,181,11,"2015,2016,2017,2018,2019,2020,2021,2022,2023,2024,2025",False,v10,04fdc65,2026-08-05T00:54:23+00:00
26,177,11,"2015,2016,2017,2018,2019,2020,2021,2022,2023,2024,2025",False,v10,04fdc65,2026-08-05T00:54:23+00:00
17,70,11,"2015,2016,2017,2018,2019,2020,2021,2022,2023,2024,2025",False,v10,04fdc65,2026-08-05T00:54:23+00:00
26,176,11,"2015,2016,2017,2018,2019,2020,2021,2022,2023,2024,2025",False,v10,04fdc65,2026-08-05T00:54:23+00:00
12,49,11,"2015,2016,2017,2018,2019,2020,2021,2022,2023,2024,2025",False,v10,04fdc65,2026-08-05T00:54:23+00:00
15,139,11,"2015,2016,2017,2018,2019,2020,2021,2022,2023,2024,2025",False,v10,04fdc65,2026-08-05T00:54:23+00:00
14,129,6,"2020,2021,2022,2023,2024,2025",False,v10,04fdc65,2026-08-05T00:54:23+00:00
30,195,11,"2015,2016,2017,2018,2019,2020,2021,2022,2023,2024,2025",False,v10,04fdc65,2026-08-05T00:54:23+00:00
23,151,11,"2015,2016,2017,2018,2019,2020,2021,2022,2023,2024,2025",False,v10,04fdc65,2026-08-05T00:54:23+00:00
9,50,11,"2015,2016,2017,2018,2019,2020,2021,2022,2023,2024,2025",False,v10,04fdc65,2026-08-05T00:54:23+00:00
11,43,11,"2015,2016,2017,2018,2019,2020,2021,2022,2023,2024,2025",False,v10,04fdc65,2026-08-05T00:54:23+00:00
15,137,11,"2015,2016,2017,2018,2019,2020,2021,2022,2023,2024,2025",False,v10,04fdc65,2026-08-05T00:54:23+00:00
16,73,11,"2015,2016,2017,2018,2019,2020,2021,2022,2023,2024,2025",False,v10,04fdc65,2026-08-05T00:54:23+00:00
36,178,11,"2015,2016,2017,2018,2019,2020,2021,2022,2023,2024,2025",False,v10,04fdc65,2026-08-05T00:54:23+00:00
11,133,11,"2015,2016,2017,2018,2019,2020,2021,2022,2023,2024,2025",False,v10,04fdc65,2026-08-05T00:54:23+00:00
29,199,11,"2015,2016,2017,2018,2019,2020,2021,2022,2023,2024,2025",False,v10,04fdc65,2026-08-05T00:54:23+00:00
29,207,11,"2015,2016,2017,2018,2019,2020,2021,2022,2023,2024,2025",False,v10,04fdc65,2026-08-05T00:54:23+00:00
9,17,11,"2015,2016,2017,2018,2019,2020,2021,2022,2023,2024,2025",False,v10,04fdc65,2026-08-05T00:54:23+00:00
28,209,11,"2015,2016,2017,2018,2019,2020,2021,2022,2023,2024,2025",False,v10,04fdc65,2026-08-05T00:54:23+00:00
14,230,11,"2015,2016,2017,2018,2019,2020,2021,2022,2023,2024,2025",False,v10,04fdc65,2026-08-05T00:54:23+00:00
10,33,11,"2015,2016,2017,2018,2019,2020,2021,2022,2023,2024,2025",False,v10,04fdc65,2026-08-05T00:54:23+00:00
36,182,11,"2015,2016,2017,2018,2019,2020,2021,2022,2023,2024,2025",False,v10,04fdc65,2026-08-05T00:54:23+00:00
11,0,11,"2015,2016,2017,2018,2019,2020,2021,2022,2023,2024,2025",False,v10,04fdc65,2026-08-05T00:54:23+00:00
19,139,11,"2015,2016,2017,2018,2019,2020,2021,2022,2023,2024,2025",False,v10,04fdc65,2026-08-05T00:54:23+00:00
7,180,11,"2015,2016,2017,2018,2019,2020,2021,2022,2023,2024,2025",False,v10,04fdc65,2026-08-05T00:54:23+00:00
5,196,11,"2015,2016,2017,2018,2019,2020,2021,2022,2023,2024,2025",False,v10,04fdc65,2026-08-05T00:54:23+00:00
19,70,11,"2015,2016,2017,2018,2019,2020,2021,2022,2023,2024,2025",False,v10,04fdc65,2026-08-05T00:54:23+00:00
10,169,11,"2015,2016,2017,2018,2019,2020,2021,2022,2023,2024,2025",False,v10,04fdc65,2026-08-05T00:54:23+00:00
12,152,11,"2015,2016,2017,2018,2019,2020,2021,2022,2023,2024,2025",False,v10,04fdc65,2026-08-05T00:54:23+00:00
36,187,11,"2015,2016,2017,2018,2019,2020,2021,2022,2023,2024,2025",False,v10,04fdc65,2026-08-05T00:54:23+00:00
15,234,11,"2015,2016,2017,2018,2019,2020,2021,2022,2023,2024,2025",False,v10,04fdc65,2026-08-05T00:54:23+00:00
29,172,11,"2015,2016,2017,2018,2019,2020,2021,2022,2023,2024,2025",False,v10,04fdc65,2026-08-05T00:54:23+00:00
18,231,11,"2015,2016,2017,2018,2019,2020,2021,2022,2023,2024,2025",False,v10,04fdc65,2026-08-05T00:54:23+00:00
9,16,11,"2015,2016,2017,2018,2019,2020,2021,2022,2023,2024,2025",False,v10,04fdc65,2026-08-05T00:54:23+00:00
34,174,11,"2015,2016,2017,2018,2019,2020,2021,2022,2023,2024,2025",False,v10,04fdc65,2026-08-05T00:54:23+00:00
11,1,11,"2015,2016,2017,2018,2019,2020,2021,2022,2023,2024,2025",False,v10,04fdc65,2026-08-05T00:54:23+00:00
9,179,11,"2015,2016,2017,2018,2019,2020,2021,2022,2023,2024,2025",False,v10,04fdc65,2026-08-05T00:54:23+00:00
13,139,11,"2015,2016,2017,2018,2019,2020,2021,2022,2023,2024,2025",False,v10,04fdc65,2026-08-05T00:54:23+00:00
26,178,11,"2015,2016,2017,2018,2019,2020,2021,2022,2023,2024,2025",False,v10,04fdc65,2026-08-05T00:54:23+00:00
20,229,11,"2015,2016,2017,2018,2019,2020,2021,2022,2023,2024,2025",False,v10,04fdc65,2026-08-05T00:54:23+00:00
20,80,11,"2015,2016,2017,2018,2019,2020,2021,2022,2023,2024,2025",False,v10,04fdc65,2026-08-05T00:54:23+00:00
17,78,11,"2015,2016,2017,2018,2019,2020,2021,2022,2023,2024,2025",False,v10,04fdc65,2026-08-05T00:54:23+00:00
36,183,11,"2015,2016,2017,2018,2019,2020,2021,2022,2023,2024,2025",False,v10,04fdc65,2026-08-05T00:54:23+00:00
27,187,11,"2015,2016,2017,2018,2019,2020,2021,2022,2023,2024,2025",False,v10,04fdc65,2026-08-05T00:54:23+00:00
26,175,11,"2015,2016,2017,2018,2019,2020,2021,2022,2023,2024,2025",False,v10,04fdc65,2026-08-05T00:54:23+00:00
13,130,11,"2015,2016,2017,2018,2019,2020,2021,2022,2023,2024,2025",False,v10,04fdc65,2026-08-05T00:54:23+00:00
13,240,11,"2015,2016,2017,2018,2019,2020,2021,2022,2023,2024,2025",False,v10,04fdc65,2026-08-05T00:54:23+00:00
35,190,11,"2015,2016,2017,2018,2019,2020,2021,2022,2023,2024,2025",False,v10,04fdc65,2026-08-05T00:54:23+00:00
12,243,11,"2015,2016,2017,2018,2019,2020,2021,2022,2023,2024,2025",False,v10,04fdc65,2026-08-05T00:54:23+00:00
10,165,11,"2015,2016,2017,2018,2019,2020,2021,2022,2023,2024,2025",False,v10,04fdc65,2026-08-05T00:54:23+00:00
9,14,11,"2015,2016,2017,2018,2019,2020,2021,2022,2023,2024,2025",False,v10,04fdc65,2026-08-05T00:54:23+00:00
27,178,11,"2015,2016,2017,2018,2019,2020,2021,2022,2023,2024,2025",False,v10,04fdc65,2026-08-05T00:54:23+00:00
10,175,11,"2015,2016,2017,2018,2019,2020,2021,2022,2023,2024,2025",False,v10,04fdc65,2026-08-05T00:54:23+00:00
33,166,11,"2015,2016,2017,2018,2019,2020,2021,2022,2023,2024,2025",False,v10,04fdc65,2026-08-05T00:54:23+00:00
28,175,11,"2015,2016,2017,2018,2019,2020,2021,2022,2023,2024,2025",False,v10,04fdc65,2026-08-05T00:54:23+00:00
12,169,11,"2015,2016,2017,2018,2019,2020,2021,2022,2023,2024,2025",False,v10,04fdc65,2026-08-05T00:54:23+00:00
15,237,11,"2015,2016,2017,2018,2019,2020,2021,2022,2023,2024,2025",False,v10,04fdc65,2026-08-05T00:54:23+00:00
10,31,11,"2015,2016,2017,2018,2019,2020,2021,2022,2023,2024,2025",False,v10,04fdc65,2026-08-05T00:54:23+00:00
12,241,11,"2015,2016,2017,2018,2019,2020,2021,2022,2023,2024,2025",False,v10,04fdc65,2026-08-05T00:54:23+00:00
12,3,11,"2015,2016,2017,2018,2019,2020,2021,2022,2023,2024,2025",False,v10,04fdc65,2026-08-05T00:54:23+00:00
22,76,11,"2015,2016,2017,2018,2019,2020,2021,2022,2023,2024,2025",False,v10,04fdc65,2026-08-05T00:54:23+00:00
33,167,11,"2015,2016,2017,2018,2019,2020,2021,2022,2023,2024,2025",False,v10,04fdc65,2026-08-05T00:54:23+00:00
10,238,11,"2015,2016,2017,2018,2019,2020,2021,2022,2023,2024,2025",False,v10,04fdc65,2026-08-05T00:54:23+00:00
15,72,11,"2015,2016,2017,2018,2019,2020,2021,2022,2023,2024,2025",False,v10,04fdc65,2026-08-05T00:54:23+00:00
12,242,11,"2015,2016,2017,2018,2019,2020,2021,2022,2023,2024,2025",False,v10,04fdc65,2026-08-05T00:54:23+00:00
11,143,11,"2015,2016,2017,2018,2019,2020,2021,2022,2023,2024,2025",False,v10,04fdc65,2026-08-05T00:54:23+00:00
26,53,11,"2015,2016,2017,2018,2019,2020,2021,2022,2023,2024,2025",False,v10,04fdc65,2026-08-05T00:54:23+00:00
10,231,11,"2015,2016,2017,2018,2019,2020,2021,2022,2023,2024,2025",False,v10,04fdc65,2026-08-05T00:54:23+00:00
24,76,11,"2015,2016,2017,2018,2019,2020,2021,2022,2023,2024,2025",False,v10,04fdc65,2026-08-05T00:54:23+00:00
26,50,11,"2015,2016,2017,2018,2019,2020,2021,2022,2023,2024,2025",False,v10,04fdc65,2026-08-05T00:54:23+00:00
9,210,11,"2015,2016,2017,2018,2019,2020,2021,2022,2023,2024,2025",False,v10,04fdc65,2026-08-05T00:54:23+00:00
33,173,11,"2015,2016,2017,2018,2019,2020,2021,2022,2023,2024,2025",False,v10,04fdc65,2026-08-05T00:54:23+00:00
11,168,11,"2015,2016,2017,2018,2019,2020,2021,2022,2023,2024,2025",False,v10,04fdc65,2026-08-05T00:54:23+00:00
8,219,11,"2015,2016,2017,2018,2019,2020,2021,2022,2023,2024,2025",False,v10,04fdc65,2026-08-05T00:54:23+00:00
10,135,8,"2018,2019,2020,2021,2022,2023,2024,2025",False,v10,04fdc65,2026-08-05T00:54:23+00:00
14,234,11,"2015,2016,2017,2018,2019,2020,2021,2022,2023,2024,2025",False,v10,04fdc65,2026-08-05T00:54:23+00:00
22,145,11,"2015,2016,2017,2018,2019,2020,2021,2022,2023,2024,2025",False,v10,04fdc65,2026-08-05T00:54:23+00:00
12,171,11,"2015,2016,2017,2018,2019,2020,2021,2022,2023,2024,2025",False,v10,04fdc65,2026-08-05T00:54:23+00:00
15,235,11,"2015,2016,2017,2018,2019,2020,2021,2022,2023,2024,2025",False,v10,04fdc65,2026-08-05T00:54:23+00:00
25,73,11,"2015,2016,2017,2018,2019,2020,2021,2022,2023,2024,2025",False,v10,04fdc65,2026-08-05T00:54:23+00:00
32,175,11,"2015,2016,2017,2018,2019,2020,2021,2022,2023,2024,2025",False,v10,04fdc65,2026-08-05T00:54:23+00:00
9,211,11,"2015,2016,2017,2018,2019,2020,2021,2022,2023,2024,2025",False,v10,04fdc65,2026-08-05T00:54:23+00:00
24,48,11,"2015,2016,2017,2018,2019,2020,2021,2022,2023,2024,2025",False,v10,04fdc65,2026-08-05T00:54:23+00:00
12,4,11,"2015,2016,2017,2018,2019,2020,2021,2022,2023,2024,2025",False,v10,04fdc65,2026-08-05T00:54:23+00:00
16,13,11,"2015,2016,2017,2018,2019,2020,2021,2022,2023,2024,2025",False,v10,04fdc65,2026-08-05T00:54:23+00:00
28,172,11,"2015,2016,2017,2018,2019,2020,2021,2022,2023,2024,2025",False,v10,04fdc65,2026-08-05T00:54:23+00:00
31,170,11,"2015,2016,2017,2018,2019,2020,2021,2022,2023,2024,2025",False,v10,04fdc65,2026-08-05T00:54:23+00:00
11,2,11,"2015,2016,2017,2018,2019,2020,2021,2022,2023,2024,2025",False,v10,04fdc65,2026-08-05T00:54:23+00:00
17,216,11,"2015,2016,2017,2018,2019,2020,2021,2022,2023,2024,2025",False,v10,04fdc65,2026-08-05T00:54:23+00:00
12,144,11,"2015,2016,2017,2018,2019,2020,2021,2022,2023,2024,2025",False,v10,04fdc65,2026-08-05T00:54:23+00:00
31,173,11,"2015,2016,2017,2018,2019,2020,2021,2022,2023,2024,2025",False,v10,04fdc65,2026-08-05T00:54:23+00:00
17,57,11,"2015,2016,2017,2018,2019,2020,2021,2022,2023,2024,2025",False,v10,04fdc65,2026-08-05T00:54:23+00:00
8,217,11,"2015,2016,2017,2018,2019,2020,2021,2022,2023,2024,2025",False,v10,04fdc65,2026-08-05T00:54:23+00:00
30,186,11,"2015,2016,2017,2018,2019,2020,2021,2022,2023,2024,2025",False,v10,04fdc65,2026-08-05T00:54:23+00:00
11,146,11,"2015,2016,2017,2018,2019,2020,2021,2022,2023,2024,2025",False,v10,04fdc65,2026-08-05T00:54:23+00:00
25,50,11,"2015,2016,2017,2018,2019,2020,2021,2022,2023,2024,2025",False,v10,04fdc65,2026-08-05T00:54:23+00:00
15,57,11,"2015,2016,2017,2018,2019,2020,2021,2022,2023,2024,2025",False,v10,04fdc65,2026-08-05T00:54:23+00:00
23,150,11,"2015,2016,2017,2018,2019,2020,2021,2022,2023,2024,2025",False,v10,04fdc65,2026-08-05T00:54:23+00:00
12,60,11,"2015,2016,2017,2018,2019,2020,2021,2022,2023,2024,2025",False,v10,04fdc65,2026-08-05T00:54:23+00:00
30,170,11,"2015,2016,2017,2018,2019,2020,2021,2022,2023,2024,2025",False,v10,04fdc65,2026-08-05T00:54:23+00:00
19,62,11,"2015,2016,2017,2018,2019,2020,2021,2022,2023,2024,2025",False,v10,04fdc65,2026-08-05T00:54:23+00:00
33,192,11,"2015,2016,2017,2018,2019,2020,2021,2022,2023,2024,2025",False,v10,04fdc65,2026-08-05T00:54:23+00:00
7,179,11,"2015,2016,2017,2018,2019,2020,2021,2022,2023,2024,2025",False,v10,04fdc65,2026-08-05T00:54:23+00:00
24,46,11,"2015,2016,2017,2018,2019,2020,2021,2022,2023,2024,2025",False,v10,04fdc65,2026-08-05T00:54:23+00:00
14,128,7,"2019,2020,2021,2022,2023,2024,2025",False,v10,04fdc65,2026-08-05T00:54:23+00:00
26,186,11,"2015,2016,2017,2018,2019,2020,2021,2022,2023,2024,2025",False,v10,04fdc65,2026-08-05T00:54:23+00:00
26,184,11,"2015,2016,2017,2018,2019,2020,2021,2022,2023,2024,2025",False,v10,04fdc65,2026-08-05T00:54:23+00:00
15,127,7,"2019,2020,2021,2022,2023,2024,2025",False,v10,04fdc65,2026-08-05T00:54:23+00:00
29,48,11,"2015,2016,2017,2018,2019,2020,2021,2022,2023,2024,2025",False,v10,04fdc65,2026-08-05T00:54:23+00:00
14,137,11,"2015,2016,2017,2018,2019,2020,2021,2022,2023,2024,2025",False,v10,04fdc65,2026-08-05T00:54:23+00:00
7,197,11,"2015,2016,2017,2018,2019,2020,2021,2022,2023,2024,2025",False,v10,04fdc65,2026-08-05T00:54:23+00:00
32,190,11,"2015,2016,2017,2018,2019,2020,2021,2022,2023,2024,2025",False,v10,04fdc65,2026-08-05T00:54:23+00:00
25,77,11,"2015,2016,2017,2018,2019,2020,2021,2022,2023,2024,2025",False,v10,04fdc65,2026-08-05T00:54:23+00:00
17,231,11,"2015,2016,2017,2018,2019,2020,2021,2022,2023,2024,2025",False,v10,04fdc65,2026-08-05T00:54:23+00:00
5,197,11,"2015,2016,2017,2018,2019,2020,2021,2022,2023,2024,2025",False,v10,04fdc65,2026-08-05T00:54:23+00:00
32,170,11,"2015,2016,2017,2018,2019,2020,2021,2022,2023,2024,2025",False,v10,04fdc65,2026-08-05T00:54:23+00:00
18,79,11,"2015,2016,2017,2018,2019,2020,2021,2022,2023,2024,2025",False,v10,04fdc65,2026-08-05T00:54:23+00:00
14,240,11,"2015,2016,2017,2018,2019,2020,2021,2022,2023,2024,2025",False,v10,04fdc65,2026-08-05T00:54:23+00:00
37,181,11,"2015,2016,2017,2018,2019,2020,2021,2022,2023,2024,2025",False,v10,04fdc65,2026-08-05T00:54:23+00:00
11,155,11,"2015,2016,2017,2018,2019,2020,2021,2022,2023,2024,2025",False,v10,04fdc65,2026-08-05T00:54:23+00:00
32,171,11,"2015,2016,2017,2018,2019,2020,2021,2022,2023,2024,2025",False,v10,04fdc65,2026-08-05T00:54:23+00:00
10,144,11,"2015,2016,2017,2018,2019,2020,2021,2022,2023,2024,2025",False,v10,04fdc65,2026-08-05T00:54:23+00:00
9,177,11,"2015,2016,2017,2018,2019,2020,2021,2022,2023,2024,2025",False,v10,04fdc65,2026-08-05T00:54:23+00:00
12,131,6,"2020,2021,2022,2023,2024,2025",False,v10,04fdc65,2026-08-05T00:54:23+00:00
14,58,11,"2015,2016,2017,2018,2019,2020,2021,2022,2023,2024,2025",False,v10,04fdc65,2026-08-05T00:54:23+00:00
15,18,11,"2015,2016,2017,2018,2019,2020,2021,2022,2023,2024,2025",False,v10,04fdc65,2026-08-05T00:54:23+00:00
11,47,11,"2015,2016,2017,2018,2019,2020,2021,2022,2023,2024,2025",False,v10,04fdc65,2026-08-05T00:54:23+00:00
15,140,11,"2015,2016,2017,2018,2019,2020,2021,2022,2023,2024,2025",False,v10,04fdc65,2026-08-05T00:54:23+00:00
35,175,11,"2015,2016,2017,2018,2019,2020,2021,2022,2023,2024,2025",False,v10,04fdc65,2026-08-05T00:54:23+00:00
7,198,11,"2015,2016,2017,2018,2019,2020,2021,2022,2023,2024,2025",False,v10,04fdc65,2026-08-05T00:54:23+00:00
31,181,11,"2015,2016,2017,2018,2019,2020,2021,2022,2023,2024,2025",False,v10,04fdc65,2026-08-05T00:54:23+00:00
13,64,11,"2015,2016,2017,2018,2019,2020,2021,2022,2023,2024,2025",False,v10,04fdc65,2026-08-05T00:54:23+00:00
27,61,11,"2015,2016,2017,2018,2019,2020,2021,2022,2023,2024,2025",False,v10,04fdc65,2026-08-05T00:54:23+00:00
11,54,11,"2015,2016,2017,2018,2019,2020,2021,2022,2023,2024,2025",False,v10,04fdc65,2026-08-05T00:54:23+00:00
36,188,11,"2015,2016,2017,2018,2019,2020,2021,2022,2023,2024,2025",False,v10,04fdc65,2026-08-05T00:54:23+00:00
10,134,11,"2015,2016,2017,2018,2019,2020,2021,2022,2023,2024,2025",False,v10,04fdc65,2026-08-05T00:54:23+00:00
11,52,11,"2015,2016,2017,2018,2019,2020,2021,2022,2023,2024,2025",False,v10,04fdc65,2026-08-05T00:54:23+00:00
29,173,11,"2015,2016,2017,2018,2019,2020,2021,2022,2023,2024,2025",False,v10,04fdc65,2026-08-05T00:54:23+00:00
36,189,11,"2015,2016,2017,2018,2019,2020,2021,2022,2023,2024,2025",False,v10,04fdc65,2026-08-05T00:54:23+00:00
9,46,11,"2015,2016,2017,2018,2019,2020,2021,2022,2023,2024,2025",False,v10,04fdc65,2026-08-05T00:54:23+00:00
12,170,11,"2015,2016,2017,2018,2019,2020,2021,2022,2023,2024,2025",False,v10,04fdc65,2026-08-05T00:54:23+00:00
16,28,11,"2015,2016,2017,2018,2019,2020,2021,2022,2023,2024,2025",False,v10,04fdc65,2026-08-05T00:54:23+00:00
7,206,11,"2015,2016,2017,2018,2019,2020,2021,2022,2023,2024,2025",False,v10,04fdc65,2026-08-05T00:54:23+00:00
21,142,11,"2015,2016,2017,2018,2019,2020,2021,2022,2023,2024,2025",False,v10,04fdc65,2026-08-05T00:54:23+00:00
13,58,11,"2015,2016,2017,2018,2019,2020,2021,2022,2023,2024,2025",False,v10,04fdc65,2026-08-05T00:54:23+00:00
7,200,11,"2015,2016,2017,2018,2019,2020,2021,2022,2023,2024,2025",False,v10,04fdc65,2026-08-05T00:54:23+00:00
10,145,11,"2015,2016,2017,2018,2019,2020,2021,2022,2023,2024,2025",False,v10,04fdc65,2026-08-05T00:54:23+00:00
13,109,11,"2015,2016,2017,2018,2019,2020,2021,2022,2023,2024,2025",False,v10,04fdc65,2026-08-05T00:54:23+00:00
14,133,11,"2015,2016,2017,2018,2019,2020,2021,2022,2023,2024,2025",False,v10,04fdc65,2026-08-05T00:54:23+00:00
21,83,11,"2015,2016,2017,2018,2019,2020,2021,2022,2023,2024,2025",False,v10,04fdc65,2026-08-05T00:54:23+00:00
27,218,11,"2015,2016,2017,2018,2019,2020,2021,2022,2023,2024,2025",False,v10,04fdc65,2026-08-05T00:54:23+00:00
8,170,11,"2015,2016,2017,2018,2019,2020,2021,2022,2023,2024,2025",False,v10,04fdc65,2026-08-05T00:54:23+00:00
37,184,11,"2015,2016,2017,2018,2019,2020,2021,2022,2023,2024,2025",False,v10,04fdc65,2026-08-05T00:54:23+00:00
25,74,11,"2015,2016,2017,2018,2019,2020,2021,2022,2023,2024,2025",False,v10,04fdc65,2026-08-05T00:54:23+00:00
30,196,11,"2015,2016,2017,2018,2019,2020,2021,2022,2023,2024,2025",False,v10,04fdc65,2026-08-05T00:54:23+00:00
5,195,11,"2015,2016,2017,2018,2019,2020,2021,2022,2023,2024,2025",False,v10,04fdc65,2026-08-05T00:54:23+00:00
29,191,11,"2015,2016,2017,2018,2019,2020,2021,2022,2023,2024,2025",False,v10,04fdc65,2026-08-05T00:54:23+00:00
9,51,11,"2015,2016,2017,2018,2019,2020,2021,2022,2023,2024,2025",False,v10,04fdc65,2026-08-05T00:54:23+00:00
10,11,2,"2024,2025",False,v10,04fdc65,2026-08-05T00:54:23+00:00
15,11,11,"2015,2016,2017,2018,2019,2020,2021,2022,2023,2024,2025",False,v10,04fdc65,2026-08-05T00:54:23+00:00
9,168,11,"2015,2016,2017,2018,2019,2020,2021,2022,2023,2024,2025",False,v10,04fdc65,2026-08-05T00:54:23+00:00
11,175,11,"2015,2016,2017,2018,2019,2020,2021,2022,2023,2024,2025",False,v10,04fdc65,2026-08-05T00:54:23+00:00
22,80,11,"2015,2016,2017,2018,2019,2020,2021,2022,2023,2024,2025",False,v10,04fdc65,2026-08-05T00:54:23+00:00
7,193,11,"2015,2016,2017,2018,2019,2020,2021,2022,2023,2024,2025",False,v10,04fdc65,2026-08-05T00:54:23+00:00
29,188,11,"2015,2016,2017,2018,2019,2020,2021,2022,2023,2024,2025",False,v10,04fdc65,2026-08-05T00:54:23+00:00
27,60,11,"2015,2016,2017,2018,2019,2020,2021,2022,2023,2024,2025",False,v10,04fdc65,2026-08-05T00:54:23+00:00
10,243,11,"2015,2016,2017,2018,2019,2020,2021,2022,2023,2024,2025",False,v10,04fdc65,2026-08-05T00:54:23+00:00
10,30,11,"2015,2016,2017,2018,2019,2020,2021,2022,2023,2024,2025",False,v10,04fdc65,2026-08-05T00:54:23+00:00
9,49,11,"2015,2016,2017,2018,2019,2020,2021,2022,2023,2024,2025",False,v10,04fdc65,2026-08-05T00:54:23+00:00
27,56,11,"2015,2016,2017,2018,2019,2020,2021,2022,2023,2024,2025",False,v10,04fdc65,2026-08-05T00:54:23+00:00
13,59,11,"2015,2016,2017,2018,2019,2020,2021,2022,2023,2024,2025",False,v10,04fdc65,2026-08-05T00:54:23+00:00
11,46,11,"2015,2016,2017,2018,2019,2020,2021,2022,2023,2024,2025",False,v10,04fdc65,2026-08-05T00:54:23+00:00
15,141,11,"2015,2016,2017,2018,2019,2020,2021,2022,2023,2024,2025",False,v10,04fdc65,2026-08-05T00:54:23+00:00
17,74,11,"2015,2016,2017,2018,2019,2020,2021,2022,2023,2024,2025",False,v10,04fdc65,2026-08-05T00:54:23+00:00
11,53,11,"2015,2016,2017,2018,2019,2020,2021,2022,2023,2024,2025",False,v10,04fdc65,2026-08-05T00:54:23+00:00
11,44,11,"2015,2016,2017,2018,2019,2020,2021,2022,2023,2024,2025",False,v10,04fdc65,2026-08-05T00:54:23+00:00
25,177,11,"2015,2016,2017,2018,2019,2020,2021,2022,2023,2024,2025",False,v10,04fdc65,2026-08-05T00:54:23+00:00
6,195,11,"2015,2016,2017,2018,2019,2020,2021,2022,2023,2024,2025",False,v10,04fdc65,2026-08-05T00:54:23+00:00
9,18,11,"2015,2016,2017,2018,2019,2020,2021,2022,2023,2024,2025",False,v10,04fdc65,2026-08-05T00:54:23+00:00
32,191,11,"2015,2016,2017,2018,2019,2020,2021,2022,2023,2024,2025",False,v10,04fdc65,2026-08-05T00:54:23+00:00
35,191,11,"2015,2016,2017,2018,2019,2020,2021,2022,2023,2024,2025",False,v10,04fdc65,2026-08-05T00:54:23+00:00
27,212,11,"2015,2016,2017,2018,2019,2020,2021,2022,2023,2024,2025",False,v10,04fdc65,2026-08-05T00:54:23+00:00
19,213,11,"2015,2016,2017,2018,2019,2020,2021,2022,2023,2024,2025",False,v10,04fdc65,2026-08-05T00:54:23+00:00
32,172,11,"2015,2016,2017,2018,2019,2020,2021,2022,2023,2024,2025",False,v10,04fdc65,2026-08-05T00:54:23+00:00
16,225,11,"2015,2016,2017,2018,2019,2020,2021,2022,2023,2024,2025",False,v10,04fdc65,2026-08-05T00:54:23+00:00
22,68,11,"2015,2016,2017,2018,2019,2020,2021,2022,2023,2024,2025",False,v10,04fdc65,2026-08-05T00:54:23+00:00
28,186,11,"2015,2016,2017,2018,2019,2020,2021,2022,2023,2024,2025",False,v10,04fdc65,2026-08-05T00:54:23+00:00
28,173,11,"2015,2016,2017,2018,2019,2020,2021,2022,2023,2024,2025",False,v10,04fdc65,2026-08-05T00:54:23+00:00
37,183,11,"2015,2016,2017,2018,2019,2020,2021,2022,2023,2024,2025",False,v10,04fdc65,2026-08-05T00:54:23+00:00
24,156,11,"2015,2016,2017,2018,2019,2020,2021,2022,2023,2024,2025",False,v10,04fdc65,2026-08-05T00:54:23+00:00
7,178,11,"2015,2016,2017,2018,2019,2020,2021,2022,2023,2024,2025",False,v10,04fdc65,2026-08-05T00:54:23+00:00
19,80,11,"2015,2016,2017,2018,2019,2020,2021,2022,2023,2024,2025",False,v10,04fdc65,2026-08-05T00:54:23+00:00
11,55,11,"2015,2016,2017,2018,2019,2020,2021,2022,2023,2024,2025",False,v10,04fdc65,2026-08-05T00:54:23+00:00
27,71,11,"2015,2016,2017,2018,2019,2020,2021,2022,2023,2024,2025",False,v10,04fdc65,2026-08-05T00:54:23+00:00
17,77,11,"2015,2016,2017,2018,2019,2020,2021,2022,2023,2024,2025",False,v10,04fdc65,2026-08-05T00:54:23+00:00
11,174,11,"2015,2016,2017,2018,2019,2020,2021,2022,2023,2024,2025",False,v10,04fdc65,2026-08-05T00:54:23+00:00
32,178,11,"2015,2016,2017,2018,2019,2020,2021,2022,2023,2024,2025",False,v10,04fdc65,2026-08-05T00:54:23+00:00
22,39,4,"2022,2023,2024,2025",False,v10,04fdc65,2026-08-05T00:54:23+00:00
10,41,11,"2015,2016,2017,2018,2019,2020,2021,2022,2023,2024,2025",False,v10,04fdc65,2026-08-05T00:54:23+00:00
8,175,11,"2015,2016,2017,2018,2019,2020,2021,2022,2023,2024,2025",False,v10,04fdc65,2026-08-05T00:54:23+00:00
12,151,11,"2015,2016,2017,2018,2019,2020,2021,2022,2023,2024,2025",False,v10,04fdc65,2026-08-05T00:54:23+00:00
8,43,11,"2015,2016,2017,2018,2019,2020,2021,2022,2023,2024,2025",False,v10,04fdc65,2026-08-05T00:54:23+00:00
75,75,11,"2015,2016,2017,2018,2019,2020,2021,2022,2023,2024,2025",False,v10,04fdc65,2026-08-05T00:54:23+00:00
36,186,11,"2015,2016,2017,2018,2019,2020,2021,2022,2023,2024,2025",False,v10,04fdc65,2026-08-05T00:54:23+00:00
12,111,11,"2015,2016,2017,2018,2019,2020,2021,2022,2023,2024,2025",False,v10,04fdc65,2026-08-05T00:54:23+00:00
30,185,11,"2015,2016,2017,2018,2019,2020,2021,2022,2023,2024,2025",False,v10,04fdc65,2026-08-05T00:54:23+00:00
25,49,11,"2015,2016,2017,2018,2019,2020,2021,2022,2023,2024,2025",False,v10,04fdc65,2026-08-05T00:54:23+00:00
31,191,11,"2015,2016,2017,2018,2019,2020,2021,2022,2023,2024,2025",False,v10,04fdc65,2026-08-05T00:54:23+00:00
36,190,11,"2015,2016,2017,2018,2019,2020,2021,2022,2023,2024,2025",False,v10,04fdc65,2026-08-05T00:54:23+00:00
23,83,11,"2015,2016,2017,2018,2019,2020,2021,2022,2023,2024,2025",False,v10,04fdc65,2026-08-05T00:54:23+00:00
26,172,11,"2015,2016,2017,2018,2019,2020,2021,2022,2023,2024,2025",False,v10,04fdc65,2026-08-05T00:54:23+00:00
11,64,11,"2015,2016,2017,2018,2019,2020,2021,2022,2023,2024,2025",False,v10,04fdc65,2026-08-05T00:54:23+00:00
13,241,11,"2015,2016,2017,2018,2019,2020,2021,2022,2023,2024,2025",False,v10,04fdc65,2026-08-05T00:54:23+00:00
9,58,11,"2015,2016,2017,2018,2019,2020,2021,2022,2023,2024,2025",False,v10,04fdc65,2026-08-05T00:54:23+00:00
12,150,11,"2015,2016,2017,2018,2019,2020,2021,2022,2023,2024,2025",False,v10,04fdc65,2026-08-05T00:54:23+00:00
30,189,11,"2015,2016,2017,2018,2019,2020,2021,2022,2023,2024,2025",False,v10,04fdc65,2026-08-05T00:54:23+00:00
15,126,9,"2017,2018,2019,2020,2021,2022,2023,2024,2025",False,v10,04fdc65,2026-08-05T00:54:23+00:00
11,13,11,"2015,2016,2017,2018,2019,2020,2021,2022,2023,2024,2025",False,v10,04fdc65,2026-08-05T00:54:23+00:00
27,181,11,"2015,2016,2017,2018,2019,2020,2021,2022,2023,2024,2025",False,v10,04fdc65,2026-08-05T00:54:23+00:00
8,176,11,"2015,2016,2017,2018,2019,2020,2021,2022,2023,2024,2025",False,v10,04fdc65,2026-08-05T00:54:23+00:00
5,194,11,"2015,2016,2017,2018,2019,2020,2021,2022,2023,2024,2025",False,v10,04fdc65,2026-08-05T00:54:23+00:00
20,139,11,"2015,2016,2017,2018,2019,2020,2021,2022,2023,2024,2025",False,v10,04fdc65,2026-08-05T00:54:23+00:00
13,149,11,"2015,2016,2017,2018,2019,2020,2021,2022,2023,2024,2025",False,v10,04fdc65,2026-08-05T00:54:23+00:00
7,201,11,"2015,2016,2017,2018,2019,2020,2021,2022,2023,2024,2025",False,v10,04fdc65,2026-08-05T00:54:23+00:00
12,62,11,"2015,2016,2017,2018,2019,2020,2021,2022,2023,2024,2025",False,v10,04fdc65,2026-08-05T00:54:23+00:00
16,142,11,"2015,2016,2017,2018,2019,2020,2021,2022,2023,2024,2025",False,v10,04fdc65,2026-08-05T00:54:23+00:00
16,132,11,"2015,2016,2017,2018,2019,2020,2021,2022,2023,2024,2025",False,v10,04fdc65,2026-08-05T00:54:23+00:00
9,138,9,"2017,2018,2019,2020,2021,2022,2023,2024,2025",False,v10,04fdc65,2026-08-05T00:54:23+00:00
37,182,11,"2015,2016,2017,2018,2019,2020,2021,2022,2023,2024,2025",False,v10,04fdc65,2026-08-05T00:54:23+00:00
9,140,11,"2015,2016,2017,2018,2019,2020,2021,2022,2023,2024,2025",False,v10,04fdc65,2026-08-05T00:54:23+00:00
28,46,11,"2015,2016,2017,2018,2019,2020,2021,2022,2023,2024,2025",False,v10,04fdc65,2026-08-05T00:54:23+00:00
15,236,11,"2015,2016,2017,2018,2019,2020,2021,2022,2023,2024,2025",False,v10,04fdc65,2026-08-05T00:54:23+00:00
8,221,11,"2015,2016,2017,2018,2019,2020,2021,2022,2023,2024,2025",False,v10,04fdc65,2026-08-05T00:54:23+00:00
17,230,11,"2015,2016,2017,2018,2019,2020,2021,2022,2023,2024,2025",False,v10,04fdc65,2026-08-05T00:54:23+00:00
9,141,11,"2015,2016,2017,2018,2019,2020,2021,2022,2023,2024,2025",False,v10,04fdc65,2026-08-05T00:54:23+00:00
13,145,11,"2015,2016,2017,2018,2019,2020,2021,2022,2023,2024,2025",False,v10,04fdc65,2026-08-05T00:54:23+00:00
29,208,11,"2015,2016,2017,2018,2019,2020,2021,2022,2023,2024,2025",False,v10,04fdc65,2026-08-05T00:54:23+00:00
22,79,11,"2015,2016,2017,2018,2019,2020,2021,2022,2023,2024,2025",False,v10,04fdc65,2026-08-05T00:54:23+00:00
16,218,11,"2015,2016,2017,2018,2019,2020,2021,2022,2023,2024,2025",False,v10,04fdc65,2026-08-05T00:54:23+00:00
30,190,11,"2015,2016,2017,2018,2019,2020,2021,2022,2023,2024,2025",False,v10,04fdc65,2026-08-05T00:54:23+00:00
22,77,11,"2015,2016,2017,2018,2019,2020,2021,2022,2023,2024,2025",False,v10,04fdc65,2026-08-05T00:54:23+00:00
29,205,11,"2015,2016,2017,2018,2019,2020,2021,2022,2023,2024,2025",False,v10,04fdc65,2026-08-05T00:54:23+00:00
11,49,11,"2015,2016,2017,2018,2019,2020,2021,2022,2023,2024,2025",False,v10,04fdc65,2026-08-05T00:54:23+00:00
26,185,11,"2015,2016,2017,2018,2019,2020,2021,2022,2023,2024,2025",False,v10,04fdc65,2026-08-05T00:54:23+00:00
11,56,11,"2015,2016,2017,2018,2019,2020,2021,2022,2023,2024,2025",False,v10,04fdc65,2026-08-05T00:54:23+00:00
27,50,11,"2015,2016,2017,2018,2019,2020,2021,2022,2023,2024,2025",False,v10,04fdc65,2026-08-05T00:54:23+00:00
11,65,11,"2015,2016,2017,2018,2019,2020,2021,2022,2023,2024,2025",False,v10,04fdc65,2026-08-05T00:54:23+00:00
12,244,11,"2015,2016,2017,2018,2019,2020,2021,2022,2023,2024,2025",False,v10,04fdc65,2026-08-05T00:54:23+00:00
29,187,11,"2015,2016,2017,2018,2019,2020,2021,2022,2023,2024,2025",False,v10,04fdc65,2026-08-05T00:54:23+00:00
23,149,11,"2015,2016,2017,2018,2019,2020,2021,2022,2023,2024,2025",False,v10,04fdc65,2026-08-05T00:54:23+00:00
5,190,11,"2015,2016,2017,2018,2019,2020,2021,2022,2023,2024,2025",False,v10,04fdc65,2026-08-05T00:54:23+00:00
26,52,11,"2015,2016,2017,2018,2019,2020,2021,2022,2023,2024,2025",False,v10,04fdc65,2026-08-05T00:54:23+00:00
29,206,11,"2015,2016,2017,2018,2019,2020,2021,2022,2023,2024,2025",False,v10,04fdc65,2026-08-05T00:54:23+00:00
20,214,11,"2015,2016,2017,2018,2019,2020,2021,2022,2023,2024,2025",False,v10,04fdc65,2026-08-05T00:54:23+00:00
11,45,11,"2015,2016,2017,2018,2019,2020,2021,2022,2023,2024,2025",False,v10,04fdc65,2026-08-05T00:54:23+00:00
30,197,11,"2015,2016,2017,2018,2019,2020,2021,2022,2023,2024,2025",False,v10,04fdc65,2026-08-05T00:54:23+00:00
10,236,11,"2015,2016,2017,2018,2019,2020,2021,2022,2023,2024,2025",False,v10,04fdc65,2026-08-05T00:54:23+00:00
30,50,1,2025,False,v10,04fdc65,2026-08-05T00:54:23+00:00
3,133,11,"2015,2016,2017,2018,2019,2020,2021,2022,2023,2024,2025",False,v10,04fdc65,2026-08-05T00:54:23+00:00
2,186,11,"2015,2016,2017,2018,2019,2020,2021,2022,2023,2024,2025",False,v10,04fdc65,2026-08-05T00:54:23+00:00
22,78,11,"2015,2016,2017,2018,2019,2020,2021,2022,2023,2024,2025",False,v10,04fdc65,2026-08-05T00:54:23+00:00
16,128,11,"2015,2016,2017,2018,2019,2020,2021,2022,2023,2024,2025",False,v10,04fdc65,2026-08-05T00:54:23+00:00
18,32,11,"2015,2016,2017,2018,2019,2020,2021,2022,2023,2024,2025",False,v10,04fdc65,2026-08-05T00:54:23+00:00
20,82,11,"2015,2016,2017,2018,2019,2020,2021,2022,2023,2024,2025",False,v10,04fdc65,2026-08-05T00:54:23+00:00
28,176,11,"2015,2016,2017,2018,2019,2020,2021,2022,2023,2024,2025",False,v10,04fdc65,2026-08-05T00:54:23+00:00
11,132,9,"2017,2018,2019,2020,2021,2022,2023,2024,2025",False,v10,04fdc65,2026-08-05T00:54:23+00:00
27,219,11,"2015,2016,2017,2018,2019,2020,2021,2022,2023,2024,2025",False,v10,04fdc65,2026-08-05T00:54:23+00:00
72,76,11,"2015,2016,2017,2018,2019,2020,2021,2022,2023,2024,2025",False,v10,04fdc65,2026-08-05T00:54:23+00:00
12,139,11,"2015,2016,2017,2018,2019,2020,2021,2022,2023,2024,2025",False,v10,04fdc65,2026-08-05T00:54:23+00:00
28,170,11,"2015,2016,2017,2018,2019,2020,2021,2022,2023,2024,2025",False,v10,04fdc65,2026-08-05T00:54:23+00:00
3,134,11,"2015,2016,2017,2018,2019,2020,2021,2022,2023,2024,2025",False,v10,04fdc65,2026-08-05T00:54:23+00:00
13,108,11,"2015,2016,2017,2018,2019,2020,2021,2022,2023,2024,2025",False,v10,04fdc65,2026-08-05T00:54:23+00:00
26,75,11,"2015,2016,2017,2018,2019,2020,2021,2022,2023,2024,2025",False,v10,04fdc65,2026-08-05T00:54:23+00:00
23,41,5,"2021,2022,2023,2024,2025",False,v10,04fdc65,2026-08-05T00:54:23+00:00
13,135,11,"2015,2016,2017,2018,2019,2020,2021,2022,2023,2024,2025",False,v10,04fdc65,2026-08-05T00:54:23+00:00
37,188,11,"2015,2016,2017,2018,2019,2020,2021,2022,2023,2024,2025",False,v10,04fdc65,2026-08-05T00:54:23+00:00
10,166,11,"2015,2016,2017,2018,2019,2020,2021,2022,2023,2024,2025",False,v10,04fdc65,2026-08-05T00:54:23+00:00
2,187,11,"2015,2016,2017,2018,2019,2020,2021,2022,2023,2024,2025",False,v10,04fdc65,2026-08-05T00:54:23+00:00
15,10,5,"2021,2022,2023,2024,2025",False,v10,04fdc65,2026-08-05T00:54:23+00:00
34,192,11,"2015,2016,2017,2018,2019,2020,2021,2022,2023,2024,2025",False,v10,04fdc65,2026-08-05T00:54:23+00:00
13,60,11,"2015,2016,2017,2018,2019,2020,2021,2022,2023,2024,2025",False,v10,04fdc65,2026-08-05T00:54:23+00:00
14,232,11,"2015,2016,2017,2018,2019,2020,2021,2022,2023,2024,2025",False,v10,04fdc65,2026-08-05T00:54:23+00:00
36,177,11,"2015,2016,2017,2018,2019,2020,2021,2022,2023,2024,2025",False,v10,04fdc65,2026-08-05T00:54:23+00:00
18,70,11,"2015,2016,2017,2018,2019,2020,2021,2022,2023,2024,2025",False,v10,04fdc65,2026-08-05T00:54:23+00:00
23,42,10,"2016,2017,2018,2019,2020,2021,2022,2023,2024,2025",False,v10,04fdc65,2026-08-05T00:54:23+00:00
22,144,11,"2015,2016,2017,2018,2019,2020,2021,2022,2023,2024,2025",False,v10,04fdc65,2026-08-05T00:54:23+00:00
22,67,11,"2015,2016,2017,2018,2019,2020,2021,2022,2023,2024,2025",False,v10,04fdc65,2026-08-05T00:54:23+00:00
21,228,11,"2015,2016,2017,2018,2019,2020,2021,2022,2023,2024,2025",False,v10,04fdc65,2026-08-05T00:54:23+00:00
15,227,11,"2015,2016,2017,2018,2019,2020,2021,2022,2023,2024,2025",False,v10,04fdc65,2026-08-05T00:54:23+00:00
28,171,11,"2015,2016,2017,2018,2019,2020,2021,2022,2023,2024,2025",False,v10,04fdc65,2026-08-05T00:54:23+00:00
17,16,11,"2015,2016,2017,2018,2019,2020,2021,2022,2023,2024,2025",False,v10,04fdc65,2026-08-05T00:54:23+00:00
26,174,11,"2015,2016,2017,2018,2019,2020,2021,2022,2023,2024,2025",False,v10,04fdc65,2026-08-05T00:54:23+00:00
10,163,11,"2015,2016,2017,2018,2019,2020,2021,2022,2023,2024,2025",False,v10,04fdc65,2026-08-05T00:54:23+00:00
17,31,11,"2015,2016,2017,2018,2019,2020,2021,2022,2023,2024,2025",False,v10,04fdc65,2026-08-05T00:54:23+00:00
15,20,4,"2022,2023,2024,2025",False,v10,04fdc65,2026-08-05T00:54:23+00:00
24,44,5,"2021,2022,2023,2024,2025",False,v10,04fdc65,2026-08-05T00:54:23+00:00
10,146,11,"2015,2016,2017,2018,2019,2020,2021,2022,2023,2024,2025",False,v10,04fdc65,2026-08-05T00:54:23+00:00
8,220,11,"2015,2016,2017,2018,2019,2020,2021,2022,2023,2024,2025",False,v10,04fdc65,2026-08-05T00:54:23+00:00
7,177,11,"2015,2016,2017,2018,2019,2020,2021,2022,2023,2024,2025",False,v10,04fdc65,2026-08-05T00:54:23+00:00
26,173,11,"2015,2016,2017,2018,2019,2020,2021,2022,2023,2024,2025",False,v10,04fdc65,2026-08-05T00:54:23+00:00
16,133,11,"2015,2016,2017,2018,2019,2020,2021,2022,2023,2024,2025",False,v10,04fdc65,2026-08-05T00:54:23+00:00
12,136,11,"2015,2016,2017,2018,2019,2020,2021,2022,2023,2024,2025",False,v10,04fdc65,2026-08-05T00:54:23+00:00
10,28,11,"2015,2016,2017,2018,2019,2020,2021,2022,2023,2024,2025",False,v10,04fdc65,2026-08-05T00:54:23+00:00
12,12,11,"2015,2016,2017,2018,2019,2020,2021,2022,2023,2024,2025",False,v10,04fdc65,2026-08-05T00:54:23+00:00
13,148,11,"2015,2016,2017,2018,2019,2020,2021,2022,2023,2024,2025",False,v10,04fdc65,2026-08-05T00:54:23+00:00
6,181,11,"2015,2016,2017,2018,2019,2020,2021,2022,2023,2024,2025",False,v10,04fdc65,2026-08-05T00:54:23+00:00
8,159,11,"2015,2016,2017,2018,2019,2020,2021,2022,2023,2024,2025",False,v10,04fdc65,2026-08-05T00:54:23+00:00
9,139,11,"2015,2016,2017,2018,2019,2020,2021,2022,2023,2024,2025",False,v10,04fdc65,2026-08-05T00:54:23+00:00
11,57,11,"2015,2016,2017,2018,2019,2020,2021,2022,2023,2024,2025",False,v10,04fdc65,2026-08-05T00:54:23+00:00
16,232,11,"2015,2016,2017,2018,2019,2020,2021,2022,2023,2024,2025",False,v10,04fdc65,2026-08-05T00:54:23+00:00
29,150,11,"2015,2016,2017,2018,2019,2020,2021,2022,2023,2024,2025",False,v10,04fdc65,2026-08-05T00:54:23+00:00
10,64,11,"2015,2016,2017,2018,2019,2020,2021,2022,2023,2024,2025",False,v10,04fdc65,2026-08-05T00:54:23+00:00
30,169,11,"2015,2016,2017,2018,2019,2020,2021,2022,2023,2024,2025",False,v10,04fdc65,2026-08-05T00:54:23+00:00
7,199,11,"2015,2016,2017,2018,2019,2020,2021,2022,2023,2024,2025",False,v10,04fdc65,2026-08-05T00:54:23+00:00
19,231,11,"2015,2016,2017,2018,2019,2020,2021,2022,2023,2024,2025",False,v10,04fdc65,2026-08-05T00:54:23+00:00
16,126,6,"2020,2021,2022,2023,2024,2025",False,v10,04fdc65,2026-08-05T00:54:23+00:00
17,75,11,"2015,2016,2017,2018,2019,2020,2021,2022,2023,2024,2025",False,v10,04fdc65,2026-08-05T00:54:23+00:00
15,233,11,"2015,2016,2017,2018,2019,2020,2021,2022,2023,2024,2025",False,v10,04fdc65,2026-08-05T00:54:23+00:00
9,13,11,"2015,2016,2017,2018,2019,2020,2021,2022,2023,2024,2025",False,v10,04fdc65,2026-08-05T00:54:23+00:00
4,133,11,"2015,2016,2017,2018,2019,2020,2021,2022,2023,2024,2025",False,v10,04fdc65,2026-08-05T00:54:23+00:00
22,41,5,"2021,2022,2023,2024,2025",False,v10,04fdc65,2026-08-05T00:54:23+00:00
11,169,11,"2015,2016,2017,2018,2019,2020,2021,2022,2023,2024,2025",False,v10,04fdc65,2026-08-05T00:54:23+00:00
29,151,11,"2015,2016,2017,2018,2019,2020,2021,2022,2023,2024,2025",False,v10,04fdc65,2026-08-05T00:54:23+00:00
16,74,11,"2015,2016,2017,2018,2019,2020,2021,2022,2023,2024,2025",False,v10,04fdc65,2026-08-05T00:54:23+00:00
28,50,7,"2019,2020,2021,2022,2023,2024,2025",False,v10,04fdc65,2026-08-05T00:54:23+00:00
27,177,11,"2015,2016,2017,2018,2019,2020,2021,2022,2023,2024,2025",False,v10,04fdc65,2026-08-05T00:54:23+00:00
30,198,11,"2015,2016,2017,2018,2019,2020,2021,2022,2023,2024,2025",False,v10,04fdc65,2026-08-05T00:54:23+00:00
12,110,11,"2015,2016,2017,2018,2019,2020,2021,2022,2023,2024,2025",False,v10,04fdc65,2026-08-05T00:54:23+00:00
30,193,11,"2015,2016,2017,2018,2019,2020,2021,2022,2023,2024,2025",False,v10,04fdc65,2026-08-05T00:54:23+00:00
25,48,11,"2015,2016,2017,2018,2019,2020,2021,2022,2023,2024,2025",False,v10,04fdc65,2026-08-05T00:54:23+00:00
90,72,11,"2015,2016,2017,2018,2019,2020,2021,2022,2023,2024,2025",False,v10,04fdc65,2026-08-05T00:54:23+00:00
12,9,11,"2015,2016,2017,2018,2019,2020,2021,2022,2023,2024,2025",False,v10,04fdc65,2026-08-05T00:54:23+00:00
11,149,11,"2015,2016,2017,2018,2019,2020,2021,2022,2023,2024,2025",False,v10,04fdc65,2026-08-05T00:54:23+00:00
20,81,11,"2015,2016,2017,2018,2019,2020,2021,2022,2023,2024,2025",False,v10,04fdc65,2026-08-05T00:54:23+00:00
24,75,11,"2015,2016,2017,2018,2019,2020,2021,2022,2023,2024,2025",False,v10,04fdc65,2026-08-05T00:54:23+00:00
8,42,11,"2015,2016,2017,2018,2019,2020,2021,2022,2023,2024,2025",False,v10,04fdc65,2026-08-05T00:54:23+00:00
7,196,11,"2015,2016,2017,2018,2019,2020,2021,2022,2023,2024,2025",False,v10,04fdc65,2026-08-05T00:54:23+00:00
27,185,11,"2015,2016,2017,2018,2019,2020,2021,2022,2023,2024,2025",False,v10,04fdc65,2026-08-05T00:54:23+00:00
24,74,11,"2015,2016,2017,2018,2019,2020,2021,2022,2023,2024,2025",False,v10,04fdc65,2026-08-05T00:54:23+00:00
14,11,11,"2015,2016,2017,2018,2019,2020,2021,2022,2023,2024,2025",False,v10,04fdc65,2026-08-05T00:54:23+00:00
18,228,11,"2015,2016,2017,2018,2019,2020,2021,2022,2023,2024,2025",False,v10,04fdc65,2026-08-05T00:54:23+00:00
32,176,11,"2015,2016,2017,2018,2019,2020,2021,2022,2023,2024,2025",False,v10,04fdc65,2026-08-05T00:54:23+00:00
7,207,11,"2015,2016,2017,2018,2019,2020,2021,2022,2023,2024,2025",False,v10,04fdc65,2026-08-05T00:54:23+00:00
33,168,11,"2015,2016,2017,2018,2019,2020,2021,2022,2023,2024,2025",False,v10,04fdc65,2026-08-05T00:54:23+00:00
21,217,11,"2015,2016,2017,2018,2019,2020,2021,2022,2023,2024,2025",False,v10,04fdc65,2026-08-05T00:54:23+00:00
24,77,11,"2015,2016,2017,2018,2019,2020,2021,2022,2023,2024,2025",False,v10,04fdc65,2026-08-05T00:54:23+00:00
9,65,11,"2015,2016,2017,2018,2019,2020,2021,2022,2023,2024,2025",False,v10,04fdc65,2026-08-05T00:54:23+00:00
9,178,11,"2015,2016,2017,2018,2019,2020,2021,2022,2023,2024,2025",False,v10,04fdc65,2026-08-05T00:54:23+00:00
11,145,11,"2015,2016,2017,2018,2019,2020,2021,2022,2023,2024,2025",False,v10,04fdc65,2026-08-05T00:54:23+00:00
10,61,11,"2015,2016,2017,2018,2019,2020,2021,2022,2023,2024,2025",False,v10,04fdc65,2026-08-05T00:54:23+00:00
37,189,11,"2015,2016,2017,2018,2019,2020,2021,2022,2023,2024,2025",False,v10,04fdc65,2026-08-05T00:54:23+00:00
17,58,11,"2015,2016,2017,2018,2019,2020,2021,2022,2023,2024,2025",False,v10,04fdc65,2026-08-05T00:54:23+00:00
25,159,11,"2015,2016,2017,2018,2019,2020,2021,2022,2023,2024,2025",False,v10,04fdc65,2026-08-05T00:54:23+00:00
11,144,11,"2015,2016,2017,2018,2019,2020,2021,2022,2023,2024,2025",False,v10,04fdc65,2026-08-05T00:54:23+00:00
27,55,11,"2015,2016,2017,2018,2019,2020,2021,2022,2023,2024,2025",False,v10,04fdc65,2026-08-05T00:54:23+00:00
12,109,11,"2015,2016,2017,2018,2019,2020,2021,2022,2023,2024,2025",False,v10,04fdc65,2026-08-05T00:54:23+00:00
18,215,11,"2015,2016,2017,2018,2019,2020,2021,2022,2023,2024,2025",False,v10,04fdc65,2026-08-05T00:54:23+00:00
3,131,11,"2015,2016,2017,2018,2019,2020,2021,2022,2023,2024,2025",False,v10,04fdc65,2026-08-05T00:54:23+00:00
16,130,11,"2015,2016,2017,2018,2019,2020,2021,2022,2023,2024,2025",False,v10,04fdc65,2026-08-05T00:54:23+00:00
27,45,11,"2015,2016,2017,2018,2019,2020,2021,2022,2023,2024,2025",False,v10,04fdc65,2026-08-05T00:54:23+00:00
27,73,3,"2023,2024,2025",False,v10,04fdc65,2026-08-05T00:54:23+00:00
19,63,11,"2015,2016,2017,2018,2019,2020,2021,2022,2023,2024,2025",False,v10,04fdc65,2026-08-05T00:54:23+00:00
27,211,11,"2015,2016,2017,2018,2019,2020,2021,2022,2023,2024,2025",False,v10,04fdc65,2026-08-05T00:54:23+00:00
89,73,11,"2015,2016,2017,2018,2019,2020,2021,2022,2023,2024,2025",False,v10,04fdc65,2026-08-05T00:54:23+00:00
9,64,11,"2015,2016,2017,2018,2019,2020,2021,2022,2023,2024,2025",False,v10,04fdc65,2026-08-05T00:54:23+00:00
12,61,11,"2015,2016,2017,2018,2019,2020,2021,2022,2023,2024,2025",False,v10,04fdc65,2026-08-05T00:54:23+00:00
22,81,11,"2015,2016,2017,2018,2019,2020,2021,2022,2023,2024,2025",False,v10,04fdc65,2026-08-05T00:54:23+00:00
10,173,11,"2015,2016,2017,2018,2019,2020,2021,2022,2023,2024,2025",False,v10,04fdc65,2026-08-05T00:54:23+00:00
18,59,11,"2015,2016,2017,2018,2019,2020,2021,2022,2023,2024,2025",False,v10,04fdc65,2026-08-05T00:54:23+00:00
8,64,11,"2015,2016,2017,2018,2019,2020,2021,2022,2023,2024,2025",False,v10,04fdc65,2026-08-05T00:54:23+00:00
7,208,11,"2015,2016,2017,2018,2019,2020,2021,2022,2023,2024,2025",False,v10,04fdc65,2026-08-05T00:54:23+00:00
21,66,11,"2015,2016,2017,2018,2019,2020,2021,2022,2023,2024,2025",False,v10,04fdc65,2026-08-05T00:54:23+00:00
9,172,11,"2015,2016,2017,2018,2019,2020,2021,2022,2023,2024,2025",False,v10,04fdc65,2026-08-05T00:54:23+00:00
16,12,11,"2015,2016,2017,2018,2019,2020,2021,2022,2023,2024,2025",False,v10,04fdc65,2026-08-05T00:54:23+00:00
16,131,11,"2015,2016,2017,2018,2019,2020,2021,2022,2023,2024,2025",False,v10,04fdc65,2026-08-05T00:54:23+00:00
23,75,11,"2015,2016,2017,2018,2019,2020,2021,2022,2023,2024,2025",False,v10,04fdc65,2026-08-05T00:54:23+00:00
29,50,3,"2023,2024,2025",False,v10,04fdc65,2026-08-05T00:54:23+00:00
16,57,11,"2015,2016,2017,2018,2019,2020,2021,2022,2023,2024,2025",False,v10,04fdc65,2026-08-05T00:54:23+00:00
11,62,11,"2015,2016,2017,2018,2019,2020,2021,2022,2023,2024,2025",False,v10,04fdc65,2026-08-05T00:54:23+00:00
12,11,7,"2019,2020,2021,2022,2023,2024,2025",False,v10,04fdc65,2026-08-05T00:54:23+00:00
7,194,11,"2015,2016,2017,2018,2019,2020,2021,2022,2023,2024,2025",False,v10,04fdc65,2026-08-05T00:54:23+00:00
30,184,11,"2015,2016,2017,2018,2019,2020,2021,2022,2023,2024,2025",False,v10,04fdc65,2026-08-05T00:54:23+00:00
32,193,11,"2015,2016,2017,2018,2019,2020,2021,2022,2023,2024,2025",False,v10,04fdc65,2026-08-05T00:54:23+00:00
10,244,11,"2015,2016,2017,2018,2019,2020,2021,2022,2023,2024,2025",False,v10,04fdc65,2026-08-05T00:54:23+00:00
13,242,11,"2015,2016,2017,2018,2019,2020,2021,2022,2023,2024,2025",False,v10,04fdc65,2026-08-05T00:54:23+00:00
18,60,11,"2015,2016,2017,2018,2019,2020,2021,2022,2023,2024,2025",False,v10,04fdc65,2026-08-05T00:54:23+00:00
24,84,11,"2015,2016,2017,2018,2019,2020,2021,2022,2023,2024,2025",False,v10,04fdc65,2026-08-05T00:54:23+00:00
29,47,11,"2015,2016,2017,2018,2019,2020,2021,2022,2023,2024,2025",False,v10,04fdc65,2026-08-05T00:54:23+00:00
11,12,11,"2015,2016,2017,2018,2019,2020,2021,2022,2023,2024,2025",False,v10,04fdc65,2026-08-05T00:54:23+00:00
10,56,11,"2015,2016,2017,2018,2019,2020,2021,2022,2023,2024,2025",False,v10,04fdc65,2026-08-05T00:54:23+00:00
29,200,11,"2015,2016,2017,2018,2019,2020,2021,2022,2023,2024,2025",False,v10,04fdc65,2026-08-05T00:54:23+00:00
15,133,11,"2015,2016,2017,2018,2019,2020,2021,2022,2023,2024,2025",False,v10,04fdc65,2026-08-05T00:54:23+00:00
11,63,11,"2015,2016,2017,2018,2019,2020,2021,2022,2023,2024,2025",False,v10,04fdc65,2026-08-05T00:54:23+00:00
9,20,1,2025,False,v10,04fdc65,2026-08-05T00:54:23+00:00
9,57,11,"2015,2016,2017,2018,2019,2020,2021,2022,2023,2024,2025",False,v10,04fdc65,2026-08-05T00:54:23+00:00
30,192,11,"2015,2016,2017,2018,2019,2020,2021,2022,2023,2024,2025",False,v10,04fdc65,2026-08-05T00:54:23+00:00
27,67,11,"2015,2016,2017,2018,2019,2020,2021,2022,2023,2024,2025",False,v10,04fdc65,2026-08-05T00:54:23+00:00
21,141,11,"2015,2016,2017,2018,2019,2020,2021,2022,2023,2024,2025",False,v10,04fdc65,2026-08-05T00:54:23+00:00
21,218,11,"2015,2016,2017,2018,2019,2020,2021,2022,2023,2024,2025",False,v10,04fdc65,2026-08-05T00:54:23+00:00
8,223,11,"2015,2016,2017,2018,2019,2020,2021,2022,2023,2024,2025",False,v10,04fdc65,2026-08-05T00:54:23+00:00
11,152,11,"2015,2016,2017,2018,2019,2020,2021,2022,2023,2024,2025",False,v10,04fdc65,2026-08-05T00:54:23+00:00
89,72,11,"2015,2016,2017,2018,2019,2020,2021,2022,2023,2024,2025",False,v10,04fdc65,2026-08-05T00:54:23+00:00
29,174,11,"2015,2016,2017,2018,2019,2020,2021,2022,2023,2024,2025",False,v10,04fdc65,2026-08-05T00:54:23+00:00
24,155,11,"2015,2016,2017,2018,2019,2020,2021,2022,2023,2024,2025",False,v10,04fdc65,2026-08-05T00:54:23+00:00
15,238,11,"2015,2016,2017,2018,2019,2020,2021,2022,2023,2024,2025",False,v10,04fdc65,2026-08-05T00:54:23+00:00
8,172,11,"2015,2016,2017,2018,2019,2020,2021,2022,2023,2024,2025",False,v10,04fdc65,2026-08-05T00:54:23+00:00
32,169,11,"2015,2016,2017,2018,2019,2020,2021,2022,2023,2024,2025",False,v10,04fdc65,2026-08-05T00:54:23+00:00
27,44,7,"2019,2020,2021,2022,2023,2024,2025",False,v10,04fdc65,2026-08-05T00:54:23+00:00
9,19,11,"2015,2016,2017,2018,2019,2020,2021,2022,2023,2024,2025",False,v10,04fdc65,2026-08-05T00:54:23+00:00
9,45,11,"2015,2016,2017,2018,2019,2020,2021,2022,2023,2024,2025",False,v10,04fdc65,2026-08-05T00:54:23+00:00
28,43,11,"2015,2016,2017,2018,2019,2020,2021,2022,2023,2024,2025",False,v10,04fdc65,2026-08-05T00:54:23+00:00
10,60,11,"2015,2016,2017,2018,2019,2020,2021,2022,2023,2024,2025",False,v10,04fdc65,2026-08-05T00:54:23+00:00
10,58,11,"2015,2016,2017,2018,2019,2020,2021,2022,2023,2024,2025",False,v10,04fdc65,2026-08-05T00:54:23+00:00
5,189,11,"2015,2016,2017,2018,2019,2020,2021,2022,2023,2024,2025",False,v10,04fdc65,2026-08-05T00:54:23+00:00
25,215,11,"2015,2016,2017,2018,2019,2020,2021,2022,2023,2024,2025",False,v10,04fdc65,2026-08-05T00:54:23+00:00
29,46,7,"2019,2020,2021,2022,2023,2024,2025",False,v10,04fdc65,2026-08-05T00:54:23+00:00
16,222,11,"2015,2016,2017,2018,2019,2020,2021,2022,2023,2024,2025",False,v10,04fdc65,2026-08-05T00:54:23+00:00
26,162,11,"2015,2016,2017,2018,2019,2020,2021,2022,2023,2024,2025",False,v10,04fdc65,2026-08-05T00:54:23+00:00
16,221,11,"2015,2016,2017,2018,2019,2020,2021,2022,2023,2024,2025",False,v10,04fdc65,2026-08-05T00:54:23+00:00
6,196,11,"2015,2016,2017,2018,2019,2020,2021,2022,2023,2024,2025",False,v10,04fdc65,2026-08-05T00:54:23+00:00
23,148,11,"2015,2016,2017,2018,2019,2020,2021,2022,2023,2024,2025",False,v10,04fdc65,2026-08-05T00:54:23+00:00
10,42,11,"2015,2016,2017,2018,2019,2020,2021,2022,2023,2024,2025",False,v10,04fdc65,2026-08-05T00:54:23+00:00
11,172,11,"2015,2016,2017,2018,2019,2020,2021,2022,2023,2024,2025",False,v10,04fdc65,2026-08-05T00:54:23+00:00
14,241,11,"2015,2016,2017,2018,2019,2020,2021,2022,2023,2024,2025",False,v10,04fdc65,2026-08-05T00:54:23+00:00
9,137,11,"2015,2016,2017,2018,2019,2020,2021,2022,2023,2024,2025",False,v10,04fdc65,2026-08-05T00:54:23+00:00
8,57,11,"2015,2016,2017,2018,2019,2020,2021,2022,2023,2024,2025",False,v10,04fdc65,2026-08-05T00:54:23+00:00
27,150,11,"2015,2016,2017,2018,2019,2020,2021,2022,2023,2024,2025",False,v10,04fdc65,2026-08-05T00:54:23+00:00
9,44,11,"2015,2016,2017,2018,2019,2020,2021,2022,2023,2024,2025",False,v10,04fdc65,2026-08-05T00:54:23+00:00
13,138,11,"2015,2016,2017,2018,2019,2020,2021,2022,2023,2024,2025",False,v10,04fdc65,2026-08-05T00:54:23+00:00
16,226,11,"2015,2016,2017,2018,2019,2020,2021,2022,2023,2024,2025",False,v10,04fdc65,2026-08-05T00:54:23+00:00
3,191,11,"2015,2016,2017,2018,2019,2020,2021,2022,2023,2024,2025",False,v10,04fdc65,2026-08-05T00:54:23+00:00
10,29,11,"2015,2016,2017,2018,2019,2020,2021,2022,2023,2024,2025",False,v10,04fdc65,2026-08-05T00:54:23+00:00
15,19,6,"2020,2021,2022,2023,2024,2025",False,v10,04fdc65,2026-08-05T00:54:23+00:00
74,75,11,"2015,2016,2017,2018,2019,2020,2021,2022,2023,2024,2025",False,v10,04fdc65,2026-08-05T00:54:23+00:00
2,185,11,"2015,2016,2017,2018,2019,2020,2021,2022,2023,2024,2025",False,v10,04fdc65,2026-08-05T00:54:23+00:00
26,126,11,"2015,2016,2017,2018,2019,2020,2021,2022,2023,2024,2025",False,v10,04fdc65,2026-08-05T00:54:23+00:00
29,189,11,"2015,2016,2017,2018,2019,2020,2021,2022,2023,2024,2025",False,v10,04fdc65,2026-08-05T00:54:23+00:00
37,185,11,"2015,2016,2017,2018,2019,2020,2021,2022,2023,2024,2025",False,v10,04fdc65,2026-08-05T00:54:23+00:00
8,168,11,"2015,2016,2017,2018,2019,2020,2021,2022,2023,2024,2025",False,v10,04fdc65,2026-08-05T00:54:23+00:00
16,219,11,"2015,2016,2017,2018,2019,2020,2021,2022,2023,2024,2025",False,v10,04fdc65,2026-08-05T00:54:23+00:00
7,202,11,"2015,2016,2017,2018,2019,2020,2021,2022,2023,2024,2025",False,v10,04fdc65,2026-08-05T00:54:23+00:00
13,110,11,"2015,2016,2017,2018,2019,2020,2021,2022,2023,2024,2025",False,v10,04fdc65,2026-08-05T00:54:23+00:00
5,198,11,"2015,2016,2017,2018,2019,2020,2021,2022,2023,2024,2025",False,v10,04fdc65,2026-08-05T00:54:23+00:00
8,209,11,"2015,2016,2017,2018,2019,2020,2021,2022,2023,2024,2025",False,v10,04fdc65,2026-08-05T00:54:23+00:00
16,129,8,"2018,2019,2020,2021,2022,2023,2024,2025",False,v10,04fdc65,2026-08-05T00:54:23+00:00
30,151,11,"2015,2016,2017,2018,2019,2020,2021,2022,2023,2024,2025",False,v10,04fdc65,2026-08-05T00:54:23+00:00
37,190,11,"2015,2016,2017,2018,2019,2020,2021,2022,2023,2024,2025",False,v10,04fdc65,2026-08-05T00:54:23+00:00
11,48,11,"2015,2016,2017,2018,2019,2020,2021,2022,2023,2024,2025",False,v10,04fdc65,2026-08-05T00:54:23+00:00
27,62,11,"2015,2016,2017,2018,2019,2020,2021,2022,2023,2024,2025",False,v10,04fdc65,2026-08-05T00:54:23+00:00
9,43,11,"2015,2016,2017,2018,2019,2020,2021,2022,2023,2024,2025",False,v10,04fdc65,2026-08-05T00:54:23+00:00
14,233,11,"2015,2016,2017,2018,2019,2020,2021,2022,2023,2024,2025",False,v10,04fdc65,2026-08-05T00:54:23+00:00
91,72,11,"2015,2016,2017,2018,2019,2020,2021,2022,2023,2024,2025",False,v10,04fdc65,2026-08-05T00:54:23+00:00
32,177,11,"2015,2016,2017,2018,2019,2020,2021,2022,2023,2024,2025",False,v10,04fdc65,2026-08-05T00:54:23+00:00
28,177,11,"2015,2016,2017,2018,2019,2020,2021,2022,2023,2024,2025",False,v10,04fdc65,2026-08-05T00:54:23+00:00
10,43,11,"2015,2016,2017,2018,2019,2020,2021,2022,2023,2024,2025",False,v10,04fdc65,2026-08-05T00:54:23+00:00
10,10,11,"2015,2016,2017,2018,2019,2020,2021,2022,2023,2024,2025",False,v10,04fdc65,2026-08-05T00:54:23+00:00
14,127,11,"2015,2016,2017,2018,2019,2020,2021,2022,2023,2024,2025",False,v10,04fdc65,2026-08-05T00:54:23+00:00
16,220,11,"2015,2016,2017,2018,2019,2020,2021,2022,2023,2024,2025",False,v10,04fdc65,2026-08-05T00:54:23+00:00
15,69,11,"2015,2016,2017,2018,2019,2020,2021,2022,2023,2024,2025",False,v10,04fdc65,2026-08-05T00:54:23+00:00
20,216,11,"2015,2016,2017,2018,2019,2020,2021,2022,2023,2024,2025",False,v10,04fdc65,2026-08-05T00:54:23+00:00
25,129,11,"2015,2016,2017,2018,2019,2020,2021,2022,2023,2024,2025",False,v10,04fdc65,2026-08-05T00:54:23+00:00
14,10,11,"2015,2016,2017,2018,2019,2020,2021,2022,2023,2024,2025",False,v10,04fdc65,2026-08-05T00:54:23+00:00
15,22,2,"2024,2025",False,v10,04fdc65,2026-08-05T00:54:23+00:00
3,130,11,"2015,2016,2017,2018,2019,2020,2021,2022,2023,2024,2025",False,v10,04fdc65,2026-08-05T00:54:23+00:00
11,170,11,"2015,2016,2017,2018,2019,2020,2021,2022,2023,2024,2025",False,v10,04fdc65,2026-08-05T00:54:23+00:00
33,172,11,"2015,2016,2017,2018,2019,2020,2021,2022,2023,2024,2025",False,v10,04fdc65,2026-08-05T00:54:23+00:00
24,83,11,"2015,2016,2017,2018,2019,2020,2021,2022,2023,2024,2025",False,v10,04fdc65,2026-08-05T00:54:23+00:00
7,195,11,"2015,2016,2017,2018,2019,2020,2021,2022,2023,2024,2025",False,v10,04fdc65,2026-08-05T00:54:23+00:00
30,191,11,"2015,2016,2017,2018,2019,2020,2021,2022,2023,2024,2025",False,v10,04fdc65,2026-08-05T00:54:23+00:00
27,182,11,"2015,2016,2017,2018,2019,2020,2021,2022,2023,2024,2025",False,v10,04fdc65,2026-08-05T00:54:23+00:00
27,66,11,"2015,2016,2017,2018,2019,2020,2021,2022,2023,2024,2025",False,v10,04fdc65,2026-08-05T00:54:23+00:00
14,75,11,"2015,2016,2017,2018,2019,2020,2021,2022,2023,2024,2025",False,v10,04fdc65,2026-08-05T00:54:23+00:00
88,72,11,"2015,2016,2017,2018,2019,2020,2021,2022,2023,2024,2025",False,v10,04fdc65,2026-08-05T00:54:23+00:00
26,161,11,"2015,2016,2017,2018,2019,2020,2021,2022,2023,2024,2025",False,v10,04fdc65,2026-08-05T00:54:23+00:00
24,138,11,"2015,2016,2017,2018,2019,2020,2021,2022,2023,2024,2025",False,v10,04fdc65,2026-08-05T00:54:23+00:00
9,21,5,"2021,2022,2023,2024,2025",False,v10,04fdc65,2026-08-05T00:54:23+00:00
8,61,11,"2015,2016,2017,2018,2019,2020,2021,2022,2023,2024,2025",False,v10,04fdc65,2026-08-05T00:54:23+00:00
27,183,11,"2015,2016,2017,2018,2019,2020,2021,2022,2023,2024,2025",False,v10,04fdc65,2026-08-05T00:54:23+00:00
9,142,11,"2015,2016,2017,2018,2019,2020,2021,2022,2023,2024,2025",False,v10,04fdc65,2026-08-05T00:54:23+00:00
30,168,11,"2015,2016,2017,2018,2019,2020,2021,2022,2023,2024,2025",False,v10,04fdc65,2026-08-05T00:54:23+00:00
24,85,11,"2015,2016,2017,2018,2019,2020,2021,2022,2023,2024,2025",False,v10,04fdc65,2026-08-05T00:54:23+00:00
77,74,11,"2015,2016,2017,2018,2019,2020,2021,2022,2023,2024,2025",False,v10,04fdc65,2026-08-05T00:54:23+00:00
29,190,11,"2015,2016,2017,2018,2019,2020,2021,2022,2023,2024,2025",False,v10,04fdc65,2026-08-05T00:54:23+00:00
23,39,11,"2015,2016,2017,2018,2019,2020,2021,2022,2023,2024,2025",False,v10,04fdc65,2026-08-05T00:54:23+00:00
27,184,11,"2015,2016,2017,2018,2019,2020,2021,2022,2023,2024,2025",False,v10,04fdc65,2026-08-05T00:54:23+00:00
10,237,11,"2015,2016,2017,2018,2019,2020,2021,2022,2023,2024,2025",False,v10,04fdc65,2026-08-05T00:54:23+00:00
25,128,11,"2015,2016,2017,2018,2019,2020,2021,2022,2023,2024,2025",False,v10,04fdc65,2026-08-05T00:54:23+00:00
20,34,11,"2015,2016,2017,2018,2019,2020,2021,2022,2023,2024,2025",False,v10,04fdc65,2026-08-05T00:54:23+00:00
5,186,11,"2015,2016,2017,2018,2019,2020,2021,2022,2023,2024,2025",False,v10,04fdc65,2026-08-05T00:54:23+00:00
13,129,11,"2015,2016,2017,2018,2019,2020,2021,2022,2023,2024,2025",False,v10,04fdc65,2026-08-05T00:54:23+00:00
91,73,11,"2015,2016,2017,2018,2019,2020,2021,2022,2023,2024,2025",False,v10,04fdc65,2026-08-05T00:54:23+00:00
9,35,11,"2015,2016,2017,2018,2019,2020,2021,2022,2023,2024,2025",False,v10,04fdc65,2026-08-05T00:54:23+00:00
16,224,11,"2015,2016,2017,2018,2019,2020,2021,2022,2023,2024,2025",False,v10,04fdc65,2026-08-05T00:54:23+00:00
13,147,11,"2015,2016,2017,2018,2019,2020,2021,2022,2023,2024,2025",False,v10,04fdc65,2026-08-05T00:54:23+00:00
26,214,11,"2015,2016,2017,2018,2019,2020,2021,2022,2023,2024,2025",False,v10,04fdc65,2026-08-05T00:54:23+00:00
8,38,11,"2015,2016,2017,2018,2019,2020,2021,2022,2023,2024,2025",False,v10,04fdc65,2026-08-05T00:54:23+00:00
28,174,11,"2015,2016,2017,2018,2019,2020,2021,2022,2023,2024,2025",False,v10,04fdc65,2026-08-05T00:54:23+00:00
26,171,11,"2015,2016,2017,2018,2019,2020,2021,2022,2023,2024,2025",False,v10,04fdc65,2026-08-05T00:54:23+00:00
8,174,11,"2015,2016,2017,2018,2019,2020,2021,2022,2023,2024,2025",False,v10,04fdc65,2026-08-05T00:54:23+00:00
24,40,11,"2015,2016,2017,2018,2019,2020,2021,2022,2023,2024,2025",False,v10,04fdc65,2026-08-05T00:54:23+00:00
10,161,11,"2015,2016,2017,2018,2019,2020,2021,2022,2023,2024,2025",False,v10,04fdc65,2026-08-05T00:54:23+00:00
34,167,11,"2015,2016,2017,2018,2019,2020,2021,2022,2023,2024,2025",False,v10,04fdc65,2026-08-05T00:54:23+00:00
9,66,11,"2015,2016,2017,2018,2019,2020,2021,2022,2023,2024,2025",False,v10,04fdc65,2026-08-05T00:54:23+00:00
8,178,11,"2015,2016,2017,2018,2019,2020,2021,2022,2023,2024,2025",False,v10,04fdc65,2026-08-05T00:54:23+00:00
10,0,11,"2015,2016,2017,2018,2019,2020,2021,2022,2023,2024,2025",False,v10,04fdc65,2026-08-05T00:54:23+00:00
37,187,11,"2015,2016,2017,2018,2019,2020,2021,2022,2023,2024,2025",False,v10,04fdc65,2026-08-05T00:54:23+00:00
19,33,11,"2015,2016,2017,2018,2019,2020,2021,2022,2023,2024,2025",False,v10,04fdc65,2026-08-05T00:54:23+00:00
30,183,11,"2015,2016,2017,2018,2019,2020,2021,2022,2023,2024,2025",False,v10,04fdc65,2026-08-05T00:54:23+00:00
15,73,11,"2015,2016,2017,2018,2019,2020,2021,2022,2023,2024,2025",False,v10,04fdc65,2026-08-05T00:54:23+00:00
12,108,11,"2015,2016,2017,2018,2019,2020,2021,2022,2023,2024,2025",False,v10,04fdc65,2026-08-05T00:54:23+00:00
10,50,11,"2015,2016,2017,2018,2019,2020,2021,2022,2023,2024,2025",False,v10,04fdc65,2026-08-05T00:54:23+00:00
80,74,11,"2015,2016,2017,2018,2019,2020,2021,2022,2023,2024,2025",False,v10,04fdc65,2026-08-05T00:54:23+00:00
4,132,11,"2015,2016,2017,2018,2019,2020,2021,2022,2023,2024,2025",False,v10,04fdc65,2026-08-05T00:54:23+00:00
32,192,11,"2015,2016,2017,2018,2019,2020,2021,2022,2023,2024,2025",False,v10,04fdc65,2026-08-05T00:54:23+00:00
10,55,11,"2015,2016,2017,2018,2019,2020,2021,2022,2023,2024,2025",False,v10,04fdc65,2026-08-05T00:54:23+00:00
4,192,11,"2015,2016,2017,2018,2019,2020,2021,2022,2023,2024,2025",False,v10,04fdc65,2026-08-05T00:54:23+00:00
26,42,11,"2015,2016,2017,2018,2019,2020,2021,2022,2023,2024,2025",False,v10,04fdc65,2026-08-05T00:54:23+00:00
26,78,11,"2015,2016,2017,2018,2019,2020,2021,2022,2023,2024,2025",False,v10,04fdc65,2026-08-05T00:54:23+00:00
29,149,11,"2015,2016,2017,2018,2019,2020,2021,2022,2023,2024,2025",False,v10,04fdc65,2026-08-05T00:54:23+00:00
31,180,11,"2015,2016,2017,2018,2019,2020,2021,2022,2023,2024,2025",False,v10,04fdc65,2026-08-05T00:54:23+00:00
10,167,11,"2015,2016,2017,2018,2019,2020,2021,2022,2023,2024,2025",False,v10,04fdc65,2026-08-05T00:54:23+00:00
24,216,11,"2015,2016,2017,2018,2019,2020,2021,2022,2023,2024,2025",False,v10,04fdc65,2026-08-05T00:54:23+00:00
27,186,11,"2015,2016,2017,2018,2019,2020,2021,2022,2023,2024,2025",False,v10,04fdc65,2026-08-05T00:54:23+00:00
16,231,11,"2015,2016,2017,2018,2019,2020,2021,2022,2023,2024,2025",False,v10,04fdc65,2026-08-05T00:54:23+00:00
12,5,11,"2015,2016,2017,2018,2019,2020,2021,2022,2023,2024,2025",False,v10,04fdc65,2026-08-05T00:54:23+00:00
30,147,11,"2015,2016,2017,2018,2019,2020,2021,2022,2023,2024,2025",False,v10,04fdc65,2026-08-05T00:54:23+00:00
10,133,11,"2015,2016,2017,2018,2019,2020,2021,2022,2023,2024,2025",False,v10,04fdc65,2026-08-05T00:54:23+00:00
3,132,11,"2015,2016,2017,2018,2019,2020,2021,2022,2023,2024,2025",False,v10,04fdc65,2026-08-05T00:54:23+00:00
13,65,11,"2015,2016,2017,2018,2019,2020,2021,2022,2023,2024,2025",False,v10,04fdc65,2026-08-05T00:54:23+00:00
9,12,11,"2015,2016,2017,2018,2019,2020,2021,2022,2023,2024,2025",False,v10,04fdc65,2026-08-05T00:54:23+00:00
10,174,11,"2015,2016,2017,2018,2019,2020,2021,2022,2023,2024,2025",False,v10,04fdc65,2026-08-05T00:54:23+00:00
27,64,11,"2015,2016,2017,2018,2019,2020,2021,2022,2023,2024,2025",False,v10,04fdc65,2026-08-05T00:54:23+00:00
30,150,11,"2015,2016,2017,2018,2019,2020,2021,2022,2023,2024,2025",False,v10,04fdc65,2026-08-05T00:54:23+00:00
16,69,11,"2015,2016,2017,2018,2019,2020,2021,2022,2023,2024,2025",False,v10,04fdc65,2026-08-05T00:54:23+00:00
67,73,11,"2015,2016,2017,2018,2019,2020,2021,2022,2023,2024,2025",False,v10,04fdc65,2026-08-05T00:54:23+00:00
25,127,11,"2015,2016,2017,2018,2019,2020,2021,2022,2023,2024,2025",False,v10,04fdc65,2026-08-05T00:54:23+00:00
12,2,11,"2015,2016,2017,2018,2019,2020,2021,2022,2023,2024,2025",False,v10,04fdc65,2026-08-05T00:54:23+00:00
28,151,11,"2015,2016,2017,2018,2019,2020,2021,2022,2023,2024,2025",False,v10,04fdc65,2026-08-05T00:54:23+00:00
7,218,11,"2015,2016,2017,2018,2019,2020,2021,2022,2023,2024,2025",False,v10,04fdc65,2026-08-05T00:54:23+00:00
9,59,11,"2015,2016,2017,2018,2019,2020,2021,2022,2023,2024,2025",False,v10,04fdc65,2026-08-05T00:54:23+00:00
16,141,11,"2015,2016,2017,2018,2019,2020,2021,2022,2023,2024,2025",False,v10,04fdc65,2026-08-05T00:54:23+00:00
79,74,11,"2015,2016,2017,2018,2019,2020,2021,2022,2023,2024,2025",False,v10,04fdc65,2026-08-05T00:54:23+00:00
13,107,11,"2015,2016,2017,2018,2019,2020,2021,2022,2023,2024,2025",False,v10,04fdc65,2026-08-05T00:54:23+00:00
29,152,11,"2015,2016,2017,2018,2019,2020,2021,2022,2023,2024,2025",False,v10,04fdc65,2026-08-05T00:54:23+00:00
8,177,11,"2015,2016,2017,2018,2019,2020,2021,2022,2023,2024,2025",False,v10,04fdc65,2026-08-05T00:54:23+00:00
8,58,11,"2015,2016,2017,2018,2019,2020,2021,2022,2023,2024,2025",False,v10,04fdc65,2026-08-05T00:54:23+00:00
16,78,11,"2015,2016,2017,2018,2019,2020,2021,2022,2023,2024,2025",False,v10,04fdc65,2026-08-05T00:54:23+00:00
11,154,11,"2015,2016,2017,2018,2019,2020,2021,2022,2023,2024,2025",False,v10,04fdc65,2026-08-05T00:54:23+00:00
9,52,11,"2015,2016,2017,2018,2019,2020,2021,2022,2023,2024,2025",False,v10,04fdc65,2026-08-05T00:54:23+00:00
8,216,11,"2015,2016,2017,2018,2019,2020,2021,2022,2023,2024,2025",False,v10,04fdc65,2026-08-05T00:54:23+00:00
33,165,11,"2015,2016,2017,2018,2019,2020,2021,2022,2023,2024,2025",False,v10,04fdc65,2026-08-05T00:54:23+00:00
5,187,11,"2015,2016,2017,2018,2019,2020,2021,2022,2023,2024,2025",False,v10,04fdc65,2026-08-05T00:54:23+00:00
87,73,11,"2015,2016,2017,2018,2019,2020,2021,2022,2023,2024,2025",False,v10,04fdc65,2026-08-05T00:54:23+00:00
28,69,11,"2015,2016,2017,2018,2019,2020,2021,2022,2023,2024,2025",False,v10,04fdc65,2026-08-05T00:54:23+00:00
19,69,11,"2015,2016,2017,2018,2019,2020,2021,2022,2023,2024,2025",False,v10,04fdc65,2026-08-05T00:54:23+00:00
17,138,11,"2015,2016,2017,2018,2019,2020,2021,2022,2023,2024,2025",False,v10,04fdc65,2026-08-05T00:54:23+00:00
16,27,11,"2015,2016,2017,2018,2019,2020,2021,2022,2023,2024,2025",False,v10,04fdc65,2026-08-05T00:54:23+00:00
17,76,11,"2015,2016,2017,2018,2019,2020,2021,2022,2023,2024,2025",False,v10,04fdc65,2026-08-05T00:54:23+00:00
78,74,11,"2015,2016,2017,2018,2019,2020,2021,2022,2023,2024,2025",False,v10,04fdc65,2026-08-05T00:54:23+00:00
25,139,11,"2015,2016,2017,2018,2019,2020,2021,2022,2023,2024,2025",False,v10,04fdc65,2026-08-05T00:54:23+00:00
28,181,11,"2015,2016,2017,2018,2019,2020,2021,2022,2023,2024,2025",False,v10,04fdc65,2026-08-05T00:54:23+00:00
12,107,11,"2015,2016,2017,2018,2019,2020,2021,2022,2023,2024,2025",False,v10,04fdc65,2026-08-05T00:54:23+00:00
28,44,11,"2015,2016,2017,2018,2019,2020,2021,2022,2023,2024,2025",False,v10,04fdc65,2026-08-05T00:54:23+00:00
17,79,11,"2015,2016,2017,2018,2019,2020,2021,2022,2023,2024,2025",False,v10,04fdc65,2026-08-05T00:54:23+00:00
9,67,11,"2015,2016,2017,2018,2019,2020,2021,2022,2023,2024,2025",False,v10,04fdc65,2026-08-05T00:54:23+00:00
9,230,11,"2015,2016,2017,2018,2019,2020,2021,2022,2023,2024,2025",False,v10,04fdc65,2026-08-05T00:54:23+00:00
31,195,11,"2015,2016,2017,2018,2019,2020,2021,2022,2023,2024,2025",False,v10,04fdc65,2026-08-05T00:54:23+00:00
27,70,11,"2015,2016,2017,2018,2019,2020,2021,2022,2023,2024,2025",False,v10,04fdc65,2026-08-05T00:54:23+00:00
30,149,11,"2015,2016,2017,2018,2019,2020,2021,2022,2023,2024,2025",False,v10,04fdc65,2026-08-05T00:54:23+00:00
22,83,11,"2015,2016,2017,2018,2019,2020,2021,2022,2023,2024,2025",False,v10,04fdc65,2026-08-05T00:54:23+00:00
20,68,11,"2015,2016,2017,2018,2019,2020,2021,2022,2023,2024,2025",False,v10,04fdc65,2026-08-05T00:54:23+00:00
26,41,11,"2015,2016,2017,2018,2019,2020,2021,2022,2023,2024,2025",False,v10,04fdc65,2026-08-05T00:54:23+00:00
26,76,11,"2015,2016,2017,2018,2019,2020,2021,2022,2023,2024,2025",False,v10,04fdc65,2026-08-05T00:54:23+00:00
36,176,11,"2015,2016,2017,2018,2019,2020,2021,2022,2023,2024,2025",False,v10,04fdc65,2026-08-05T00:54:23+00:00
31,41,11,"2015,2016,2017,2018,2019,2020,2021,2022,2023,2024,2025",False,v10,04fdc65,2026-08-05T00:54:23+00:00
23,84,11,"2015,2016,2017,2018,2019,2020,2021,2022,2023,2024,2025",False,v10,04fdc65,2026-08-05T00:54:23+00:00
10,147,11,"2015,2016,2017,2018,2019,2020,2021,2022,2023,2024,2025",False,v10,04fdc65,2026-08-05T00:54:23+00:00
24,82,11,"2015,2016,2017,2018,2019,2020,2021,2022,2023,2024,2025",False,v10,04fdc65,2026-08-05T00:54:23+00:00
8,39,11,"2015,2016,2017,2018,2019,2020,2021,2022,2023,2024,2025",False,v10,04fdc65,2026-08-05T00:54:23+00:00
5,188,11,"2015,2016,2017,2018,2019,2020,2021,2022,2023,2024,2025",False,v10,04fdc65,2026-08-05T00:54:23+00:00
27,65,11,"2015,2016,2017,2018,2019,2020,2021,2022,2023,2024,2025",False,v10,04fdc65,2026-08-05T00:54:23+00:00
26,170,11,"2015,2016,2017,2018,2019,2020,2021,2022,2023,2024,2025",False,v10,04fdc65,2026-08-05T00:54:23+00:00
23,147,11,"2015,2016,2017,2018,2019,2020,2021,2022,2023,2024,2025",False,v10,04fdc65,2026-08-05T00:54:23+00:00
30,199,11,"2015,2016,2017,2018,2019,2020,2021,2022,2023,2024,2025",False,v10,04fdc65,2026-08-05T00:54:23+00:00
81,74,11,"2015,2016,2017,2018,2019,2020,2021,2022,2023,2024,2025",False,v10,04fdc65,2026-08-05T00:54:23+00:00
27,175,11,"2015,2016,2017,2018,2019,2020,2021,2022,2023,2024,2025",False,v10,04fdc65,2026-08-05T00:54:23+00:00
36,191,11,"2015,2016,2017,2018,2019,2020,2021,2022,2023,2024,2025",False,v10,04fdc65,2026-08-05T00:54:23+00:00
5,216,11,"2015,2016,2017,2018,2019,2020,2021,2022,2023,2024,2025",False,v10,04fdc65,2026-08-05T00:54:23+00:00
10,66,11,"2015,2016,2017,2018,2019,2020,2021,2022,2023,2024,2025",False,v10,04fdc65,2026-08-05T00:54:23+00:00
31,48,4,"2022,2023,2024,2025",False,v10,04fdc65,2026-08-05T00:54:23+00:00
9,22,11,"2015,2016,2017,2018,2019,2020,2021,2022,2023,2024,2025",False,v10,04fdc65,2026-08-05T00:54:23+00:00
28,178,11,"2015,2016,2017,2018,2019,2020,2021,2022,2023,2024,2025",False,v10,04fdc65,2026-08-05T00:54:23+00:00
13,61,11,"2015,2016,2017,2018,2019,2020,2021,2022,2023,2024,2025",False,v10,04fdc65,2026-08-05T00:54:23+00:00
26,163,11,"2015,2016,2017,2018,2019,2020,2021,2022,2023,2024,2025",False,v10,04fdc65,2026-08-05T00:54:23+00:00
31,151,11,"2015,2016,2017,2018,2019,2020,2021,2022,2023,2024,2025",False,v10,04fdc65,2026-08-05T00:54:23+00:00
18,61,11,"2015,2016,2017,2018,2019,2020,2021,2022,2023,2024,2025",False,v10,04fdc65,2026-08-05T00:54:23+00:00
7,205,11,"2015,2016,2017,2018,2019,2020,2021,2022,2023,2024,2025",False,v10,04fdc65,2026-08-05T00:54:23+00:00
14,242,11,"2015,2016,2017,2018,2019,2020,2021,2022,2023,2024,2025",False,v10,04fdc65,2026-08-05T00:54:23+00:00
88,73,11,"2015,2016,2017,2018,2019,2020,2021,2022,2023,2024,2025",False,v10,04fdc65,2026-08-05T00:54:23+00:00
16,19,3,"2023,2024,2025",False,v10,04fdc65,2026-08-05T00:54:23+00:00
10,168,11,"2015,2016,2017,2018,2019,2020,2021,2022,2023,2024,2025",False,v10,04fdc65,2026-08-05T00:54:23+00:00
26,79,11,"2015,2016,2017,2018,2019,2020,2021,2022,2023,2024,2025",False,v10,04fdc65,2026-08-05T00:54:23+00:00
25,130,11,"2015,2016,2017,2018,2019,2020,2021,2022,2023,2024,2025",False,v10,04fdc65,2026-08-05T00:54:23+00:00
12,64,11,"2015,2016,2017,2018,2019,2020,2021,2022,2023,2024,2025",False,v10,04fdc65,2026-08-05T00:54:23+00:00
22,36,11,"2015,2016,2017,2018,2019,2020,2021,2022,2023,2024,2025",False,v10,04fdc65,2026-08-05T00:54:23+00:00
29,148,11,"2015,2016,2017,2018,2019,2020,2021,2022,2023,2024,2025",False,v10,04fdc65,2026-08-05T00:54:23+00:00
12,149,11,"2015,2016,2017,2018,2019,2020,2021,2022,2023,2024,2025",False,v10,04fdc65,2026-08-05T00:54:23+00:00
18,232,11,"2015,2016,2017,2018,2019,2020,2021,2022,2023,2024,2025",False,v10,04fdc65,2026-08-05T00:54:23+00:00
28,40,10,"2016,2017,2018,2019,2020,2021,2022,2023,2024,2025",False,v10,04fdc65,2026-08-05T00:54:23+00:00
10,49,11,"2015,2016,2017,2018,2019,2020,2021,2022,2023,2024,2025",False,v10,04fdc65,2026-08-05T00:54:23+00:00
17,69,11,"2015,2016,2017,2018,2019,2020,2021,2022,2023,2024,2025",False,v10,04fdc65,2026-08-05T00:54:23+00:00
12,1,11,"2015,2016,2017,2018,2019,2020,2021,2022,2023,2024,2025",False,v10,04fdc65,2026-08-05T00:54:23+00:00
11,66,11,"2015,2016,2017,2018,2019,2020,2021,2022,2023,2024,2025",False,v10,04fdc65,2026-08-05T00:54:23+00:00
23,218,11,"2015,2016,2017,2018,2019,2020,2021,2022,2023,2024,2025",False,v10,04fdc65,2026-08-05T00:54:23+00:00
10,171,11,"2015,2016,2017,2018,2019,2020,2021,2022,2023,2024,2025",False,v10,04fdc65,2026-08-05T00:54:23+00:00
37,178,11,"2015,2016,2017,2018,2019,2020,2021,2022,2023,2024,2025",False,v10,04fdc65,2026-08-05T00:54:23+00:00
28,153,11,"2015,2016,2017,2018,2019,2020,2021,2022,2023,2024,2025",False,v10,04fdc65,2026-08-05T00:54:23+00:00
14,59,11,"2015,2016,2017,2018,2019,2020,2021,2022,2023,2024,2025",False,v10,04fdc65,2026-08-05T00:54:23+00:00
29,202,11,"2015,2016,2017,2018,2019,2020,2021,2022,2023,2024,2025",False,v10,04fdc65,2026-08-05T00:54:23+00:00
3,192,11,"2015,2016,2017,2018,2019,2020,2021,2022,2023,2024,2025",False,v10,04fdc65,2026-08-05T00:54:23+00:00
27,213,11,"2015,2016,2017,2018,2019,2020,2021,2022,2023,2024,2025",False,v10,04fdc65,2026-08-05T00:54:23+00:00
34,173,11,"2015,2016,2017,2018,2019,2020,2021,2022,2023,2024,2025",False,v10,04fdc65,2026-08-05T00:54:23+00:00
15,231,11,"2015,2016,2017,2018,2019,2020,2021,2022,2023,2024,2025",False,v10,04fdc65,2026-08-05T00:54:23+00:00
23,135,11,"2015,2016,2017,2018,2019,2020,2021,2022,2023,2024,2025",False,v10,04fdc65,2026-08-05T00:54:23+00:00
17,217,11,"2015,2016,2017,2018,2019,2020,2021,2022,2023,2024,2025",False,v10,04fdc65,2026-08-05T00:54:23+00:00
18,14,11,"2015,2016,2017,2018,2019,2020,2021,2022,2023,2024,2025",False,v10,04fdc65,2026-08-05T00:54:23+00:00
24,154,11,"2015,2016,2017,2018,2019,2020,2021,2022,2023,2024,2025",False,v10,04fdc65,2026-08-05T00:54:23+00:00
20,230,11,"2015,2016,2017,2018,2019,2020,2021,2022,2023,2024,2025",False,v10,04fdc65,2026-08-05T00:54:23+00:00
12,130,11,"2015,2016,2017,2018,2019,2020,2021,2022,2023,2024,2025",False,v10,04fdc65,2026-08-05T00:54:23+00:00
74,76,11,"2015,2016,2017,2018,2019,2020,2021,2022,2023,2024,2025",False,v10,04fdc65,2026-08-05T00:54:23+00:00
16,138,11,"2015,2016,2017,2018,2019,2020,2021,2022,2023,2024,2025",False,v10,04fdc65,2026-08-05T00:54:23+00:00
93,75,11,"2015,2016,2017,2018,2019,2020,2021,2022,2023,2024,2025",False,v10,04fdc65,2026-08-05T00:54:23+00:00
90,73,11,"2015,2016,2017,2018,2019,2020,2021,2022,2023,2024,2025",False,v10,04fdc65,2026-08-05T00:54:23+00:00
11,11,11,"2015,2016,2017,2018,2019,2020,2021,2022,2023,2024,2025",False,v10,04fdc65,2026-08-05T00:54:23+00:00
29,175,11,"2015,2016,2017,2018,2019,2020,2021,2022,2023,2024,2025",False,v10,04fdc65,2026-08-05T00:54:23+00:00
21,35,11,"2015,2016,2017,2018,2019,2020,2021,2022,2023,2024,2025",False,v10,04fdc65,2026-08-05T00:54:23+00:00
28,42,11,"2015,2016,2017,2018,2019,2020,2021,2022,2023,2024,2025",False,v10,04fdc65,2026-08-05T00:54:23+00:00
8,214,11,"2015,2016,2017,2018,2019,2020,2021,2022,2023,2024,2025",False,v10,04fdc65,2026-08-05T00:54:23+00:00
3,188,11,"2015,2016,2017,2018,2019,2020,2021,2022,2023,2024,2025",False,v10,04fdc65,2026-08-05T00:54:23+00:00
8,212,11,"2015,2016,2017,2018,2019,2020,2021,2022,2023,2024,2025",False,v10,04fdc65,2026-08-05T00:54:23+00:00
7,169,11,"2015,2016,2017,2018,2019,2020,2021,2022,2023,2024,2025",False,v10,04fdc65,2026-08-05T00:54:23+00:00
27,54,11,"2015,2016,2017,2018,2019,2020,2021,2022,2023,2024,2025",False,v10,04fdc65,2026-08-05T00:54:23+00:00
7,203,11,"2015,2016,2017,2018,2019,2020,2021,2022,2023,2024,2025",False,v10,04fdc65,2026-08-05T00:54:23+00:00
22,218,11,"2015,2016,2017,2018,2019,2020,2021,2022,2023,2024,2025",False,v10,04fdc65,2026-08-05T00:54:23+00:00
16,223,11,"2015,2016,2017,2018,2019,2020,2021,2022,2023,2024,2025",False,v10,04fdc65,2026-08-05T00:54:23+00:00
26,164,11,"2015,2016,2017,2018,2019,2020,2021,2022,2023,2024,2025",False,v10,04fdc65,2026-08-05T00:54:23+00:00
92,73,11,"2015,2016,2017,2018,2019,2020,2021,2022,2023,2024,2025",False,v10,04fdc65,2026-08-05T00:54:23+00:00
28,152,11,"2015,2016,2017,2018,2019,2020,2021,2022,2023,2024,2025",False,v10,04fdc65,2026-08-05T00:54:23+00:00
17,17,11,"2015,2016,2017,2018,2019,2020,2021,2022,2023,2024,2025",False,v10,04fdc65,2026-08-05T00:54:23+00:00
27,176,11,"2015,2016,2017,2018,2019,2020,2021,2022,2023,2024,2025",False,v10,04fdc65,2026-08-05T00:54:23+00:00
13,146,11,"2015,2016,2017,2018,2019,2020,2021,2022,2023,2024,2025",False,v10,04fdc65,2026-08-05T00:54:23+00:00
5,185,11,"2015,2016,2017,2018,2019,2020,2021,2022,2023,2024,2025",False,v10,04fdc65,2026-08-05T00:54:23+00:00
26,165,11,"2015,2016,2017,2018,2019,2020,2021,2022,2023,2024,2025",False,v10,04fdc65,2026-08-05T00:54:23+00:00
7,170,11,"2015,2016,2017,2018,2019,2020,2021,2022,2023,2024,2025",False,v10,04fdc65,2026-08-05T00:54:23+00:00
10,46,11,"2015,2016,2017,2018,2019,2020,2021,2022,2023,2024,2025",False,v10,04fdc65,2026-08-05T00:54:23+00:00
29,209,11,"2015,2016,2017,2018,2019,2020,2021,2022,2023,2024,2025",False,v10,04fdc65,2026-08-05T00:54:23+00:00
26,169,11,"2015,2016,2017,2018,2019,2020,2021,2022,2023,2024,2025",False,v10,04fdc65,2026-08-05T00:54:23+00:00
30,194,11,"2015,2016,2017,2018,2019,2020,2021,2022,2023,2024,2025",False,v10,04fdc65,2026-08-05T00:54:23+00:00
29,201,11,"2015,2016,2017,2018,2019,2020,2021,2022,2023,2024,2025",False,v10,04fdc65,2026-08-05T00:54:23+00:00
6,197,11,"2015,2016,2017,2018,2019,2020,2021,2022,2023,2024,2025",False,v10,04fdc65,2026-08-05T00:54:23+00:00
93,73,11,"2015,2016,2017,2018,2019,2020,2021,2022,2023,2024,2025",False,v10,04fdc65,2026-08-05T00:54:23+00:00
13,66,11,"2015,2016,2017,2018,2019,2020,2021,2022,2023,2024,2025",False,v10,04fdc65,2026-08-05T00:54:23+00:00
10,162,11,"2015,2016,2017,2018,2019,2020,2021,2022,2023,2024,2025",False,v10,04fdc65,2026-08-05T00:54:23+00:00
12,145,11,"2015,2016,2017,2018,2019,2020,2021,2022,2023,2024,2025",False,v10,04fdc65,2026-08-05T00:54:23+00:00
12,106,11,"2015,2016,2017,2018,2019,2020,2021,2022,2023,2024,2025",False,v10,04fdc65,2026-08-05T00:54:23+00:00
9,136,11,"2015,2016,2017,2018,2019,2020,2021,2022,2023,2024,2025",False,v10,04fdc65,2026-08-05T00:54:23+00:00
10,47,11,"2015,2016,2017,2018,2019,2020,2021,2022,2023,2024,2025",False,v10,04fdc65,2026-08-05T00:54:23+00:00
8,173,11,"2015,2016,2017,2018,2019,2020,2021,2022,2023,2024,2025",False,v10,04fdc65,2026-08-05T00:54:23+00:00
26,218,11,"2015,2016,2017,2018,2019,2020,2021,2022,2023,2024,2025",False,v10,04fdc65,2026-08-05T00:54:23+00:00
9,24,11,"2015,2016,2017,2018,2019,2020,2021,2022,2023,2024,2025",False,v10,04fdc65,2026-08-05T00:54:23+00:00
13,63,11,"2015,2016,2017,2018,2019,2020,2021,2022,2023,2024,2025",False,v10,04fdc65,2026-08-05T00:54:23+00:00
19,64,11,"2015,2016,2017,2018,2019,2020,2021,2022,2023,2024,2025",False,v10,04fdc65,2026-08-05T00:54:23+00:00
68,74,11,"2015,2016,2017,2018,2019,2020,2021,2022,2023,2024,2025",False,v10,04fdc65,2026-08-05T00:54:23+00:00
16,139,11,"2015,2016,2017,2018,2019,2020,2021,2022,2023,2024,2025",False,v10,04fdc65,2026-08-05T00:54:23+00:00
10,158,11,"2015,2016,2017,2018,2019,2020,2021,2022,2023,2024,2025",False,v10,04fdc65,2026-08-05T00:54:23+00:00
10,45,11,"2015,2016,2017,2018,2019,2020,2021,2022,2023,2024,2025",False,v10,04fdc65,2026-08-05T00:54:23+00:00
27,151,11,"2015,2016,2017,2018,2019,2020,2021,2022,2023,2024,2025",False,v10,04fdc65,2026-08-05T00:54:23+00:00
12,63,11,"2015,2016,2017,2018,2019,2020,2021,2022,2023,2024,2025",False,v10,04fdc65,2026-08-05T00:54:23+00:00
86,73,11,"2015,2016,2017,2018,2019,2020,2021,2022,2023,2024,2025",False,v10,04fdc65,2026-08-05T00:54:23+00:00
10,160,11,"2015,2016,2017,2018,2019,2020,2021,2022,2023,2024,2025",False,v10,04fdc65,2026-08-05T00:54:23+00:00
23,76,11,"2015,2016,2017,2018,2019,2020,2021,2022,2023,2024,2025",False,v10,04fdc65,2026-08-05T00:54:23+00:00
30,43,11,"2015,2016,2017,2018,2019,2020,2021,2022,2023,2024,2025",False,v10,04fdc65,2026-08-05T00:54:23+00:00
10,51,11,"2015,2016,2017,2018,2019,2020,2021,2022,2023,2024,2025",False,v10,04fdc65,2026-08-05T00:54:23+00:00
8,55,11,"2015,2016,2017,2018,2019,2020,2021,2022,2023,2024,2025",False,v10,04fdc65,2026-08-05T00:54:23+00:00
29,203,11,"2015,2016,2017,2018,2019,2020,2021,2022,2023,2024,2025",False,v10,04fdc65,2026-08-05T00:54:23+00:00
23,146,11,"2015,2016,2017,2018,2019,2020,2021,2022,2023,2024,2025",False,v10,04fdc65,2026-08-05T00:54:23+00:00
22,143,11,"2015,2016,2017,2018,2019,2020,2021,2022,2023,2024,2025",False,v10,04fdc65,2026-08-05T00:54:23+00:00
3,136,11,"2015,2016,2017,2018,2019,2020,2021,2022,2023,2024,2025",False,v10,04fdc65,2026-08-05T00:54:23+00:00
29,171,11,"2015,2016,2017,2018,2019,2020,2021,2022,2023,2024,2025",False,v10,04fdc65,2026-08-05T00:54:23+00:00
9,23,11,"2015,2016,2017,2018,2019,2020,2021,2022,2023,2024,2025",False,v10,04fdc65,2026-08-05T00:54:23+00:00
28,180,11,"2015,2016,2017,2018,2019,2020,2021,2022,2023,2024,2025",False,v10,04fdc65,2026-08-05T00:54:23+00:00
3,190,11,"2015,2016,2017,2018,2019,2020,2021,2022,2023,2024,2025",False,v10,04fdc65,2026-08-05T00:54:23+00:00
90,71,11,"2015,2016,2017,2018,2019,2020,2021,2022,2023,2024,2025",False,v10,04fdc65,2026-08-05T00:54:23+00:00
30,208,11,"2015,2016,2017,2018,2019,2020,2021,2022,2023,2024,2025",False,v10,04fdc65,2026-08-05T00:54:23+00:00
64,70,11,"2015,2016,2017,2018,2019,2020,2021,2022,2023,2024,2025",False,v10,04fdc65,2026-08-05T00:54:23+00:00
10,48,11,"2015,2016,2017,2018,2019,2020,2021,2022,2023,2024,2025",False,v10,04fdc65,2026-08-05T00:54:23+00:00
20,83,11,"2015,2016,2017,2018,2019,2020,2021,2022,2023,2024,2025",False,v10,04fdc65,2026-08-05T00:54:23+00:00
20,215,11,"2015,2016,2017,2018,2019,2020,2021,2022,2023,2024,2025",False,v10,04fdc65,2026-08-05T00:54:23+00:00
4,193,11,"2015,2016,2017,2018,2019,2020,2021,2022,2023,2024,2025",False,v10,04fdc65,2026-08-05T00:54:23+00:00
21,229,11,"2015,2016,2017,2018,2019,2020,2021,2022,2023,2024,2025",False,v10,04fdc65,2026-08-05T00:54:23+00:00
92,72,11,"2015,2016,2017,2018,2019,2020,2021,2022,2023,2024,2025",False,v10,04fdc65,2026-08-05T00:54:23+00:00
4,191,11,"2015,2016,2017,2018,2019,2020,2021,2022,2023,2024,2025",False,v10,04fdc65,2026-08-05T00:54:23+00:00
23,219,11,"2015,2016,2017,2018,2019,2020,2021,2022,2023,2024,2025",False,v10,04fdc65,2026-08-05T00:54:23+00:00
85,73,11,"2015,2016,2017,2018,2019,2020,2021,2022,2023,2024,2025",False,v10,04fdc65,2026-08-05T00:54:23+00:00
9,238,11,"2015,2016,2017,2018,2019,2020,2021,2022,2023,2024,2025",False,v10,04fdc65,2026-08-05T00:54:23+00:00
25,39,6,"2020,2021,2022,2023,2024,2025",False,v10,04fdc65,2026-08-05T00:54:23+00:00
28,71,11,"2015,2016,2017,2018,2019,2020,2021,2022,2023,2024,2025",False,v10,04fdc65,2026-08-05T00:54:23+00:00
94,75,11,"2015,2016,2017,2018,2019,2020,2021,2022,2023,2024,2025",False,v10,04fdc65,2026-08-05T00:54:23+00:00
28,179,11,"2015,2016,2017,2018,2019,2020,2021,2022,2023,2024,2025",False,v10,04fdc65,2026-08-05T00:54:23+00:00
10,132,11,"2015,2016,2017,2018,2019,2020,2021,2022,2023,2024,2025",False,v10,04fdc65,2026-08-05T00:54:23+00:00
8,215,11,"2015,2016,2017,2018,2019,2020,2021,2022,2023,2024,2025",False,v10,04fdc65,2026-08-05T00:54:23+00:00
14,243,11,"2015,2016,2017,2018,2019,2020,2021,2022,2023,2024,2025",False,v10,04fdc65,2026-08-05T00:54:23+00:00
19,81,11,"2015,2016,2017,2018,2019,2020,2021,2022,2023,2024,2025",False,v10,04fdc65,2026-08-05T00:54:23+00:00
10,157,11,"2015,2016,2017,2018,2019,2020,2021,2022,2023,2024,2025",False,v10,04fdc65,2026-08-05T00:54:23+00:00
16,134,11,"2015,2016,2017,2018,2019,2020,2021,2022,2023,2024,2025",False,v10,04fdc65,2026-08-05T00:54:23+00:00
25,78,11,"2015,2016,2017,2018,2019,2020,2021,2022,2023,2024,2025",False,v10,04fdc65,2026-08-05T00:54:23+00:00
17,29,11,"2015,2016,2017,2018,2019,2020,2021,2022,2023,2024,2025",False,v10,04fdc65,2026-08-05T00:54:23+00:00
30,173,11,"2015,2016,2017,2018,2019,2020,2021,2022,2023,2024,2025",False,v10,04fdc65,2026-08-05T00:54:23+00:00
14,74,11,"2015,2016,2017,2018,2019,2020,2021,2022,2023,2024,2025",False,v10,04fdc65,2026-08-05T00:54:23+00:00
14,136,11,"2015,2016,2017,2018,2019,2020,2021,2022,2023,2024,2025",False,v10,04fdc65,2026-08-05T00:54:23+00:00
7,204,11,"2015,2016,2017,2018,2019,2020,2021,2022,2023,2024,2025",False,v10,04fdc65,2026-08-05T00:54:23+00:00
18,138,11,"2015,2016,2017,2018,2019,2020,2021,2022,2023,2024,2025",False,v10,04fdc65,2026-08-05T00:54:23+00:00
11,3,11,"2015,2016,2017,2018,2019,2020,2021,2022,2023,2024,2025",False,v10,04fdc65,2026-08-05T00:54:23+00:00
10,152,11,"2015,2016,2017,2018,2019,2020,2021,2022,2023,2024,2025",False,v10,04fdc65,2026-08-05T00:54:23+00:00
26,166,11,"2015,2016,2017,2018,2019,2020,2021,2022,2023,2024,2025",False,v10,04fdc65,2026-08-05T00:54:23+00:00
22,219,11,"2015,2016,2017,2018,2019,2020,2021,2022,2023,2024,2025",False,v10,04fdc65,2026-08-05T00:54:23+00:00
7,209,11,"2015,2016,2017,2018,2019,2020,2021,2022,2023,2024,2025",False,v10,04fdc65,2026-08-05T00:54:23+00:00
27,173,11,"2015,2016,2017,2018,2019,2020,2021,2022,2023,2024,2025",False,v10,04fdc65,2026-08-05T00:54:23+00:00
35,192,11,"2015,2016,2017,2018,2019,2020,2021,2022,2023,2024,2025",False,v10,04fdc65,2026-08-05T00:54:23+00:00
8,213,11,"2015,2016,2017,2018,2019,2020,2021,2022,2023,2024,2025",False,v10,04fdc65,2026-08-05T00:54:23+00:00
13,111,11,"2015,2016,2017,2018,2019,2020,2021,2022,2023,2024,2025",False,v10,04fdc65,2026-08-05T00:54:23+00:00
26,77,11,"2015,2016,2017,2018,2019,2020,2021,2022,2023,2024,2025",False,v10,04fdc65,2026-08-05T00:54:23+00:00
19,65,11,"2015,2016,2017,2018,2019,2020,2021,2022,2023,2024,2025",False,v10,04fdc65,2026-08-05T00:54:23+00:00
26,160,11,"2015,2016,2017,2018,2019,2020,2021,2022,2023,2024,2025",False,v10,04fdc65,2026-08-05T00:54:23+00:00
28,45,11,"2015,2016,2017,2018,2019,2020,2021,2022,2023,2024,2025",False,v10,04fdc65,2026-08-05T00:54:23+00:00
76,74,11,"2015,2016,2017,2018,2019,2020,2021,2022,2023,2024,2025",False,v10,04fdc65,2026-08-05T00:54:23+00:00
76,75,11,"2015,2016,2017,2018,2019,2020,2021,2022,2023,2024,2025",False,v10,04fdc65,2026-08-05T00:54:23+00:00
31,197,11,"2015,2016,2017,2018,2019,2020,2021,2022,2023,2024,2025",False,v10,04fdc65,2026-08-05T00:54:23+00:00
27,174,11,"2015,2016,2017,2018,2019,2020,2021,2022,2023,2024,2025",False,v10,04fdc65,2026-08-05T00:54:23+00:00
28,68,11,"2015,2016,2017,2018,2019,2020,2021,2022,2023,2024,2025",False,v10,04fdc65,2026-08-05T00:54:23+00:00
5,215,11,"2015,2016,2017,2018,2019,2020,2021,2022,2023,2024,2025",False,v10,04fdc65,2026-08-05T00:54:23+00:00
26,168,11,"2015,2016,2017,2018,2019,2020,2021,2022,2023,2024,2025",False,v10,04fdc65,2026-08-05T00:54:23+00:00
32,50,11,"2015,2016,2017,2018,2019,2020,2021,2022,2023,2024,2025",False,v10,04fdc65,2026-08-05T00:54:23+00:00
33,193,11,"2015,2016,2017,2018,2019,2020,2021,2022,2023,2024,2025",False,v10,04fdc65,2026-08-05T00:54:23+00:00
3,135,11,"2015,2016,2017,2018,2019,2020,2021,2022,2023,2024,2025",False,v10,04fdc65,2026-08-05T00:54:23+00:00
29,186,11,"2015,2016,2017,2018,2019,2020,2021,2022,2023,2024,2025",False,v10,04fdc65,2026-08-05T00:54:23+00:00
29,44,11,"2015,2016,2017,2018,2019,2020,2021,2022,2023,2024,2025",False,v10,04fdc65,2026-08-05T00:54:23+00:00
31,174,11,"2015,2016,2017,2018,2019,2020,2021,2022,2023,2024,2025",False,v10,04fdc65,2026-08-05T00:54:23+00:00
28,70,11,"2015,2016,2017,2018,2019,2020,2021,2022,2023,2024,2025",False,v10,04fdc65,2026-08-05T00:54:23+00:00
18,15,11,"2015,2016,2017,2018,2019,2020,2021,2022,2023,2024,2025",False,v10,04fdc65,2026-08-05T00:54:23+00:00
32,194,11,"2015,2016,2017,2018,2019,2020,2021,2022,2023,2024,2025",False,v10,04fdc65,2026-08-05T00:54:23+00:00
19,214,11,"2015,2016,2017,2018,2019,2020,2021,2022,2023,2024,2025",False,v10,04fdc65,2026-08-05T00:54:23+00:00
2,138,11,"2015,2016,2017,2018,2019,2020,2021,2022,2023,2024,2025",False,v10,04fdc65,2026-08-05T00:54:23+00:00
14,69,11,"2015,2016,2017,2018,2019,2020,2021,2022,2023,2024,2025",False,v10,04fdc65,2026-08-05T00:54:23+00:00
66,74,11,"2015,2016,2017,2018,2019,2020,2021,2022,2023,2024,2025",False,v10,04fdc65,2026-08-05T00:54:23+00:00
31,192,11,"2015,2016,2017,2018,2019,2020,2021,2022,2023,2024,2025",False,v10,04fdc65,2026-08-05T00:54:23+00:00
27,41,11,"2015,2016,2017,2018,2019,2020,2021,2022,2023,2024,2025",False,v10,04fdc65,2026-08-05T00:54:23+00:00
35,174,11,"2015,2016,2017,2018,2019,2020,2021,2022,2023,2024,2025",False,v10,04fdc65,2026-08-05T00:54:23+00:00
30,42,11,"2015,2016,2017,2018,2019,2020,2021,2022,2023,2024,2025",False,v10,04fdc65,2026-08-05T00:54:23+00:00
11,4,11,"2015,2016,2017,2018,2019,2020,2021,2022,2023,2024,2025",False,v10,04fdc65,2026-08-05T00:54:23+00:00
17,229,11,"2015,2016,2017,2018,2019,2020,2021,2022,2023,2024,2025",False,v10,04fdc65,2026-08-05T00:54:23+00:00
3,187,11,"2015,2016,2017,2018,2019,2020,2021,2022,2023,2024,2025",False,v10,04fdc65,2026-08-05T00:54:23+00:00
2,188,11,"2015,2016,2017,2018,2019,2020,2021,2022,2023,2024,2025",False,v10,04fdc65,2026-08-05T00:54:23+00:00
30,153,11,"2015,2016,2017,2018,2019,2020,2021,2022,2023,2024,2025",False,v10,04fdc65,2026-08-05T00:54:23+00:00
27,63,11,"2015,2016,2017,2018,2019,2020,2021,2022,2023,2024,2025",False,v10,04fdc65,2026-08-05T00:54:23+00:00
25,158,11,"2015,2016,2017,2018,2019,2020,2021,2022,2023,2024,2025",False,v10,04fdc65,2026-08-05T00:54:23+00:00
11,131,11,"2015,2016,2017,2018,2019,2020,2021,2022,2023,2024,2025",False,v10,04fdc65,2026-08-05T00:54:23+00:00
3,189,11,"2015,2016,2017,2018,2019,2020,2021,2022,2023,2024,2025",False,v10,04fdc65,2026-08-05T00:54:23+00:00
27,43,11,"2015,2016,2017,2018,2019,2020,2021,2022,2023,2024,2025",False,v10,04fdc65,2026-08-05T00:54:23+00:00
2,137,11,"2015,2016,2017,2018,2019,2020,2021,2022,2023,2024,2025",False,v10,04fdc65,2026-08-05T00:54:23+00:00
12,112,11,"2015,2016,2017,2018,2019,2020,2021,2022,2023,2024,2025",False,v10,04fdc65,2026-08-05T00:54:23+00:00
12,137,11,"2015,2016,2017,2018,2019,2020,2021,2022,2023,2024,2025",False,v10,04fdc65,2026-08-05T00:54:23+00:00
18,31,11,"2015,2016,2017,2018,2019,2020,2021,2022,2023,2024,2025",False,v10,04fdc65,2026-08-05T00:54:23+00:00
87,236,11,"2015,2016,2017,2018,2019,2020,2021,2022,2023,2024,2025",False,v10,04fdc65,2026-08-05T00:54:23+00:00
16,26,11,"2015,2016,2017,2018,2019,2020,2021,2022,2023,2024,2025",False,v10,04fdc65,2026-08-05T00:54:23+00:00
93,74,11,"2015,2016,2017,2018,2019,2020,2021,2022,2023,2024,2025",False,v10,04fdc65,2026-08-05T00:54:23+00:00
28,154,11,"2015,2016,2017,2018,2019,2020,2021,2022,2023,2024,2025",False,v10,04fdc65,2026-08-05T00:54:23+00:00
12,138,11,"2015,2016,2017,2018,2019,2020,2021,2022,2023,2024,2025",False,v10,04fdc65,2026-08-05T00:54:23+00:00
13,69,11,"2015,2016,2017,2018,2019,2020,2021,2022,2023,2024,2025",False,v10,04fdc65,2026-08-05T00:54:23+00:00
9,63,11,"2015,2016,2017,2018,2019,2020,2021,2022,2023,2024,2025",False,v10,04fdc65,2026-08-05T00:54:23+00:00
5,217,11,"2015,2016,2017,2018,2019,2020,2021,2022,2023,2024,2025",False,v10,04fdc65,2026-08-05T00:54:23+00:00
28,41,11,"2015,2016,2017,2018,2019,2020,2021,2022,2023,2024,2025",False,v10,04fdc65,2026-08-05T00:54:23+00:00
32,215,11,"2015,2016,2017,2018,2019,2020,2021,2022,2023,2024,2025",False,v10,04fdc65,2026-08-05T00:54:23+00:00
9,25,11,"2015,2016,2017,2018,2019,2020,2021,2022,2023,2024,2025",False,v10,04fdc65,2026-08-05T00:54:23+00:00
73,76,11,"2015,2016,2017,2018,2019,2020,2021,2022,2023,2024,2025",False,v10,04fdc65,2026-08-05T00:54:23+00:00
31,198,11,"2015,2016,2017,2018,2019,2020,2021,2022,2023,2024,2025",False,v10,04fdc65,2026-08-05T00:54:23+00:00
27,220,11,"2015,2016,2017,2018,2019,2020,2021,2022,2023,2024,2025",False,v10,04fdc65,2026-08-05T00:54:23+00:00
22,217,11,"2015,2016,2017,2018,2019,2020,2021,2022,2023,2024,2025",False,v10,04fdc65,2026-08-05T00:54:23+00:00
30,182,11,"2015,2016,2017,2018,2019,2020,2021,2022,2023,2024,2025",False,v10,04fdc65,2026-08-05T00:54:23+00:00
24,218,11,"2015,2016,2017,2018,2019,2020,2021,2022,2023,2024,2025",False,v10,04fdc65,2026-08-05T00:54:23+00:00
6,198,11,"2015,2016,2017,2018,2019,2020,2021,2022,2023,2024,2025",False,v10,04fdc65,2026-08-05T00:54:23+00:00
30,44,11,"2015,2016,2017,2018,2019,2020,2021,2022,2023,2024,2025",False,v10,04fdc65,2026-08-05T00:54:23+00:00
28,169,11,"2015,2016,2017,2018,2019,2020,2021,2022,2023,2024,2025",False,v10,04fdc65,2026-08-05T00:54:23+00:00
26,167,11,"2015,2016,2017,2018,2019,2020,2021,2022,2023,2024,2025",False,v10,04fdc65,2026-08-05T00:54:23+00:00
9,135,11,"2015,2016,2017,2018,2019,2020,2021,2022,2023,2024,2025",False,v10,04fdc65,2026-08-05T00:54:23+00:00
8,224,11,"2015,2016,2017,2018,2019,2020,2021,2022,2023,2024,2025",False,v10,04fdc65,2026-08-05T00:54:23+00:00
2,135,11,"2015,2016,2017,2018,2019,2020,2021,2022,2023,2024,2025",False,v10,04fdc65,2026-08-05T00:54:23+00:00
94,76,11,"2015,2016,2017,2018,2019,2020,2021,2022,2023,2024,2025",False,v10,04fdc65,2026-08-05T00:54:23+00:00
9,33,11,"2015,2016,2017,2018,2019,2020,2021,2022,2023,2024,2025",False,v10,04fdc65,2026-08-05T00:54:23+00:00
7,217,11,"2015,2016,2017,2018,2019,2020,2021,2022,2023,2024,2025",False,v10,04fdc65,2026-08-05T00:54:23+00:00
10,159,11,"2015,2016,2017,2018,2019,2020,2021,2022,2023,2024,2025",False,v10,04fdc65,2026-08-05T00:54:23+00:00
66,72,11,"2015,2016,2017,2018,2019,2020,2021,2022,2023,2024,2025",False,v10,04fdc65,2026-08-05T00:54:23+00:00
24,139,11,"2015,2016,2017,2018,2019,2020,2021,2022,2023,2024,2025",False,v10,04fdc65,2026-08-05T00:54:23+00:00
5,219,11,"2015,2016,2017,2018,2019,2020,2021,2022,2023,2024,2025",False,v10,04fdc65,2026-08-05T00:54:23+00:00
25,131,11,"2015,2016,2017,2018,2019,2020,2021,2022,2023,2024,2025",False,v10,04fdc65,2026-08-05T00:54:23+00:00
31,152,11,"2015,2016,2017,2018,2019,2020,2021,2022,2023,2024,2025",False,v10,04fdc65,2026-08-05T00:54:23+00:00
19,227,11,"2015,2016,2017,2018,2019,2020,2021,2022,2023,2024,2025",False,v10,04fdc65,2026-08-05T00:54:23+00:00
15,136,11,"2015,2016,2017,2018,2019,2020,2021,2022,2023,2024,2025",False,v10,04fdc65,2026-08-05T00:54:23+00:00
24,39,11,"2015,2016,2017,2018,2019,2020,2021,2022,2023,2024,2025",False,v10,04fdc65,2026-08-05T00:54:23+00:00
33,169,11,"2015,2016,2017,2018,2019,2020,2021,2022,2023,2024,2025",False,v10,04fdc65,2026-08-05T00:54:23+00:00
5,218,11,"2015,2016,2017,2018,2019,2020,2021,2022,2023,2024,2025",False,v10,04fdc65,2026-08-05T00:54:23+00:00
8,54,11,"2015,2016,2017,2018,2019,2020,2021,2022,2023,2024,2025",False,v10,04fdc65,2026-08-05T00:54:23+00:00
2,139,11,"2015,2016,2017,2018,2019,2020,2021,2022,2023,2024,2025",False,v10,04fdc65,2026-08-05T00:54:23+00:00
7,219,11,"2015,2016,2017,2018,2019,2020,2021,2022,2023,2024,2025",False,v10,04fdc65,2026-08-05T00:54:23+00:00
9,239,11,"2015,2016,2017,2018,2019,2020,2021,2022,2023,2024,2025",False,v10,04fdc65,2026-08-05T00:54:23+00:00
10,155,11,"2015,2016,2017,2018,2019,2020,2021,2022,2023,2024,2025",False,v10,04fdc65,2026-08-05T00:54:23+00:00
23,77,11,"2015,2016,2017,2018,2019,2020,2021,2022,2023,2024,2025",False,v10,04fdc65,2026-08-05T00:54:23+00:00
27,40,11,"2015,2016,2017,2018,2019,2020,2021,2022,2023,2024,2025",False,v10,04fdc65,2026-08-05T00:54:23+00:00
19,137,11,"2015,2016,2017,2018,2019,2020,2021,2022,2023,2024,2025",False,v10,04fdc65,2026-08-05T00:54:23+00:00
30,152,11,"2015,2016,2017,2018,2019,2020,2021,2022,2023,2024,2025",False,v10,04fdc65,2026-08-05T00:54:23+00:00
9,34,11,"2015,2016,2017,2018,2019,2020,2021,2022,2023,2024,2025",False,v10,04fdc65,2026-08-05T00:54:23+00:00
28,59,11,"2015,2016,2017,2018,2019,2020,2021,2022,2023,2024,2025",False,v10,04fdc65,2026-08-05T00:54:23+00:00
29,147,11,"2015,2016,2017,2018,2019,2020,2021,2022,2023,2024,2025",False,v10,04fdc65,2026-08-05T00:54:23+00:00
21,68,11,"2015,2016,2017,2018,2019,2020,2021,2022,2023,2024,2025",False,v10,04fdc65,2026-08-05T00:54:23+00:00
16,233,11,"2015,2016,2017,2018,2019,2020,2021,2022,2023,2024,2025",False,v10,04fdc65,2026-08-05T00:54:23+00:00
66,73,11,"2015,2016,2017,2018,2019,2020,2021,2022,2023,2024,2025",False,v10,04fdc65,2026-08-05T00:54:23+00:00
9,240,11,"2015,2016,2017,2018,2019,2020,2021,2022,2023,2024,2025",False,v10,04fdc65,2026-08-05T00:54:23+00:00
6,217,11,"2015,2016,2017,2018,2019,2020,2021,2022,2023,2024,2025",False,v10,04fdc65,2026-08-05T00:54:23+00:00
28,217,11,"2015,2016,2017,2018,2019,2020,2021,2022,2023,2024,2025",False,v10,04fdc65,2026-08-05T00:54:23+00:00
14,126,11,"2015,2016,2017,2018,2019,2020,2021,2022,2023,2024,2025",False,v10,04fdc65,2026-08-05T00:54:23+00:00
19,12,11,"2015,2016,2017,2018,2019,2020,2021,2022,2023,2024,2025",False,v10,04fdc65,2026-08-05T00:54:23+00:00
24,131,11,"2015,2016,2017,2018,2019,2020,2021,2022,2023,2024,2025",False,v10,04fdc65,2026-08-05T00:54:23+00:00
27,149,11,"2015,2016,2017,2018,2019,2020,2021,2022,2023,2024,2025",False,v10,04fdc65,2026-08-05T00:54:23+00:00
28,210,11,"2015,2016,2017,2018,2019,2020,2021,2022,2023,2024,2025",False,v10,04fdc65,2026-08-05T00:54:23+00:00
11,153,11,"2015,2016,2017,2018,2019,2020,2021,2022,2023,2024,2025",False,v10,04fdc65,2026-08-05T00:54:23+00:00
38,182,11,"2015,2016,2017,2018,2019,2020,2021,2022,2023,2024,2025",False,v10,04fdc65,2026-08-05T00:54:23+00:00
17,18,11,"2015,2016,2017,2018,2019,2020,2021,2022,2023,2024,2025",False,v10,04fdc65,2026-08-05T00:54:23+00:00
9,167,11,"2015,2016,2017,2018,2019,2020,2021,2022,2023,2024,2025",False,v10,04fdc65,2026-08-05T00:54:23+00:00
28,58,11,"2015,2016,2017,2018,2019,2020,2021,2022,2023,2024,2025",False,v10,04fdc65,2026-08-05T00:54:23+00:00
30,146,11,"2015,2016,2017,2018,2019,2020,2021,2022,2023,2024,2025",False,v10,04fdc65,2026-08-05T00:54:23+00:00
21,140,11,"2015,2016,2017,2018,2019,2020,2021,2022,2023,2024,2025",False,v10,04fdc65,2026-08-05T00:54:23+00:00
11,5,11,"2015,2016,2017,2018,2019,2020,2021,2022,2023,2024,2025",False,v10,04fdc65,2026-08-05T00:54:23+00:00
16,11,11,"2015,2016,2017,2018,2019,2020,2021,2022,2023,2024,2025",False,v10,04fdc65,2026-08-05T00:54:23+00:00
28,185,11,"2015,2016,2017,2018,2019,2020,2021,2022,2023,2024,2025",False,v10,04fdc65,2026-08-05T00:54:23+00:00
32,49,11,"2015,2016,2017,2018,2019,2020,2021,2022,2023,2024,2025",False,v10,04fdc65,2026-08-05T00:54:23+00:00
17,127,11,"2015,2016,2017,2018,2019,2020,2021,2022,2023,2024,2025",False,v10,04fdc65,2026-08-05T00:54:23+00:00
20,217,11,"2015,2016,2017,2018,2019,2020,2021,2022,2023,2024,2025",False,v10,04fdc65,2026-08-05T00:54:23+00:00
23,85,11,"2015,2016,2017,2018,2019,2020,2021,2022,2023,2024,2025",False,v10,04fdc65,2026-08-05T00:54:23+00:00
8,56,11,"2015,2016,2017,2018,2019,2020,2021,2022,2023,2024,2025",False,v10,04fdc65,2026-08-05T00:54:23+00:00
25,218,11,"2015,2016,2017,2018,2019,2020,2021,2022,2023,2024,2025",False,v10,04fdc65,2026-08-05T00:54:23+00:00
29,40,11,"2015,2016,2017,2018,2019,2020,2021,2022,2023,2024,2025",False,v10,04fdc65,2026-08-05T00:54:23+00:00
13,70,11,"2015,2016,2017,2018,2019,2020,2021,2022,2023,2024,2025",False,v10,04fdc65,2026-08-05T00:54:23+00:00
23,82,11,"2015,2016,2017,2018,2019,2020,2021,2022,2023,2024,2025",False,v10,04fdc65,2026-08-05T00:54:23+00:00
14,134,11,"2015,2016,2017,2018,2019,2020,2021,2022,2023,2024,2025",False,v10,04fdc65,2026-08-05T00:54:23+00:00
2,136,11,"2015,2016,2017,2018,2019,2020,2021,2022,2023,2024,2025",False,v10,04fdc65,2026-08-05T00:54:23+00:00
5,184,11,"2015,2016,2017,2018,2019,2020,2021,2022,2023,2024,2025",False,v10,04fdc65,2026-08-05T00:54:23+00:00
38,189,11,"2015,2016,2017,2018,2019,2020,2021,2022,2023,2024,2025",False,v10,04fdc65,2026-08-05T00:54:23+00:00
23,137,11,"2015,2016,2017,2018,2019,2020,2021,2022,2023,2024,2025",False,v10,04fdc65,2026-08-05T00:54:23+00:00
29,217,11,"2015,2016,2017,2018,2019,2020,2021,2022,2023,2024,2025",False,v10,04fdc65,2026-08-05T00:54:23+00:00
10,172,11,"2015,2016,2017,2018,2019,2020,2021,2022,2023,2024,2025",False,v10,04fdc65,2026-08-05T00:54:23+00:00
65,70,11,"2015,2016,2017,2018,2019,2020,2021,2022,2023,2024,2025",False,v10,04fdc65,2026-08-05T00:54:23+00:00
24,41,11,"2015,2016,2017,2018,2019,2020,2021,2022,2023,2024,2025",False,v10,04fdc65,2026-08-05T00:54:23+00:00
10,9,11,"2015,2016,2017,2018,2019,2020,2021,2022,2023,2024,2025",False,v10,04fdc65,2026-08-05T00:54:23+00:00
10,156,11,"2015,2016,2017,2018,2019,2020,2021,2022,2023,2024,2025",False,v10,04fdc65,2026-08-05T00:54:23+00:00
20,66,11,"2015,2016,2017,2018,2019,2020,2021,2022,2023,2024,2025",False,v10,04fdc65,2026-08-05T00:54:23+00:00
30,148,11,"2015,2016,2017,2018,2019,2020,2021,2022,2023,2024,2025",False,v10,04fdc65,2026-08-05T00:54:23+00:00
31,45,11,"2015,2016,2017,2018,2019,2020,2021,2022,2023,2024,2025",False,v10,04fdc65,2026-08-05T00:54:23+00:00
3,186,11,"2015,2016,2017,2018,2019,2020,2021,2022,2023,2024,2025",False,v10,04fdc65,2026-08-05T00:54:23+00:00
12,0,11,"2015,2016,2017,2018,2019,2020,2021,2022,2023,2024,2025",False,v10,04fdc65,2026-08-05T00:54:23+00:00
24,42,11,"2015,2016,2017,2018,2019,2020,2021,2022,2023,2024,2025",False,v10,04fdc65,2026-08-05T00:54:23+00:00
94,74,11,"2015,2016,2017,2018,2019,2020,2021,2022,2023,2024,2025",False,v10,04fdc65,2026-08-05T00:54:23+00:00
18,80,11,"2015,2016,2017,2018,2019,2020,2021,2022,2023,2024,2025",False,v10,04fdc65,2026-08-05T00:54:23+00:00
2,184,11,"2015,2016,2017,2018,2019,2020,2021,2022,2023,2024,2025",False,v10,04fdc65,2026-08-05T00:54:23+00:00
25,80,11,"2015,2016,2017,2018,2019,2020,2021,2022,2023,2024,2025",False,v10,04fdc65,2026-08-05T00:54:23+00:00
9,241,11,"2015,2016,2017,2018,2019,2020,2021,2022,2023,2024,2025",False,v10,04fdc65,2026-08-05T00:54:23+00:00
23,38,11,"2015,2016,2017,2018,2019,2020,2021,2022,2023,2024,2025",False,v10,04fdc65,2026-08-05T00:54:23+00:00
10,1,11,"2015,2016,2017,2018,2019,2020,2021,2022,2023,2024,2025",False,v10,04fdc65,2026-08-05T00:54:23+00:00
16,140,11,"2015,2016,2017,2018,2019,2020,2021,2022,2023,2024,2025",False,v10,04fdc65,2026-08-05T00:54:23+00:00
19,138,11,"2015,2016,2017,2018,2019,2020,2021,2022,2023,2024,2025",False,v10,04fdc65,2026-08-05T00:54:23+00:00
11,171,11,"2015,2016,2017,2018,2019,2020,2021,2022,2023,2024,2025",False,v10,04fdc65,2026-08-05T00:54:23+00:00
15,74,11,"2015,2016,2017,2018,2019,2020,2021,2022,2023,2024,2025",False,v10,04fdc65,2026-08-05T00:54:23+00:00
34,168,11,"2015,2016,2017,2018,2019,2020,2021,2022,2023,2024,2025",False,v10,04fdc65,2026-08-05T00:54:23+00:00
71,76,11,"2015,2016,2017,2018,2019,2020,2021,2022,2023,2024,2025",False,v10,04fdc65,2026-08-05T00:54:23+00:00
32,167,11,"2015,2016,2017,2018,2019,2020,2021,2022,2023,2024,2025",False,v10,04fdc65,2026-08-05T00:54:23+00:00
15,230,11,"2015,2016,2017,2018,2019,2020,2021,2022,2023,2024,2025",False,v10,04fdc65,2026-08-05T00:54:23+00:00
9,143,11,"2015,2016,2017,2018,2019,2020,2021,2022,2023,2024,2025",False,v10,04fdc65,2026-08-05T00:54:23+00:00
10,52,11,"2015,2016,2017,2018,2019,2020,2021,2022,2023,2024,2025",False,v10,04fdc65,2026-08-05T00:54:23+00:00
15,239,11,"2015,2016,2017,2018,2019,2020,2021,2022,2023,2024,2025",False,v10,04fdc65,2026-08-05T00:54:23+00:00
9,56,11,"2015,2016,2017,2018,2019,2020,2021,2022,2023,2024,2025",False,v10,04fdc65,2026-08-05T00:54:23+00:00
20,218,11,"2015,2016,2017,2018,2019,2020,2021,2022,2023,2024,2025",False,v10,04fdc65,2026-08-05T00:54:23+00:00
30,207,11,"2015,2016,2017,2018,2019,2020,2021,2022,2023,2024,2025",False,v10,04fdc65,2026-08-05T00:54:23+00:00
6,180,11,"2015,2016,2017,2018,2019,2020,2021,2022,2023,2024,2025",False,v10,04fdc65,2026-08-05T00:54:23+00:00
9,39,11,"2015,2016,2017,2018,2019,2020,2021,2022,2023,2024,2025",False,v10,04fdc65,2026-08-05T00:54:23+00:00
9,163,11,"2015,2016,2017,2018,2019,2020,2021,2022,2023,2024,2025",False,v10,04fdc65,2026-08-05T00:54:23+00:00
37,191,11,"2015,2016,2017,2018,2019,2020,2021,2022,2023,2024,2025",False,v10,04fdc65,2026-08-05T00:54:23+00:00
18,137,11,"2015,2016,2017,2018,2019,2020,2021,2022,2023,2024,2025",False,v10,04fdc65,2026-08-05T00:54:23+00:00
29,153,11,"2015,2016,2017,2018,2019,2020,2021,2022,2023,2024,2025",False,v10,04fdc65,2026-08-05T00:54:23+00:00
66,71,11,"2015,2016,2017,2018,2019,2020,2021,2022,2023,2024,2025",False,v10,04fdc65,2026-08-05T00:54:23+00:00
15,58,11,"2015,2016,2017,2018,2019,2020,2021,2022,2023,2024,2025",False,v10,04fdc65,2026-08-05T00:54:23+00:00
13,4,11,"2015,2016,2017,2018,2019,2020,2021,2022,2023,2024,2025",False,v10,04fdc65,2026-08-05T00:54:23+00:00
14,65,11,"2015,2016,2017,2018,2019,2020,2021,2022,2023,2024,2025",False,v10,04fdc65,2026-08-05T00:54:23+00:00
13,62,11,"2015,2016,2017,2018,2019,2020,2021,2022,2023,2024,2025",False,v10,04fdc65,2026-08-05T00:54:23+00:00
34,165,11,"2015,2016,2017,2018,2019,2020,2021,2022,2023,2024,2025",False,v10,04fdc65,2026-08-05T00:54:23+00:00
84,73,11,"2015,2016,2017,2018,2019,2020,2021,2022,2023,2024,2025",False,v10,04fdc65,2026-08-05T00:54:23+00:00
38,181,11,"2015,2016,2017,2018,2019,2020,2021,2022,2023,2024,2025",False,v10,04fdc65,2026-08-05T00:54:23+00:00
34,166,11,"2015,2016,2017,2018,2019,2020,2021,2022,2023,2024,2025",False,v10,04fdc65,2026-08-05T00:54:23+00:00
9,171,11,"2015,2016,2017,2018,2019,2020,2021,2022,2023,2024,2025",False,v10,04fdc65,2026-08-05T00:54:23+00:00
30,40,11,"2015,2016,2017,2018,2019,2020,2021,2022,2023,2024,2025",False,v10,04fdc65,2026-08-05T00:54:23+00:00
13,136,11,"2015,2016,2017,2018,2019,2020,2021,2022,2023,2024,2025",False,v10,04fdc65,2026-08-05T00:54:23+00:00
63,69,11,"2015,2016,2017,2018,2019,2020,2021,2022,2023,2024,2025",False,v10,04fdc65,2026-08-05T00:54:23+00:00
67,72,11,"2015,2016,2017,2018,2019,2020,2021,2022,2023,2024,2025",False,v10,04fdc65,2026-08-05T00:54:23+00:00
23,79,11,"2015,2016,2017,2018,2019,2020,2021,2022,2023,2024,2025",False,v10,04fdc65,2026-08-05T00:54:23+00:00
18,17,11,"2015,2016,2017,2018,2019,2020,2021,2022,2023,2024,2025",False,v10,04fdc65,2026-08-05T00:54:23+00:00
12,6,11,"2015,2016,2017,2018,2019,2020,2021,2022,2023,2024,2025",False,v10,04fdc65,2026-08-05T00:54:23+00:00
18,30,11,"2015,2016,2017,2018,2019,2020,2021,2022,2023,2024,2025",False,v10,04fdc65,2026-08-05T00:54:23+00:00
9,62,11,"2015,2016,2017,2018,2019,2020,2021,2022,2023,2024,2025",False,v10,04fdc65,2026-08-05T00:54:23+00:00
33,171,11,"2015,2016,2017,2018,2019,2020,2021,2022,2023,2024,2025",False,v10,04fdc65,2026-08-05T00:54:23+00:00
31,169,11,"2015,2016,2017,2018,2019,2020,2021,2022,2023,2024,2025",False,v10,04fdc65,2026-08-05T00:54:23+00:00
24,130,11,"2015,2016,2017,2018,2019,2020,2021,2022,2023,2024,2025",False,v10,04fdc65,2026-08-05T00:54:23+00:00
24,153,11,"2015,2016,2017,2018,2019,2020,2021,2022,2023,2024,2025",False,v10,04fdc65,2026-08-05T00:54:23+00:00
9,32,11,"2015,2016,2017,2018,2019,2020,2021,2022,2023,2024,2025",False,v10,04fdc65,2026-08-05T00:54:23+00:00
69,75,11,"2015,2016,2017,2018,2019,2020,2021,2022,2023,2024,2025",False,v10,04fdc65,2026-08-05T00:54:23+00:00
15,232,11,"2015,2016,2017,2018,2019,2020,2021,2022,2023,2024,2025",False,v10,04fdc65,2026-08-05T00:54:23+00:00
38,184,11,"2015,2016,2017,2018,2019,2020,2021,2022,2023,2024,2025",False,v10,04fdc65,2026-08-05T00:54:23+00:00
9,162,11,"2015,2016,2017,2018,2019,2020,2021,2022,2023,2024,2025",False,v10,04fdc65,2026-08-05T00:54:23+00:00
28,57,11,"2015,2016,2017,2018,2019,2020,2021,2022,2023,2024,2025",False,v10,04fdc65,2026-08-05T00:54:23+00:00
31,154,11,"2015,2016,2017,2018,2019,2020,2021,2022,2023,2024,2025",False,v10,04fdc65,2026-08-05T00:54:23+00:00
27,68,11,"2015,2016,2017,2018,2019,2020,2021,2022,2023,2024,2025",False,v10,04fdc65,2026-08-05T00:54:23+00:00
6,216,11,"2015,2016,2017,2018,2019,2020,2021,2022,2023,2024,2025",False,v10,04fdc65,2026-08-05T00:54:23+00:00
25,126,11,"2015,2016,2017,2018,2019,2020,2021,2022,2023,2024,2025",False,v10,04fdc65,2026-08-05T00:54:23+00:00
9,37,11,"2015,2016,2017,2018,2019,2020,2021,2022,2023,2024,2025",False,v10,04fdc65,2026-08-05T00:54:23+00:00
17,126,11,"2015,2016,2017,2018,2019,2020,2021,2022,2023,2024,2025",False,v10,04fdc65,2026-08-05T00:54:23+00:00
87,72,11,"2015,2016,2017,2018,2019,2020,2021,2022,2023,2024,2025",False,v10,04fdc65,2026-08-05T00:54:23+00:00
14,70,11,"2015,2016,2017,2018,2019,2020,2021,2022,2023,2024,2025",False,v10,04fdc65,2026-08-05T00:54:23+00:00
15,125,11,"2015,2016,2017,2018,2019,2020,2021,2022,2023,2024,2025",False,v10,04fdc65,2026-08-05T00:54:23+00:00
6,223,11,"2015,2016,2017,2018,2019,2020,2021,2022,2023,2024,2025",False,v10,04fdc65,2026-08-05T00:54:23+00:00
91,71,11,"2015,2016,2017,2018,2019,2020,2021,2022,2023,2024,2025",False,v10,04fdc65,2026-08-05T00:54:23+00:00
86,237,11,"2015,2016,2017,2018,2019,2020,2021,2022,2023,2024,2025",False,v10,04fdc65,2026-08-05T00:54:23+00:00
8,211,11,"2015,2016,2017,2018,2019,2020,2021,2022,2023,2024,2025",False,v10,04fdc65,2026-08-05T00:54:23+00:00
17,232,11,"2015,2016,2017,2018,2019,2020,2021,2022,2023,2024,2025",False,v10,04fdc65,2026-08-05T00:54:23+00:00
31,153,11,"2015,2016,2017,2018,2019,2020,2021,2022,2023,2024,2025",False,v10,04fdc65,2026-08-05T00:54:23+00:00
32,157,11,"2015,2016,2017,2018,2019,2020,2021,2022,2023,2024,2025",False,v10,04fdc65,2026-08-05T00:54:23+00:00
37,186,11,"2015,2016,2017,2018,2019,2020,2021,2022,2023,2024,2025",False,v10,04fdc65,2026-08-05T00:54:23+00:00
15,228,11,"2015,2016,2017,2018,2019,2020,2021,2022,2023,2024,2025",False,v10,04fdc65,2026-08-05T00:54:23+00:00
30,47,11,"2015,2016,2017,2018,2019,2020,2021,2022,2023,2024,2025",False,v10,04fdc65,2026-08-05T00:54:23+00:00
23,217,11,"2015,2016,2017,2018,2019,2020,2021,2022,2023,2024,2025",False,v10,04fdc65,2026-08-05T00:54:23+00:00
10,44,11,"2015,2016,2017,2018,2019,2020,2021,2022,2023,2024,2025",False,v10,04fdc65,2026-08-05T00:54:23+00:00
16,137,11,"2015,2016,2017,2018,2019,2020,2021,2022,2023,2024,2025",False,v10,04fdc65,2026-08-05T00:54:23+00:00
8,37,11,"2015,2016,2017,2018,2019,2020,2021,2022,2023,2024,2025",False,v10,04fdc65,2026-08-05T00:54:23+00:00
16,18,11,"2015,2016,2017,2018,2019,2020,2021,2022,2023,2024,2025",False,v10,04fdc65,2026-08-05T00:54:23+00:00
13,71,11,"2015,2016,2017,2018,2019,2020,2021,2022,2023,2024,2025",False,v10,04fdc65,2026-08-05T00:54:23+00:00
30,167,11,"2015,2016,2017,2018,2019,2020,2021,2022,2023,2024,2025",False,v10,04fdc65,2026-08-05T00:54:23+00:00
9,164,11,"2015,2016,2017,2018,2019,2020,2021,2022,2023,2024,2025",False,v10,04fdc65,2026-08-05T00:54:23+00:00
31,194,11,"2015,2016,2017,2018,2019,2020,2021,2022,2023,2024,2025",False,v10,04fdc65,2026-08-05T00:54:23+00:00
93,72,11,"2015,2016,2017,2018,2019,2020,2021,2022,2023,2024,2025",False,v10,04fdc65,2026-08-05T00:54:23+00:00
28,182,11,"2015,2016,2017,2018,2019,2020,2021,2022,2023,2024,2025",False,v10,04fdc65,2026-08-05T00:54:23+00:00
10,148,11,"2015,2016,2017,2018,2019,2020,2021,2022,2023,2024,2025",False,v10,04fdc65,2026-08-05T00:54:23+00:00
31,179,11,"2015,2016,2017,2018,2019,2020,2021,2022,2023,2024,2025",False,v10,04fdc65,2026-08-05T00:54:23+00:00
22,82,11,"2015,2016,2017,2018,2019,2020,2021,2022,2023,2024,2025",False,v10,04fdc65,2026-08-05T00:54:23+00:00
38,183,11,"2015,2016,2017,2018,2019,2020,2021,2022,2023,2024,2025",False,v10,04fdc65,2026-08-05T00:54:23+00:00
32,166,11,"2015,2016,2017,2018,2019,2020,2021,2022,2023,2024,2025",False,v10,04fdc65,2026-08-05T00:54:23+00:00
27,74,11,"2015,2016,2017,2018,2019,2020,2021,2022,2023,2024,2025",False,v10,04fdc65,2026-08-05T00:54:23+00:00
16,25,11,"2015,2016,2017,2018,2019,2020,2021,2022,2023,2024,2025",False,v10,04fdc65,2026-08-05T00:54:23+00:00
28,183,11,"2015,2016,2017,2018,2019,2020,2021,2022,2023,2024,2025",False,v10,04fdc65,2026-08-05T00:54:23+00:00
24,132,11,"2015,2016,2017,2018,2019,2020,2021,2022,2023,2024,2025",False,v10,04fdc65,2026-08-05T00:54:23+00:00
19,13,11,"2015,2016,2017,2018,2019,2020,2021,2022,2023,2024,2025",False,v10,04fdc65,2026-08-05T00:54:23+00:00
8,41,11,"2015,2016,2017,2018,2019,2020,2021,2022,2023,2024,2025",False,v10,04fdc65,2026-08-05T00:54:23+00:00
8,171,11,"2015,2016,2017,2018,2019,2020,2021,2022,2023,2024,2025",False,v10,04fdc65,2026-08-05T00:54:23+00:00
3,129,11,"2015,2016,2017,2018,2019,2020,2021,2022,2023,2024,2025",False,v10,04fdc65,2026-08-05T00:54:23+00:00
5,183,11,"2015,2016,2017,2018,2019,2020,2021,2022,2023,2024,2025",False,v10,04fdc65,2026-08-05T00:54:23+00:00
24,129,11,"2015,2016,2017,2018,2019,2020,2021,2022,2023,2024,2025",False,v10,04fdc65,2026-08-05T00:54:23+00:00
73,75,11,"2015,2016,2017,2018,2019,2020,2021,2022,2023,2024,2025",False,v10,04fdc65,2026-08-05T00:54:23+00:00
65,71,11,"2015,2016,2017,2018,2019,2020,2021,2022,2023,2024,2025",False,v10,04fdc65,2026-08-05T00:54:23+00:00
16,24,11,"2015,2016,2017,2018,2019,2020,2021,2022,2023,2024,2025",False,v10,04fdc65,2026-08-05T00:54:23+00:00
6,218,11,"2015,2016,2017,2018,2019,2020,2021,2022,2023,2024,2025",False,v10,04fdc65,2026-08-05T00:54:23+00:00
27,135,11,"2015,2016,2017,2018,2019,2020,2021,2022,2023,2024,2025",False,v10,04fdc65,2026-08-05T00:54:23+00:00
3,137,11,"2015,2016,2017,2018,2019,2020,2021,2022,2023,2024,2025",False,v10,04fdc65,2026-08-05T00:54:23+00:00
31,46,11,"2015,2016,2017,2018,2019,2020,2021,2022,2023,2024,2025",False,v10,04fdc65,2026-08-05T00:54:23+00:00
10,62,11,"2015,2016,2017,2018,2019,2020,2021,2022,2023,2024,2025",False,v10,04fdc65,2026-08-05T00:54:23+00:00
4,134,11,"2015,2016,2017,2018,2019,2020,2021,2022,2023,2024,2025",False,v10,04fdc65,2026-08-05T00:54:23+00:00
19,32,11,"2015,2016,2017,2018,2019,2020,2021,2022,2023,2024,2025",False,v10,04fdc65,2026-08-05T00:54:23+00:00
13,11,11,"2015,2016,2017,2018,2019,2020,2021,2022,2023,2024,2025",False,v10,04fdc65,2026-08-05T00:54:23+00:00
14,71,11,"2015,2016,2017,2018,2019,2020,2021,2022,2023,2024,2025",False,v10,04fdc65,2026-08-05T00:54:23+00:00
28,39,11,"2015,2016,2017,2018,2019,2020,2021,2022,2023,2024,2025",False,v10,04fdc65,2026-08-05T00:54:23+00:00
9,236,11,"2015,2016,2017,2018,2019,2020,2021,2022,2023,2024,2025",False,v10,04fdc65,2026-08-05T00:54:23+00:00
27,217,11,"2015,2016,2017,2018,2019,2020,2021,2022,2023,2024,2025",False,v10,04fdc65,2026-08-05T00:54:23+00:00
9,134,11,"2015,2016,2017,2018,2019,2020,2021,2022,2023,2024,2025",False,v10,04fdc65,2026-08-05T00:54:23+00:00
32,156,11,"2015,2016,2017,2018,2019,2020,2021,2022,2023,2024,2025",False,v10,04fdc65,2026-08-05T00:54:23+00:00
90,169,11,"2015,2016,2017,2018,2019,2020,2021,2022,2023,2024,2025",False,v10,04fdc65,2026-08-05T00:54:23+00:00
9,42,11,"2015,2016,2017,2018,2019,2020,2021,2022,2023,2024,2025",False,v10,04fdc65,2026-08-05T00:54:23+00:00
23,78,11,"2015,2016,2017,2018,2019,2020,2021,2022,2023,2024,2025",False,v10,04fdc65,2026-08-05T00:54:23+00:00
9,53,11,"2015,2016,2017,2018,2019,2020,2021,2022,2023,2024,2025",False,v10,04fdc65,2026-08-05T00:54:23+00:00
28,184,11,"2015,2016,2017,2018,2019,2020,2021,2022,2023,2024,2025",False,v10,04fdc65,2026-08-05T00:54:23+00:00
67,74,11,"2015,2016,2017,2018,2019,2020,2021,2022,2023,2024,2025",False,v10,04fdc65,2026-08-05T00:54:23+00:00
8,167,11,"2015,2016,2017,2018,2019,2020,2021,2022,2023,2024,2025",False,v10,04fdc65,2026-08-05T00:54:23+00:00
13,10,11,"2015,2016,2017,2018,2019,2020,2021,2022,2023,2024,2025",False,v10,04fdc65,2026-08-05T00:54:23+00:00
12,65,11,"2015,2016,2017,2018,2019,2020,2021,2022,2023,2024,2025",False,v10,04fdc65,2026-08-05T00:54:23+00:00
9,232,11,"2015,2016,2017,2018,2019,2020,2021,2022,2023,2024,2025",False,v10,04fdc65,2026-08-05T00:54:23+00:00
6,222,11,"2015,2016,2017,2018,2019,2020,2021,2022,2023,2024,2025",False,v10,04fdc65,2026-08-05T00:54:23+00:00
16,21,11,"2015,2016,2017,2018,2019,2020,2021,2022,2023,2024,2025",False,v10,04fdc65,2026-08-05T00:54:23+00:00
8,40,11,"2015,2016,2017,2018,2019,2020,2021,2022,2023,2024,2025",False,v10,04fdc65,2026-08-05T00:54:23+00:00
12,8,11,"2015,2016,2017,2018,2019,2020,2021,2022,2023,2024,2025",False,v10,04fdc65,2026-08-05T00:54:23+00:00
26,80,11,"2015,2016,2017,2018,2019,2020,2021,2022,2023,2024,2025",False,v10,04fdc65,2026-08-05T00:54:23+00:00
34,155,11,"2015,2016,2017,2018,2019,2020,2021,2022,2023,2024,2025",False,v10,04fdc65,2026-08-05T00:54:23+00:00
19,68,11,"2015,2016,2017,2018,2019,2020,2021,2022,2023,2024,2025",False,v10,04fdc65,2026-08-05T00:54:23+00:00
3,138,11,"2015,2016,2017,2018,2019,2020,2021,2022,2023,2024,2025",False,v10,04fdc65,2026-08-05T00:54:23+00:00
16,9,11,"2015,2016,2017,2018,2019,2020,2021,2022,2023,2024,2025",False,v10,04fdc65,2026-08-05T00:54:23+00:00
4,131,11,"2015,2016,2017,2018,2019,2020,2021,2022,2023,2024,2025",False,v10,04fdc65,2026-08-05T00:54:23+00:00
30,217,11,"2015,2016,2017,2018,2019,2020,2021,2022,2023,2024,2025",False,v10,04fdc65,2026-08-05T00:54:23+00:00
32,153,11,"2015,2016,2017,2018,2019,2020,2021,2022,2023,2024,2025",False,v10,04fdc65,2026-08-05T00:54:23+00:00
16,77,11,"2015,2016,2017,2018,2019,2020,2021,2022,2023,2024,2025",False,v10,04fdc65,2026-08-05T00:54:23+00:00
4,194,11,"2015,2016,2017,2018,2019,2020,2021,2022,2023,2024,2025",False,v10,04fdc65,2026-08-05T00:54:23+00:00
24,151,11,"2015,2016,2017,2018,2019,2020,2021,2022,2023,2024,2025",False,v10,04fdc65,2026-08-05T00:54:23+00:00
71,75,11,"2015,2016,2017,2018,2019,2020,2021,2022,2023,2024,2025",False,v10,04fdc65,2026-08-05T00:54:23+00:00
89,71,11,"2015,2016,2017,2018,2019,2020,2021,2022,2023,2024,2025",False,v10,04fdc65,2026-08-05T00:54:23+00:00
32,168,11,"2015,2016,2017,2018,2019,2020,2021,2022,2023,2024,2025",False,v10,04fdc65,2026-08-05T00:54:23+00:00
89,74,11,"2015,2016,2017,2018,2019,2020,2021,2022,2023,2024,2025",False,v10,04fdc65,2026-08-05T00:54:23+00:00
29,204,11,"2015,2016,2017,2018,2019,2020,2021,2022,2023,2024,2025",False,v10,04fdc65,2026-08-05T00:54:23+00:00
28,218,11,"2015,2016,2017,2018,2019,2020,2021,2022,2023,2024,2025",False,v10,04fdc65,2026-08-05T00:54:23+00:00
18,119,11,"2015,2016,2017,2018,2019,2020,2021,2022,2023,2024,2025",False,v10,04fdc65,2026-08-05T00:54:23+00:00
35,156,11,"2015,2016,2017,2018,2019,2020,2021,2022,2023,2024,2025",False,v10,04fdc65,2026-08-05T00:54:23+00:00
9,233,11,"2015,2016,2017,2018,2019,2020,2021,2022,2023,2024,2025",False,v10,04fdc65,2026-08-05T00:54:23+00:00
13,137,11,"2015,2016,2017,2018,2019,2020,2021,2022,2023,2024,2025",False,v10,04fdc65,2026-08-05T00:54:23+00:00
9,55,11,"2015,2016,2017,2018,2019,2020,2021,2022,2023,2024,2025",False,v10,04fdc65,2026-08-05T00:54:23+00:00
15,9,11,"2015,2016,2017,2018,2019,2020,2021,2022,2023,2024,2025",False,v10,04fdc65,2026-08-05T00:54:23+00:00
2,189,11,"2015,2016,2017,2018,2019,2020,2021,2022,2023,2024,2025",False,v10,04fdc65,2026-08-05T00:54:23+00:00
2,133,11,"2015,2016,2017,2018,2019,2020,2021,2022,2023,2024,2025",False,v10,04fdc65,2026-08-05T00:54:23+00:00
9,26,11,"2015,2016,2017,2018,2019,2020,2021,2022,2023,2024,2025",False,v10,04fdc65,2026-08-05T00:54:23+00:00
13,243,11,"2015,2016,2017,2018,2019,2020,2021,2022,2023,2024,2025",False,v10,04fdc65,2026-08-05T00:54:23+00:00
25,79,11,"2015,2016,2017,2018,2019,2020,2021,2022,2023,2024,2025",False,v10,04fdc65,2026-08-05T00:54:23+00:00
33,194,11,"2015,2016,2017,2018,2019,2020,2021,2022,2023,2024,2025",False,v10,04fdc65,2026-08-05T00:54:23+00:00
25,42,11,"2015,2016,2017,2018,2019,2020,2021,2022,2023,2024,2025",False,v10,04fdc65,2026-08-05T00:54:23+00:00
18,13,11,"2015,2016,2017,2018,2019,2020,2021,2022,2023,2024,2025",False,v10,04fdc65,2026-08-05T00:54:23+00:00
12,147,11,"2015,2016,2017,2018,2019,2020,2021,2022,2023,2024,2025",False,v10,04fdc65,2026-08-05T00:54:23+00:00
8,15,11,"2015,2016,2017,2018,2019,2020,2021,2022,2023,2024,2025",False,v10,04fdc65,2026-08-05T00:54:23+00:00
83,73,11,"2015,2016,2017,2018,2019,2020,2021,2022,2023,2024,2025",False,v10,04fdc65,2026-08-05T00:54:23+00:00
22,228,11,"2015,2016,2017,2018,2019,2020,2021,2022,2023,2024,2025",False,v10,04fdc65,2026-08-05T00:54:23+00:00
26,39,11,"2015,2016,2017,2018,2019,2020,2021,2022,2023,2024,2025",False,v10,04fdc65,2026-08-05T00:54:23+00:00
27,69,11,"2015,2016,2017,2018,2019,2020,2021,2022,2023,2024,2025",False,v10,04fdc65,2026-08-05T00:54:23+00:00
2,134,11,"2015,2016,2017,2018,2019,2020,2021,2022,2023,2024,2025",False,v10,04fdc65,2026-08-05T00:54:23+00:00
17,14,11,"2015,2016,2017,2018,2019,2020,2021,2022,2023,2024,2025",False,v10,04fdc65,2026-08-05T00:54:23+00:00
82,73,11,"2015,2016,2017,2018,2019,2020,2021,2022,2023,2024,2025",False,v10,04fdc65,2026-08-05T00:54:23+00:00
29,42,11,"2015,2016,2017,2018,2019,2020,2021,2022,2023,2024,2025",False,v10,04fdc65,2026-08-05T00:54:23+00:00
26,138,11,"2015,2016,2017,2018,2019,2020,2021,2022,2023,2024,2025",False,v10,04fdc65,2026-08-05T00:54:23+00:00
10,153,11,"2015,2016,2017,2018,2019,2020,2021,2022,2023,2024,2025",False,v10,04fdc65,2026-08-05T00:54:23+00:00
23,145,11,"2015,2016,2017,2018,2019,2020,2021,2022,2023,2024,2025",False,v10,04fdc65,2026-08-05T00:54:23+00:00
29,185,11,"2015,2016,2017,2018,2019,2020,2021,2022,2023,2024,2025",False,v10,04fdc65,2026-08-05T00:54:23+00:00
31,216,11,"2015,2016,2017,2018,2019,2020,2021,2022,2023,2024,2025",False,v10,04fdc65,2026-08-05T00:54:23+00:00
31,209,11,"2015,2016,2017,2018,2019,2020,2021,2022,2023,2024,2025",False,v10,04fdc65,2026-08-05T00:54:23+00:00
23,36,11,"2015,2016,2017,2018,2019,2020,2021,2022,2023,2024,2025",False,v10,04fdc65,2026-08-05T00:54:23+00:00
16,10,11,"2015,2016,2017,2018,2019,2020,2021,2022,2023,2024,2025",False,v10,04fdc65,2026-08-05T00:54:23+00:00
28,138,11,"2015,2016,2017,2018,2019,2020,2021,2022,2023,2024,2025",False,v10,04fdc65,2026-08-05T00:54:23+00:00
9,11,11,"2015,2016,2017,2018,2019,2020,2021,2022,2023,2024,2025",False,v10,04fdc65,2026-08-05T00:54:23+00:00
23,136,11,"2015,2016,2017,2018,2019,2020,2021,2022,2023,2024,2025",False,v10,04fdc65,2026-08-05T00:54:23+00:00
28,72,11,"2015,2016,2017,2018,2019,2020,2021,2022,2023,2024,2025",False,v10,04fdc65,2026-08-05T00:54:23+00:00
9,235,11,"2015,2016,2017,2018,2019,2020,2021,2022,2023,2024,2025",False,v10,04fdc65,2026-08-05T00:54:23+00:00
28,60,11,"2015,2016,2017,2018,2019,2020,2021,2022,2023,2024,2025",False,v10,04fdc65,2026-08-05T00:54:23+00:00
19,11,11,"2015,2016,2017,2018,2019,2020,2021,2022,2023,2024,2025",False,v10,04fdc65,2026-08-05T00:54:23+00:00
13,12,11,"2015,2016,2017,2018,2019,2020,2021,2022,2023,2024,2025",False,v10,04fdc65,2026-08-05T00:54:23+00:00
24,148,11,"2015,2016,2017,2018,2019,2020,2021,2022,2023,2024,2025",False,v10,04fdc65,2026-08-05T00:54:23+00:00
32,154,11,"2015,2016,2017,2018,2019,2020,2021,2022,2023,2024,2025",False,v10,04fdc65,2026-08-05T00:54:23+00:00
11,10,11,"2015,2016,2017,2018,2019,2020,2021,2022,2023,2024,2025",False,v10,04fdc65,2026-08-05T00:54:23+00:00
27,134,11,"2015,2016,2017,2018,2019,2020,2021,2022,2023,2024,2025",False,v10,04fdc65,2026-08-05T00:54:23+00:00
14,72,11,"2015,2016,2017,2018,2019,2020,2021,2022,2023,2024,2025",False,v10,04fdc65,2026-08-05T00:54:23+00:00
29,169,11,"2015,2016,2017,2018,2019,2020,2021,2022,2023,2024,2025",False,v10,04fdc65,2026-08-05T00:54:23+00:00
93,76,11,"2015,2016,2017,2018,2019,2020,2021,2022,2023,2024,2025",False,v10,04fdc65,2026-08-05T00:54:23+00:00
70,75,11,"2015,2016,2017,2018,2019,2020,2021,2022,2023,2024,2025",False,v10,04fdc65,2026-08-05T00:54:23+00:00
14,60,11,"2015,2016,2017,2018,2019,2020,2021,2022,2023,2024,2025",False,v10,04fdc65,2026-08-05T00:54:23+00:00
28,150,11,"2015,2016,2017,2018,2019,2020,2021,2022,2023,2024,2025",False,v10,04fdc65,2026-08-05T00:54:23+00:00
34,156,11,"2015,2016,2017,2018,2019,2020,2021,2022,2023,2024,2025",False,v10,04fdc65,2026-08-05T00:54:23+00:00
20,138,11,"2015,2016,2017,2018,2019,2020,2021,2022,2023,2024,2025",False,v10,04fdc65,2026-08-05T00:54:23+00:00
29,170,11,"2015,2016,2017,2018,2019,2020,2021,2022,2023,2024,2025",False,v10,04fdc65,2026-08-05T00:54:23+00:00
16,234,11,"2015,2016,2017,2018,2019,2020,2021,2022,2023,2024,2025",False,v10,04fdc65,2026-08-05T00:54:23+00:00
10,63,11,"2015,2016,2017,2018,2019,2020,2021,2022,2023,2024,2025",False,v10,04fdc65,2026-08-05T00:54:23+00:00
8,16,11,"2015,2016,2017,2018,2019,2020,2021,2022,2023,2024,2025",False,v10,04fdc65,2026-08-05T00:54:23+00:00
24,152,11,"2015,2016,2017,2018,2019,2020,2021,2022,2023,2024,2025",False,v10,04fdc65,2026-08-05T00:54:23+00:00
21,219,11,"2015,2016,2017,2018,2019,2020,2021,2022,2023,2024,2025",False,v10,04fdc65,2026-08-05T00:54:23+00:00
8,228,11,"2015,2016,2017,2018,2019,2020,2021,2022,2023,2024,2025",False,v10,04fdc65,2026-08-05T00:54:23+00:00
7,175,11,"2015,2016,2017,2018,2019,2020,2021,2022,2023,2024,2025",False,v10,04fdc65,2026-08-05T00:54:23+00:00
18,62,11,"2015,2016,2017,2018,2019,2020,2021,2022,2023,2024,2025",False,v10,04fdc65,2026-08-05T00:54:23+00:00
27,53,11,"2015,2016,2017,2018,2019,2020,2021,2022,2023,2024,2025",False,v10,04fdc65,2026-08-05T00:54:23+00:00
31,193,11,"2015,2016,2017,2018,2019,2020,2021,2022,2023,2024,2025",False,v10,04fdc65,2026-08-05T00:54:23+00:00
9,38,11,"2015,2016,2017,2018,2019,2020,2021,2022,2023,2024,2025",False,v10,04fdc65,2026-08-05T00:54:23+00:00
26,139,11,"2015,2016,2017,2018,2019,2020,2021,2022,2023,2024,2025",False,v10,04fdc65,2026-08-05T00:54:23+00:00
17,131,11,"2015,2016,2017,2018,2019,2020,2021,2022,2023,2024,2025",False,v10,04fdc65,2026-08-05T00:54:23+00:00
25,81,11,"2015,2016,2017,2018,2019,2020,2021,2022,2023,2024,2025",False,v10,04fdc65,2026-08-05T00:54:23+00:00
26,137,11,"2015,2016,2017,2018,2019,2020,2021,2022,2023,2024,2025",False,v10,04fdc65,2026-08-05T00:54:23+00:00
19,82,11,"2015,2016,2017,2018,2019,2020,2021,2022,2023,2024,2025",False,v10,04fdc65,2026-08-05T00:54:23+00:00
67,75,11,"2015,2016,2017,2018,2019,2020,2021,2022,2023,2024,2025",False,v10,04fdc65,2026-08-05T00:54:23+00:00
20,227,11,"2015,2016,2017,2018,2019,2020,2021,2022,2023,2024,2025",False,v10,04fdc65,2026-08-05T00:54:23+00:00
31,145,11,"2015,2016,2017,2018,2019,2020,2021,2022,2023,2024,2025",False,v10,04fdc65,2026-08-05T00:54:23+00:00
86,238,11,"2015,2016,2017,2018,2019,2020,2021,2022,2023,2024,2025",False,v10,04fdc65,2026-08-05T00:54:23+00:00
10,57,11,"2015,2016,2017,2018,2019,2020,2021,2022,2023,2024,2025",False,v10,04fdc65,2026-08-05T00:54:23+00:00
26,40,11,"2015,2016,2017,2018,2019,2020,2021,2022,2023,2024,2025",False,v10,04fdc65,2026-08-05T00:54:23+00:00
32,41,11,"2015,2016,2017,2018,2019,2020,2021,2022,2023,2024,2025",False,v10,04fdc65,2026-08-05T00:54:23+00:00
32,155,11,"2015,2016,2017,2018,2019,2020,2021,2022,2023,2024,2025",False,v10,04fdc65,2026-08-05T00:54:23+00:00
13,9,11,"2015,2016,2017,2018,2019,2020,2021,2022,2023,2024,2025",False,v10,04fdc65,2026-08-05T00:54:23+00:00
73,77,11,"2015,2016,2017,2018,2019,2020,2021,2022,2023,2024,2025",False,v10,04fdc65,2026-08-05T00:54:23+00:00
18,216,11,"2015,2016,2017,2018,2019,2020,2021,2022,2023,2024,2025",False,v10,04fdc65,2026-08-05T00:54:23+00:00
33,170,11,"2015,2016,2017,2018,2019,2020,2021,2022,2023,2024,2025",False,v10,04fdc65,2026-08-05T00:54:23+00:00
6,215,11,"2015,2016,2017,2018,2019,2020,2021,2022,2023,2024,2025",False,v10,04fdc65,2026-08-05T00:54:23+00:00
23,134,11,"2015,2016,2017,2018,2019,2020,2021,2022,2023,2024,2025",False,v10,04fdc65,2026-08-05T00:54:23+00:00
21,84,11,"2015,2016,2017,2018,2019,2020,2021,2022,2023,2024,2025",False,v10,04fdc65,2026-08-05T00:54:23+00:00
8,227,11,"2015,2016,2017,2018,2019,2020,2021,2022,2023,2024,2025",False,v10,04fdc65,2026-08-05T00:54:23+00:00
34,193,11,"2015,2016,2017,2018,2019,2020,2021,2022,2023,2024,2025",False,v10,04fdc65,2026-08-05T00:54:23+00:00
85,239,11,"2015,2016,2017,2018,2019,2020,2021,2022,2023,2024,2025",False,v10,04fdc65,2026-08-05T00:54:23+00:00
8,160,11,"2015,2016,2017,2018,2019,2020,2021,2022,2023,2024,2025",False,v10,04fdc65,2026-08-05T00:54:23+00:00
9,234,11,"2015,2016,2017,2018,2019,2020,2021,2022,2023,2024,2025",False,v10,04fdc65,2026-08-05T00:54:23+00:00
13,67,11,"2015,2016,2017,2018,2019,2020,2021,2022,2023,2024,2025",False,v10,04fdc65,2026-08-05T00:54:23+00:00
7,176,11,"2015,2016,2017,2018,2019,2020,2021,2022,2023,2024,2025",False,v10,04fdc65,2026-08-05T00:54:23+00:00
9,231,11,"2015,2016,2017,2018,2019,2020,2021,2022,2023,2024,2025",False,v10,04fdc65,2026-08-05T00:54:23+00:00
9,242,11,"2015,2016,2017,2018,2019,2020,2021,2022,2023,2024,2025",False,v10,04fdc65,2026-08-05T00:54:23+00:00
21,67,11,"2015,2016,2017,2018,2019,2020,2021,2022,2023,2024,2025",False,v10,04fdc65,2026-08-05T00:54:23+00:00
3,193,11,"2015,2016,2017,2018,2019,2020,2021,2022,2023,2024,2025",False,v10,04fdc65,2026-08-05T00:54:23+00:00
12,148,11,"2015,2016,2017,2018,2019,2020,2021,2022,2023,2024,2025",False,v10,04fdc65,2026-08-05T00:54:23+00:00
9,36,11,"2015,2016,2017,2018,2019,2020,2021,2022,2023,2024,2025",False,v10,04fdc65,2026-08-05T00:54:23+00:00
87,237,11,"2015,2016,2017,2018,2019,2020,2021,2022,2023,2024,2025",False,v10,04fdc65,2026-08-05T00:54:23+00:00
28,219,11,"2015,2016,2017,2018,2019,2020,2021,2022,2023,2024,2025",False,v10,04fdc65,2026-08-05T00:54:23+00:00
75,76,11,"2015,2016,2017,2018,2019,2020,2021,2022,2023,2024,2025",False,v10,04fdc65,2026-08-05T00:54:23+00:00
36,175,11,"2015,2016,2017,2018,2019,2020,2021,2022,2023,2024,2025",False,v10,04fdc65,2026-08-05T00:54:23+00:00
30,45,11,"2015,2016,2017,2018,2019,2020,2021,2022,2023,2024,2025",False,v10,04fdc65,2026-08-05T00:54:23+00:00
9,27,11,"2015,2016,2017,2018,2019,2020,2021,2022,2023,2024,2025",False,v10,04fdc65,2026-08-05T00:54:23+00:00
9,165,11,"2015,2016,2017,2018,2019,2020,2021,2022,2023,2024,2025",False,v10,04fdc65,2026-08-05T00:54:23+00:00
25,85,11,"2015,2016,2017,2018,2019,2020,2021,2022,2023,2024,2025",False,v10,04fdc65,2026-08-05T00:54:23+00:00
23,37,11,"2015,2016,2017,2018,2019,2020,2021,2022,2023,2024,2025",False,v10,04fdc65,2026-08-05T00:54:23+00:00
24,78,11,"2015,2016,2017,2018,2019,2020,2021,2022,2023,2024,2025",False,v10,04fdc65,2026-08-05T00:54:23+00:00
28,135,11,"2015,2016,2017,2018,2019,2020,2021,2022,2023,2024,2025",False,v10,04fdc65,2026-08-05T00:54:23+00:00
29,154,11,"2015,2016,2017,2018,2019,2020,2021,2022,2023,2024,2025",False,v10,04fdc65,2026-08-05T00:54:23+00:00
90,168,11,"2015,2016,2017,2018,2019,2020,2021,2022,2023,2024,2025",False,v10,04fdc65,2026-08-05T00:54:23+00:00
7,171,11,"2015,2016,2017,2018,2019,2020,2021,2022,2023,2024,2025",False,v10,04fdc65,2026-08-05T00:54:23+00:00
19,215,11,"2015,2016,2017,2018,2019,2020,2021,2022,2023,2024,2025",False,v10,04fdc65,2026-08-05T00:54:23+00:00
25,137,11,"2015,2016,2017,2018,2019,2020,2021,2022,2023,2024,2025",False,v10,04fdc65,2026-08-05T00:54:23+00:00
10,68,11,"2015,2016,2017,2018,2019,2020,2021,2022,2023,2024,2025",False,v10,04fdc65,2026-08-05T00:54:23+00:00
32,216,11,"2015,2016,2017,2018,2019,2020,2021,2022,2023,2024,2025",False,v10,04fdc65,2026-08-05T00:54:23+00:00
20,8,11,"2015,2016,2017,2018,2019,2020,2021,2022,2023,2024,2025",False,v10,04fdc65,2026-08-05T00:54:23+00:00
19,10,11,"2015,2016,2017,2018,2019,2020,2021,2022,2023,2024,2025",False,v10,04fdc65,2026-08-05T00:54:23+00:00
17,132,11,"2015,2016,2017,2018,2019,2020,2021,2022,2023,2024,2025",False,v10,04fdc65,2026-08-05T00:54:23+00:00
16,237,11,"2015,2016,2017,2018,2019,2020,2021,2022,2023,2024,2025",False,v10,04fdc65,2026-08-05T00:54:23+00:00
9,60,11,"2015,2016,2017,2018,2019,2020,2021,2022,2023,2024,2025",False,v10,04fdc65,2026-08-05T00:54:23+00:00
14,73,11,"2015,2016,2017,2018,2019,2020,2021,2022,2023,2024,2025",False,v10,04fdc65,2026-08-05T00:54:23+00:00
28,122,11,"2015,2016,2017,2018,2019,2020,2021,2022,2023,2024,2025",False,v10,04fdc65,2026-08-05T00:54:23+00:00
7,220,11,"2015,2016,2017,2018,2019,2020,2021,2022,2023,2024,2025",False,v10,04fdc65,2026-08-05T00:54:23+00:00
72,77,11,"2015,2016,2017,2018,2019,2020,2021,2022,2023,2024,2025",False,v10,04fdc65,2026-08-05T00:54:23+00:00
4,190,11,"2015,2016,2017,2018,2019,2020,2021,2022,2023,2024,2025",False,v10,04fdc65,2026-08-05T00:54:23+00:00
22,84,11,"2015,2016,2017,2018,2019,2020,2021,2022,2023,2024,2025",False,v10,04fdc65,2026-08-05T00:54:23+00:00
9,237,11,"2015,2016,2017,2018,2019,2020,2021,2022,2023,2024,2025",False,v10,04fdc65,2026-08-05T00:54:23+00:00
27,42,11,"2015,2016,2017,2018,2019,2020,2021,2022,2023,2024,2025",False,v10,04fdc65,2026-08-05T00:54:23+00:00
9,144,11,"2015,2016,2017,2018,2019,2020,2021,2022,2023,2024,2025",False,v10,04fdc65,2026-08-05T00:54:23+00:00
29,144,11,"2015,2016,2017,2018,2019,2020,2021,2022,2023,2024,2025",False,v10,04fdc65,2026-08-05T00:54:23+00:00
86,72,11,"2015,2016,2017,2018,2019,2020,2021,2022,2023,2024,2025",False,v10,04fdc65,2026-08-05T00:54:23+00:00
14,66,11,"2015,2016,2017,2018,2019,2020,2021,2022,2023,2024,2025",False,v10,04fdc65,2026-08-05T00:54:23+00:00
27,172,11,"2015,2016,2017,2018,2019,2020,2021,2022,2023,2024,2025",False,v10,04fdc65,2026-08-05T00:54:23+00:00
18,118,11,"2015,2016,2017,2018,2019,2020,2021,2022,2023,2024,2025",False,v10,04fdc65,2026-08-05T00:54:23+00:00
28,136,11,"2015,2016,2017,2018,2019,2020,2021,2022,2023,2024,2025",False,v10,04fdc65,2026-08-05T00:54:23+00:00
31,196,11,"2015,2016,2017,2018,2019,2020,2021,2022,2023,2024,2025",False,v10,04fdc65,2026-08-05T00:54:23+00:00
7,173,11,"2015,2016,2017,2018,2019,2020,2021,2022,2023,2024,2025",False,v10,04fdc65,2026-08-05T00:54:23+00:00
18,68,11,"2015,2016,2017,2018,2019,2020,2021,2022,2023,2024,2025",False,v10,04fdc65,2026-08-05T00:54:23+00:00
5,182,11,"2015,2016,2017,2018,2019,2020,2021,2022,2023,2024,2025",False,v10,04fdc65,2026-08-05T00:54:23+00:00
6,219,11,"2015,2016,2017,2018,2019,2020,2021,2022,2023,2024,2025",False,v10,04fdc65,2026-08-05T00:54:23+00:00
70,77,11,"2015,2016,2017,2018,2019,2020,2021,2022,2023,2024,2025",False,v10,04fdc65,2026-08-05T00:54:23+00:00
31,175,11,"2015,2016,2017,2018,2019,2020,2021,2022,2023,2024,2025",False,v10,04fdc65,2026-08-05T00:54:23+00:00
17,12,11,"2015,2016,2017,2018,2019,2020,2021,2022,2023,2024,2025",False,v10,04fdc65,2026-08-05T00:54:23+00:00
27,152,11,"2015,2016,2017,2018,2019,2020,2021,2022,2023,2024,2025",False,v10,04fdc65,2026-08-05T00:54:23+00:00
25,40,11,"2015,2016,2017,2018,2019,2020,2021,2022,2023,2024,2025",False,v10,04fdc65,2026-08-05T00:54:23+00:00
16,230,11,"2015,2016,2017,2018,2019,2020,2021,2022,2023,2024,2025",False,v10,04fdc65,2026-08-05T00:54:23+00:00
13,128,11,"2015,2016,2017,2018,2019,2020,2021,2022,2023,2024,2025",False,v10,04fdc65,2026-08-05T00:54:23+00:00
23,138,11,"2015,2016,2017,2018,2019,2020,2021,2022,2023,2024,2025",False,v10,04fdc65,2026-08-05T00:54:23+00:00
26,222,11,"2015,2016,2017,2018,2019,2020,2021,2022,2023,2024,2025",False,v10,04fdc65,2026-08-05T00:54:23+00:00
28,123,11,"2015,2016,2017,2018,2019,2020,2021,2022,2023,2024,2025",False,v10,04fdc65,2026-08-05T00:54:23+00:00
13,112,11,"2015,2016,2017,2018,2019,2020,2021,2022,2023,2024,2025",False,v10,04fdc65,2026-08-05T00:54:23+00:00
24,86,11,"2015,2016,2017,2018,2019,2020,2021,2022,2023,2024,2025",False,v10,04fdc65,2026-08-05T00:54:23+00:00
24,38,11,"2015,2016,2017,2018,2019,2020,2021,2022,2023,2024,2025",False,v10,04fdc65,2026-08-05T00:54:23+00:00
21,139,11,"2015,2016,2017,2018,2019,2020,2021,2022,2023,2024,2025",False,v10,04fdc65,2026-08-05T00:54:23+00:00
7,174,11,"2015,2016,2017,2018,2019,2020,2021,2022,2023,2024,2025",False,v10,04fdc65,2026-08-05T00:54:23+00:00
28,137,11,"2015,2016,2017,2018,2019,2020,2021,2022,2023,2024,2025",False,v10,04fdc65,2026-08-05T00:54:23+00:00
24,150,11,"2015,2016,2017,2018,2019,2020,2021,2022,2023,2024,2025",False,v10,04fdc65,2026-08-05T00:54:23+00:00
5,220,11,"2015,2016,2017,2018,2019,2020,2021,2022,2023,2024,2025",False,v10,04fdc65,2026-08-05T00:54:23+00:00
31,146,11,"2015,2016,2017,2018,2019,2020,2021,2022,2023,2024,2025",False,v10,04fdc65,2026-08-05T00:54:23+00:00
2,140,11,"2015,2016,2017,2018,2019,2020,2021,2022,2023,2024,2025",False,v10,04fdc65,2026-08-05T00:54:23+00:00
8,210,11,"2015,2016,2017,2018,2019,2020,2021,2022,2023,2024,2025",False,v10,04fdc65,2026-08-05T00:54:23+00:00
9,160,11,"2015,2016,2017,2018,2019,2020,2021,2022,2023,2024,2025",False,v10,04fdc65,2026-08-05T00:54:23+00:00
17,28,11,"2015,2016,2017,2018,2019,2020,2021,2022,2023,2024,2025",False,v10,04fdc65,2026-08-05T00:54:23+00:00
10,54,11,"2015,2016,2017,2018,2019,2020,2021,2022,2023,2024,2025",False,v10,04fdc65,2026-08-05T00:54:23+00:00
22,227,11,"2015,2016,2017,2018,2019,2020,2021,2022,2023,2024,2025",False,v10,04fdc65,2026-08-05T00:54:23+00:00
38,180,11,"2015,2016,2017,2018,2019,2020,2021,2022,2023,2024,2025",False,v10,04fdc65,2026-08-05T00:54:23+00:00
18,18,11,"2015,2016,2017,2018,2019,2020,2021,2022,2023,2024,2025",False,v10,04fdc65,2026-08-05T00:54:23+00:00
14,64,11,"2015,2016,2017,2018,2019,2020,2021,2022,2023,2024,2025",False,v10,04fdc65,2026-08-05T00:54:23+00:00
68,76,11,"2015,2016,2017,2018,2019,2020,2021,2022,2023,2024,2025",False,v10,04fdc65,2026-08-05T00:54:23+00:00
13,6,11,"2015,2016,2017,2018,2019,2020,2021,2022,2023,2024,2025",False,v10,04fdc65,2026-08-05T00:54:23+00:00
13,5,11,"2015,2016,2017,2018,2019,2020,2021,2022,2023,2024,2025",False,v10,04fdc65,2026-08-05T00:54:23+00:00
18,227,11,"2015,2016,2017,2018,2019,2020,2021,2022,2023,2024,2025",False,v10,04fdc65,2026-08-05T00:54:23+00:00
19,66,11,"2015,2016,2017,2018,2019,2020,2021,2022,2023,2024,2025",False,v10,04fdc65,2026-08-05T00:54:23+00:00
31,199,11,"2015,2016,2017,2018,2019,2020,2021,2022,2023,2024,2025",False,v10,04fdc65,2026-08-05T00:54:23+00:00
5,222,11,"2015,2016,2017,2018,2019,2020,2021,2022,2023,2024,2025",False,v10,04fdc65,2026-08-05T00:54:23+00:00
31,161,11,"2015,2016,2017,2018,2019,2020,2021,2022,2023,2024,2025",False,v10,04fdc65,2026-08-05T00:54:23+00:00
9,30,11,"2015,2016,2017,2018,2019,2020,2021,2022,2023,2024,2025",False,v10,04fdc65,2026-08-05T00:54:23+00:00
38,188,11,"2015,2016,2017,2018,2019,2020,2021,2022,2023,2024,2025",False,v10,04fdc65,2026-08-05T00:54:23+00:00
22,35,11,"2015,2016,2017,2018,2019,2020,2021,2022,2023,2024,2025",False,v10,04fdc65,2026-08-05T00:54:23+00:00
5,221,11,"2015,2016,2017,2018,2019,2020,2021,2022,2023,2024,2025",False,v10,04fdc65,2026-08-05T00:54:23+00:00
30,41,11,"2015,2016,2017,2018,2019,2020,2021,2022,2023,2024,2025",False,v10,04fdc65,2026-08-05T00:54:23+00:00
25,132,11,"2015,2016,2017,2018,2019,2020,2021,2022,2023,2024,2025",False,v10,04fdc65,2026-08-05T00:54:23+00:00
87,235,11,"2015,2016,2017,2018,2019,2020,2021,2022,2023,2024,2025",False,v10,04fdc65,2026-08-05T00:54:23+00:00
8,229,11,"2015,2016,2017,2018,2019,2020,2021,2022,2023,2024,2025",False,v10,04fdc65,2026-08-05T00:54:23+00:00
25,157,11,"2015,2016,2017,2018,2019,2020,2021,2022,2023,2024,2025",False,v10,04fdc65,2026-08-05T00:54:23+00:00
28,51,11,"2015,2016,2017,2018,2019,2020,2021,2022,2023,2024,2025",False,v10,04fdc65,2026-08-05T00:54:23+00:00
27,168,11,"2015,2016,2017,2018,2019,2020,2021,2022,2023,2024,2025",False,v10,04fdc65,2026-08-05T00:54:23+00:00
13,106,11,"2015,2016,2017,2018,2019,2020,2021,2022,2023,2024,2025",False,v10,04fdc65,2026-08-05T00:54:23+00:00
17,228,11,"2015,2016,2017,2018,2019,2020,2021,2022,2023,2024,2025",False,v10,04fdc65,2026-08-05T00:54:23+00:00
8,139,11,"2015,2016,2017,2018,2019,2020,2021,2022,2023,2024,2025",False,v10,04fdc65,2026-08-05T00:54:23+00:00
31,208,11,"2015,2016,2017,2018,2019,2020,2021,2022,2023,2024,2025",False,v10,04fdc65,2026-08-05T00:54:23+00:00
25,219,11,"2015,2016,2017,2018,2019,2020,2021,2022,2023,2024,2025",False,v10,04fdc65,2026-08-05T00:54:23+00:00
9,31,11,"2015,2016,2017,2018,2019,2020,2021,2022,2023,2024,2025",False,v10,04fdc65,2026-08-05T00:54:23+00:00
29,39,11,"2015,2016,2017,2018,2019,2020,2021,2022,2023,2024,2025",False,v10,04fdc65,2026-08-05T00:54:23+00:00
94,77,11,"2015,2016,2017,2018,2019,2020,2021,2022,2023,2024,2025",False,v10,04fdc65,2026-08-05T00:54:23+00:00
82,74,11,"2015,2016,2017,2018,2019,2020,2021,2022,2023,2024,2025",False,v10,04fdc65,2026-08-05T00:54:23+00:00
27,52,11,"2015,2016,2017,2018,2019,2020,2021,2022,2023,2024,2025",False,v10,04fdc65,2026-08-05T00:54:23+00:00
34,169,11,"2015,2016,2017,2018,2019,2020,2021,2022,2023,2024,2025",False,v10,04fdc65,2026-08-05T00:54:23+00:00
31,155,11,"2015,2016,2017,2018,2019,2020,2021,2022,2023,2024,2025",False,v10,04fdc65,2026-08-05T00:54:23+00:00
37,177,11,"2015,2016,2017,2018,2019,2020,2021,2022,2023,2024,2025",False,v10,04fdc65,2026-08-05T00:54:23+00:00
26,127,11,"2015,2016,2017,2018,2019,2020,2021,2022,2023,2024,2025",False,v10,04fdc65,2026-08-05T00:54:23+00:00
9,40,11,"2015,2016,2017,2018,2019,2020,2021,2022,2023,2024,2025",False,v10,04fdc65,2026-08-05T00:54:23+00:00
8,140,11,"2015,2016,2017,2018,2019,2020,2021,2022,2023,2024,2025",False,v10,04fdc65,2026-08-05T00:54:23+00:00
20,9,11,"2015,2016,2017,2018,2019,2020,2021,2022,2023,2024,2025",False,v10,04fdc65,2026-08-05T00:54:23+00:00
20,33,11,"2015,2016,2017,2018,2019,2020,2021,2022,2023,2024,2025",False,v10,04fdc65,2026-08-05T00:54:23+00:00
10,131,11,"2015,2016,2017,2018,2019,2020,2021,2022,2023,2024,2025",False,v10,04fdc65,2026-08-05T00:54:23+00:00
28,38,11,"2015,2016,2017,2018,2019,2020,2021,2022,2023,2024,2025",False,v10,04fdc65,2026-08-05T00:54:23+00:00
93,97,11,"2015,2016,2017,2018,2019,2020,2021,2022,2023,2024,2025",False,v10,04fdc65,2026-08-05T00:54:23+00:00
24,128,11,"2015,2016,2017,2018,2019,2020,2021,2022,2023,2024,2025",False,v10,04fdc65,2026-08-05T00:54:23+00:00
32,158,11,"2015,2016,2017,2018,2019,2020,2021,2022,2023,2024,2025",False,v10,04fdc65,2026-08-05T00:54:23+00:00
5,199,11,"2015,2016,2017,2018,2019,2020,2021,2022,2023,2024,2025",False,v10,04fdc65,2026-08-05T00:54:23+00:00
27,133,11,"2015,2016,2017,2018,2019,2020,2021,2022,2023,2024,2025",False,v10,04fdc65,2026-08-05T00:54:23+00:00
24,149,11,"2015,2016,2017,2018,2019,2020,2021,2022,2023,2024,2025",False,v10,04fdc65,2026-08-05T00:54:23+00:00
17,59,11,"2015,2016,2017,2018,2019,2020,2021,2022,2023,2024,2025",False,v10,04fdc65,2026-08-05T00:54:23+00:00
31,40,11,"2015,2016,2017,2018,2019,2020,2021,2022,2023,2024,2025",False,v10,04fdc65,2026-08-05T00:54:23+00:00
30,51,11,"2015,2016,2017,2018,2019,2020,2021,2022,2023,2024,2025",False,v10,04fdc65,2026-08-05T00:54:23+00:00
13,3,11,"2015,2016,2017,2018,2019,2020,2021,2022,2023,2024,2025",False,v10,04fdc65,2026-08-05T00:54:23+00:00
32,195,11,"2015,2016,2017,2018,2019,2020,2021,2022,2023,2024,2025",False,v10,04fdc65,2026-08-05T00:54:23+00:00
31,147,11,"2015,2016,2017,2018,2019,2020,2021,2022,2023,2024,2025",False,v10,04fdc65,2026-08-05T00:54:23+00:00
27,153,11,"2015,2016,2017,2018,2019,2020,2021,2022,2023,2024,2025",False,v10,04fdc65,2026-08-05T00:54:23+00:00
81,73,11,"2015,2016,2017,2018,2019,2020,2021,2022,2023,2024,2025",False,v10,04fdc65,2026-08-05T00:54:23+00:00
22,142,11,"2015,2016,2017,2018,2019,2020,2021,2022,2023,2024,2025",False,v10,04fdc65,2026-08-05T00:54:23+00:00
62,69,11,"2015,2016,2017,2018,2019,2020,2021,2022,2023,2024,2025",False,v10,04fdc65,2026-08-05T00:54:23+00:00
16,235,11,"2015,2016,2017,2018,2019,2020,2021,2022,2023,2024,2025",False,v10,04fdc65,2026-08-05T00:54:23+00:00
2,130,11,"2015,2016,2017,2018,2019,2020,2021,2022,2023,2024,2025",False,v10,04fdc65,2026-08-05T00:54:23+00:00
14,7,11,"2015,2016,2017,2018,2019,2020,2021,2022,2023,2024,2025",False,v10,04fdc65,2026-08-05T00:54:23+00:00
83,74,11,"2015,2016,2017,2018,2019,2020,2021,2022,2023,2024,2025",False,v10,04fdc65,2026-08-05T00:54:23+00:00
14,68,11,"2015,2016,2017,2018,2019,2020,2021,2022,2023,2024,2025",False,v10,04fdc65,2026-08-05T00:54:23+00:00
9,107,11,"2015,2016,2017,2018,2019,2020,2021,2022,2023,2024,2025",False,v10,04fdc65,2026-08-05T00:54:23+00:00
25,84,11,"2015,2016,2017,2018,2019,2020,2021,2022,2023,2024,2025",False,v10,04fdc65,2026-08-05T00:54:23+00:00
9,155,11,"2015,2016,2017,2018,2019,2020,2021,2022,2023,2024,2025",False,v10,04fdc65,2026-08-05T00:54:23+00:00
9,159,11,"2015,2016,2017,2018,2019,2020,2021,2022,2023,2024,2025",False,v10,04fdc65,2026-08-05T00:54:23+00:00
12,105,11,"2015,2016,2017,2018,2019,2020,2021,2022,2023,2024,2025",False,v10,04fdc65,2026-08-05T00:54:23+00:00
7,216,11,"2015,2016,2017,2018,2019,2020,2021,2022,2023,2024,2025",False,v10,04fdc65,2026-08-05T00:54:23+00:00
14,67,11,"2015,2016,2017,2018,2019,2020,2021,2022,2023,2024,2025",False,v10,04fdc65,2026-08-05T00:54:23+00:00
29,143,11,"2015,2016,2017,2018,2019,2020,2021,2022,2023,2024,2025",False,v10,04fdc65,2026-08-05T00:54:23+00:00
31,150,11,"2015,2016,2017,2018,2019,2020,2021,2022,2023,2024,2025",False,v10,04fdc65,2026-08-05T00:54:23+00:00
30,200,11,"2015,2016,2017,2018,2019,2020,2021,2022,2023,2024,2025",False,v10,04fdc65,2026-08-05T00:54:23+00:00
14,6,11,"2015,2016,2017,2018,2019,2020,2021,2022,2023,2024,2025",False,v10,04fdc65,2026-08-05T00:54:23+00:00
29,136,11,"2015,2016,2017,2018,2019,2020,2021,2022,2023,2024,2025",False,v10,04fdc65,2026-08-05T00:54:23+00:00
8,141,11,"2015,2016,2017,2018,2019,2020,2021,2022,2023,2024,2025",False,v10,04fdc65,2026-08-05T00:54:23+00:00
17,233,11,"2015,2016,2017,2018,2019,2020,2021,2022,2023,2024,2025",False,v10,04fdc65,2026-08-05T00:54:23+00:00
8,226,11,"2015,2016,2017,2018,2019,2020,2021,2022,2023,2024,2025",False,v10,04fdc65,2026-08-05T00:54:23+00:00
2,132,11,"2015,2016,2017,2018,2019,2020,2021,2022,2023,2024,2025",False,v10,04fdc65,2026-08-05T00:54:23+00:00
34,195,11,"2015,2016,2017,2018,2019,2020,2021,2022,2023,2024,2025",False,v10,04fdc65,2026-08-05T00:54:23+00:00
22,133,11,"2015,2016,2017,2018,2019,2020,2021,2022,2023,2024,2025",False,v10,04fdc65,2026-08-05T00:54:23+00:00
33,154,11,"2015,2016,2017,2018,2019,2020,2021,2022,2023,2024,2025",False,v10,04fdc65,2026-08-05T00:54:23+00:00
32,152,11,"2015,2016,2017,2018,2019,2020,2021,2022,2023,2024,2025",False,v10,04fdc65,2026-08-05T00:54:23+00:00
30,181,11,"2015,2016,2017,2018,2019,2020,2021,2022,2023,2024,2025",False,v10,04fdc65,2026-08-05T00:54:23+00:00
7,172,11,"2015,2016,2017,2018,2019,2020,2021,2022,2023,2024,2025",False,v10,04fdc65,2026-08-05T00:54:23+00:00
68,75,11,"2015,2016,2017,2018,2019,2020,2021,2022,2023,2024,2025",False,v10,04fdc65,2026-08-05T00:54:23+00:00
16,136,11,"2015,2016,2017,2018,2019,2020,2021,2022,2023,2024,2025",False,v10,04fdc65,2026-08-05T00:54:23+00:00
5,214,11,"2015,2016,2017,2018,2019,2020,2021,2022,2023,2024,2025",False,v10,04fdc65,2026-08-05T00:54:23+00:00
86,74,11,"2015,2016,2017,2018,2019,2020,2021,2022,2023,2024,2025",False,v10,04fdc65,2026-08-05T00:54:23+00:00
31,143,11,"2015,2016,2017,2018,2019,2020,2021,2022,2023,2024,2025",False,v10,04fdc65,2026-08-05T00:54:23+00:00
16,227,11,"2015,2016,2017,2018,2019,2020,2021,2022,2023,2024,2025",False,v10,04fdc65,2026-08-05T00:54:23+00:00
38,190,11,"2015,2016,2017,2018,2019,2020,2021,2022,2023,2024,2025",False,v10,04fdc65,2026-08-05T00:54:23+00:00
92,71,11,"2015,2016,2017,2018,2019,2020,2021,2022,2023,2024,2025",False,v10,04fdc65,2026-08-05T00:54:23+00:00
27,126,11,"2015,2016,2017,2018,2019,2020,2021,2022,2023,2024,2025",False,v10,04fdc65,2026-08-05T00:54:23+00:00
2,131,11,"2015,2016,2017,2018,2019,2020,2021,2022,2023,2024,2025",False,v10,04fdc65,2026-08-05T00:54:23+00:00
29,146,11,"2015,2016,2017,2018,2019,2020,2021,2022,2023,2024,2025",False,v10,04fdc65,2026-08-05T00:54:23+00:00
16,125,11,"2015,2016,2017,2018,2019,2020,2021,2022,2023,2024,2025",False,v10,04fdc65,2026-08-05T00:54:23+00:00
15,77,11,"2015,2016,2017,2018,2019,2020,2021,2022,2023,2024,2025",False,v10,04fdc65,2026-08-05T00:54:23+00:00
33,164,11,"2015,2016,2017,2018,2019,2020,2021,2022,2023,2024,2025",False,v10,04fdc65,2026-08-05T00:54:23+00:00
64,69,11,"2015,2016,2017,2018,2019,2020,2021,2022,2023,2024,2025",False,v10,04fdc65,2026-08-05T00:54:23+00:00
10,69,11,"2015,2016,2017,2018,2019,2020,2021,2022,2023,2024,2025",False,v10,04fdc65,2026-08-05T00:54:23+00:00
30,154,11,"2015,2016,2017,2018,2019,2020,2021,2022,2023,2024,2025",False,v10,04fdc65,2026-08-05T00:54:23+00:00
34,172,11,"2015,2016,2017,2018,2019,2020,2021,2022,2023,2024,2025",False,v10,04fdc65,2026-08-05T00:54:23+00:00
14,9,11,"2015,2016,2017,2018,2019,2020,2021,2022,2023,2024,2025",False,v10,04fdc65,2026-08-05T00:54:23+00:00
15,229,11,"2015,2016,2017,2018,2019,2020,2021,2022,2023,2024,2025",False,v10,04fdc65,2026-08-05T00:54:23+00:00
28,56,11,"2015,2016,2017,2018,2019,2020,2021,2022,2023,2024,2025",False,v10,04fdc65,2026-08-05T00:54:23+00:00
11,151,11,"2015,2016,2017,2018,2019,2020,2021,2022,2023,2024,2025",False,v10,04fdc65,2026-08-05T00:54:23+00:00
85,75,11,"2015,2016,2017,2018,2019,2020,2021,2022,2023,2024,2025",False,v10,04fdc65,2026-08-05T00:54:23+00:00
29,45,11,"2015,2016,2017,2018,2019,2020,2021,2022,2023,2024,2025",False,v10,04fdc65,2026-08-05T00:54:23+00:00
85,238,11,"2015,2016,2017,2018,2019,2020,2021,2022,2023,2024,2025",False,v10,04fdc65,2026-08-05T00:54:23+00:00
10,154,11,"2015,2016,2017,2018,2019,2020,2021,2022,2023,2024,2025",False,v10,04fdc65,2026-08-05T00:54:23+00:00
8,17,11,"2015,2016,2017,2018,2019,2020,2021,2022,2023,2024,2025",False,v10,04fdc65,2026-08-05T00:54:23+00:00
23,131,11,"2015,2016,2017,2018,2019,2020,2021,2022,2023,2024,2025",False,v10,04fdc65,2026-08-05T00:54:23+00:00
29,145,11,"2015,2016,2017,2018,2019,2020,2021,2022,2023,2024,2025",False,v10,04fdc65,2026-08-05T00:54:23+00:00
32,198,11,"2015,2016,2017,2018,2019,2020,2021,2022,2023,2024,2025",False,v10,04fdc65,2026-08-05T00:54:23+00:00
70,76,11,"2015,2016,2017,2018,2019,2020,2021,2022,2023,2024,2025",False,v10,04fdc65,2026-08-05T00:54:23+00:00
27,137,11,"2015,2016,2017,2018,2019,2020,2021,2022,2023,2024,2025",False,v10,04fdc65,2026-08-05T00:54:23+00:00
88,71,11,"2015,2016,2017,2018,2019,2020,2021,2022,2023,2024,2025",False,v10,04fdc65,2026-08-05T00:54:23+00:00
26,221,11,"2015,2016,2017,2018,2019,2020,2021,2022,2023,2024,2025",False,v10,04fdc65,2026-08-05T00:54:23+00:00
22,132,11,"2015,2016,2017,2018,2019,2020,2021,2022,2023,2024,2025",False,v10,04fdc65,2026-08-05T00:54:23+00:00
28,61,11,"2015,2016,2017,2018,2019,2020,2021,2022,2023,2024,2025",False,v10,04fdc65,2026-08-05T00:54:23+00:00
32,165,11,"2015,2016,2017,2018,2019,2020,2021,2022,2023,2024,2025",False,v10,04fdc65,2026-08-05T00:54:23+00:00
16,8,11,"2015,2016,2017,2018,2019,2020,2021,2022,2023,2024,2025",False,v10,04fdc65,2026-08-05T00:54:23+00:00
75,74,11,"2015,2016,2017,2018,2019,2020,2021,2022,2023,2024,2025",False,v10,04fdc65,2026-08-05T00:54:23+00:00
31,217,11,"2015,2016,2017,2018,2019,2020,2021,2022,2023,2024,2025",False,v10,04fdc65,2026-08-05T00:54:23+00:00
24,137,11,"2015,2016,2017,2018,2019,2020,2021,2022,2023,2024,2025",False,v10,04fdc65,2026-08-05T00:54:23+00:00
8,225,11,"2015,2016,2017,2018,2019,2020,2021,2022,2023,2024,2025",False,v10,04fdc65,2026-08-05T00:54:23+00:00
28,131,11,"2015,2016,2017,2018,2019,2020,2021,2022,2023,2024,2025",False,v10,04fdc65,2026-08-05T00:54:23+00:00
16,75,11,"2015,2016,2017,2018,2019,2020,2021,2022,2023,2024,2025",False,v10,04fdc65,2026-08-05T00:54:23+00:00
21,2,11,"2015,2016,2017,2018,2019,2020,2021,2022,2023,2024,2025",False,v10,04fdc65,2026-08-05T00:54:23+00:00
21,239,11,"2015,2016,2017,2018,2019,2020,2021,2022,2023,2024,2025",False,v10,04fdc65,2026-08-05T00:54:23+00:00
74,77,11,"2015,2016,2017,2018,2019,2020,2021,2022,2023,2024,2025",False,v10,04fdc65,2026-08-05T00:54:23+00:00
1,186,11,"2015,2016,2017,2018,2019,2020,2021,2022,2023,2024,2025",False,v10,04fdc65,2026-08-05T00:54:23+00:00
17,13,11,"2015,2016,2017,2018,2019,2020,2021,2022,2023,2024,2025",False,v10,04fdc65,2026-08-05T00:54:23+00:00
30,218,11,"2015,2016,2017,2018,2019,2020,2021,2022,2023,2024,2025",False,v10,04fdc65,2026-08-05T00:54:23+00:00
7,221,11,"2015,2016,2017,2018,2019,2020,2021,2022,2023,2024,2025",False,v10,04fdc65,2026-08-05T00:54:23+00:00
7,168,11,"2015,2016,2017,2018,2019,2020,2021,2022,2023,2024,2025",False,v10,04fdc65,2026-08-05T00:54:23+00:00
19,234,11,"2015,2016,2017,2018,2019,2020,2021,2022,2023,2024,2025",False,v10,04fdc65,2026-08-05T00:54:23+00:00
32,197,11,"2015,2016,2017,2018,2019,2020,2021,2022,2023,2024,2025",False,v10,04fdc65,2026-08-05T00:54:23+00:00
11,150,11,"2015,2016,2017,2018,2019,2020,2021,2022,2023,2024,2025",False,v10,04fdc65,2026-08-05T00:54:23+00:00
10,2,11,"2015,2016,2017,2018,2019,2020,2021,2022,2023,2024,2025",False,v10,04fdc65,2026-08-05T00:54:23+00:00
10,53,11,"2015,2016,2017,2018,2019,2020,2021,2022,2023,2024,2025",False,v10,04fdc65,2026-08-05T00:54:23+00:00
90,74,11,"2015,2016,2017,2018,2019,2020,2021,2022,2023,2024,2025",False,v10,04fdc65,2026-08-05T00:54:23+00:00
3,185,11,"2015,2016,2017,2018,2019,2020,2021,2022,2023,2024,2025",False,v10,04fdc65,2026-08-05T00:54:23+00:00
4,189,11,"2015,2016,2017,2018,2019,2020,2021,2022,2023,2024,2025",False,v10,04fdc65,2026-08-05T00:54:23+00:00
20,84,11,"2015,2016,2017,2018,2019,2020,2021,2022,2023,2024,2025",False,v10,04fdc65,2026-08-05T00:54:23+00:00
29,41,11,"2015,2016,2017,2018,2019,2020,2021,2022,2023,2024,2025",False,v10,04fdc65,2026-08-05T00:54:23+00:00
16,22,11,"2015,2016,2017,2018,2019,2020,2021,2022,2023,2024,2025",False,v10,04fdc65,2026-08-05T00:54:23+00:00
25,86,11,"2015,2016,2017,2018,2019,2020,2021,2022,2023,2024,2025",False,v10,04fdc65,2026-08-05T00:54:23+00:00
29,38,11,"2015,2016,2017,2018,2019,2020,2021,2022,2023,2024,2025",False,v10,04fdc65,2026-08-05T00:54:23+00:00
26,159,11,"2015,2016,2017,2018,2019,2020,2021,2022,2023,2024,2025",False,v10,04fdc65,2026-08-05T00:54:23+00:00
19,31,11,"2015,2016,2017,2018,2019,2020,2021,2022,2023,2024,2025",False,v10,04fdc65,2026-08-05T00:54:23+00:00
29,184,11,"2015,2016,2017,2018,2019,2020,2021,2022,2023,2024,2025",False,v10,04fdc65,2026-08-05T00:54:23+00:00
8,138,11,"2015,2016,2017,2018,2019,2020,2021,2022,2023,2024,2025",False,v10,04fdc65,2026-08-05T00:54:23+00:00
94,73,11,"2015,2016,2017,2018,2019,2020,2021,2022,2023,2024,2025",False,v10,04fdc65,2026-08-05T00:54:23+00:00
6,221,11,"2015,2016,2017,2018,2019,2020,2021,2022,2023,2024,2025",False,v10,04fdc65,2026-08-05T00:54:23+00:00
35,196,11,"2015,2016,2017,2018,2019,2020,2021,2022,2023,2024,2025",False,v10,04fdc65,2026-08-05T00:54:23+00:00
86,236,11,"2015,2016,2017,2018,2019,2020,2021,2022,2023,2024,2025",False,v10,04fdc65,2026-08-05T00:54:23+00:00
63,70,11,"2015,2016,2017,2018,2019,2020,2021,2022,2023,2024,2025",False,v10,04fdc65,2026-08-05T00:54:23+00:00
17,218,11,"2015,2016,2017,2018,2019,2020,2021,2022,2023,2024,2025",False,v10,04fdc65,2026-08-05T00:54:23+00:00
1,183,11,"2015,2016,2017,2018,2019,2020,2021,2022,2023,2024,2025",False,v10,04fdc65,2026-08-05T00:54:23+00:00
16,23,11,"2015,2016,2017,2018,2019,2020,2021,2022,2023,2024,2025",False,v10,04fdc65,2026-08-05T00:54:23+00:00
23,133,11,"2015,2016,2017,2018,2019,2020,2021,2022,2023,2024,2025",False,v10,04fdc65,2026-08-05T00:54:23+00:00
32,214,11,"2015,2016,2017,2018,2019,2020,2021,2022,2023,2024,2025",False,v10,04fdc65,2026-08-05T00:54:23+00:00
31,44,11,"2015,2016,2017,2018,2019,2020,2021,2022,2023,2024,2025",False,v10,04fdc65,2026-08-05T00:54:23+00:00
15,78,11,"2015,2016,2017,2018,2019,2020,2021,2022,2023,2024,2025",False,v10,04fdc65,2026-08-05T00:54:23+00:00
4,187,11,"2015,2016,2017,2018,2019,2020,2021,2022,2023,2024,2025",False,v10,04fdc65,2026-08-05T00:54:23+00:00
9,61,11,"2015,2016,2017,2018,2019,2020,2021,2022,2023,2024,2025",False,v10,04fdc65,2026-08-05T00:54:23+00:00
21,3,11,"2015,2016,2017,2018,2019,2020,2021,2022,2023,2024,2025",False,v10,04fdc65,2026-08-05T00:54:23+00:00
22,141,11,"2015,2016,2017,2018,2019,2020,2021,2022,2023,2024,2025",False,v10,04fdc65,2026-08-05T00:54:23+00:00
69,74,11,"2015,2016,2017,2018,2019,2020,2021,2022,2023,2024,2025",False,v10,04fdc65,2026-08-05T00:54:23+00:00
36,157,11,"2015,2016,2017,2018,2019,2020,2021,2022,2023,2024,2025",False,v10,04fdc65,2026-08-05T00:54:23+00:00
24,81,11,"2015,2016,2017,2018,2019,2020,2021,2022,2023,2024,2025",False,v10,04fdc65,2026-08-05T00:54:23+00:00
9,161,11,"2015,2016,2017,2018,2019,2020,2021,2022,2023,2024,2025",False,v10,04fdc65,2026-08-05T00:54:23+00:00
94,97,11,"2015,2016,2017,2018,2019,2020,2021,2022,2023,2024,2025",False,v10,04fdc65,2026-08-05T00:54:23+00:00
15,67,11,"2015,2016,2017,2018,2019,2020,2021,2022,2023,2024,2025",False,v10,04fdc65,2026-08-05T00:54:23+00:00
68,73,11,"2015,2016,2017,2018,2019,2020,2021,2022,2023,2024,2025",False,v10,04fdc65,2026-08-05T00:54:23+00:00
25,223,11,"2015,2016,2017,2018,2019,2020,2021,2022,2023,2024,2025",False,v10,04fdc65,2026-08-05T00:54:23+00:00
17,68,11,"2015,2016,2017,2018,2019,2020,2021,2022,2023,2024,2025",False,v10,04fdc65,2026-08-05T00:54:23+00:00
27,169,11,"2015,2016,2017,2018,2019,2020,2021,2022,2023,2024,2025",False,v10,04fdc65,2026-08-05T00:54:23+00:00
77,75,11,"2015,2016,2017,2018,2019,2020,2021,2022,2023,2024,2025",False,v10,04fdc65,2026-08-05T00:54:23+00:00
93,96,11,"2015,2016,2017,2018,2019,2020,2021,2022,2023,2024,2025",False,v10,04fdc65,2026-08-05T00:54:23+00:00
8,18,11,"2015,2016,2017,2018,2019,2020,2021,2022,2023,2024,2025",False,v10,04fdc65,2026-08-05T00:54:23+00:00
27,122,11,"2015,2016,2017,2018,2019,2020,2021,2022,2023,2024,2025",False,v10,04fdc65,2026-08-05T00:54:23+00:00
21,1,11,"2015,2016,2017,2018,2019,2020,2021,2022,2023,2024,2025",False,v10,04fdc65,2026-08-05T00:54:23+00:00
26,219,11,"2015,2016,2017,2018,2019,2020,2021,2022,2023,2024,2025",False,v10,04fdc65,2026-08-05T00:54:23+00:00
72,75,11,"2015,2016,2017,2018,2019,2020,2021,2022,2023,2024,2025",False,v10,04fdc65,2026-08-05T00:54:23+00:00
2,129,11,"2015,2016,2017,2018,2019,2020,2021,2022,2023,2024,2025",False,v10,04fdc65,2026-08-05T00:54:23+00:00
79,75,11,"2015,2016,2017,2018,2019,2020,2021,2022,2023,2024,2025",False,v10,04fdc65,2026-08-05T00:54:23+00:00
20,219,11,"2015,2016,2017,2018,2019,2020,2021,2022,2023,2024,2025",False,v10,04fdc65,2026-08-05T00:54:23+00:00
6,224,11,"2015,2016,2017,2018,2019,2020,2021,2022,2023,2024,2025",False,v10,04fdc65,2026-08-05T00:54:23+00:00
33,153,11,"2015,2016,2017,2018,2019,2020,2021,2022,2023,2024,2025",False,v10,04fdc65,2026-08-05T00:54:23+00:00
20,7,11,"2015,2016,2017,2018,2019,2020,2021,2022,2023,2024,2025",False,v10,04fdc65,2026-08-05T00:54:23+00:00
22,130,11,"2015,2016,2017,2018,2019,2020,2021,2022,2023,2024,2025",False,v10,04fdc65,2026-08-05T00:54:23+00:00
12,146,11,"2015,2016,2017,2018,2019,2020,2021,2022,2023,2024,2025",False,v10,04fdc65,2026-08-05T00:54:23+00:00
31,47,11,"2015,2016,2017,2018,2019,2020,2021,2022,2023,2024,2025",False,v10,04fdc65,2026-08-05T00:54:23+00:00
26,125,11,"2015,2016,2017,2018,2019,2020,2021,2022,2023,2024,2025",False,v10,04fdc65,2026-08-05T00:54:23+00:00
21,34,11,"2015,2016,2017,2018,2019,2020,2021,2022,2023,2024,2025",False,v10,04fdc65,2026-08-05T00:54:23+00:00
25,138,11,"2015,2016,2017,2018,2019,2020,2021,2022,2023,2024,2025",False,v10,04fdc65,2026-08-05T00:54:23+00:00
34,194,11,"2015,2016,2017,2018,2019,2020,2021,2022,2023,2024,2025",False,v10,04fdc65,2026-08-05T00:54:23+00:00
10,151,11,"2015,2016,2017,2018,2019,2020,2021,2022,2023,2024,2025",False,v10,04fdc65,2026-08-05T00:54:23+00:00
10,149,11,"2015,2016,2017,2018,2019,2020,2021,2022,2023,2024,2025",False,v10,04fdc65,2026-08-05T00:54:23+00:00
15,240,11,"2015,2016,2017,2018,2019,2020,2021,2022,2023,2024,2025",False,v10,04fdc65,2026-08-05T00:54:23+00:00
14,125,11,"2015,2016,2017,2018,2019,2020,2021,2022,2023,2024,2025",False,v10,04fdc65,2026-08-05T00:54:23+00:00
31,162,11,"2015,2016,2017,2018,2019,2020,2021,2022,2023,2024,2025",False,v10,04fdc65,2026-08-05T00:54:23+00:00
26,133,11,"2015,2016,2017,2018,2019,2020,2021,2022,2023,2024,2025",False,v10,04fdc65,2026-08-05T00:54:23+00:00
25,140,11,"2015,2016,2017,2018,2019,2020,2021,2022,2023,2024,2025",False,v10,04fdc65,2026-08-05T00:54:23+00:00
24,135,11,"2015,2016,2017,2018,2019,2020,2021,2022,2023,2024,2025",False,v10,04fdc65,2026-08-05T00:54:23+00:00
37,192,11,"2015,2016,2017,2018,2019,2020,2021,2022,2023,2024,2025",False,v10,04fdc65,2026-08-05T00:54:23+00:00
5,177,11,"2015,2016,2017,2018,2019,2020,2021,2022,2023,2024,2025",False,v10,04fdc65,2026-08-05T00:54:23+00:00
27,121,11,"2015,2016,2017,2018,2019,2020,2021,2022,2023,2024,2025",False,v10,04fdc65,2026-08-05T00:54:23+00:00
78,75,11,"2015,2016,2017,2018,2019,2020,2021,2022,2023,2024,2025",False,v10,04fdc65,2026-08-05T00:54:23+00:00
69,76,11,"2015,2016,2017,2018,2019,2020,2021,2022,2023,2024,2025",False,v10,04fdc65,2026-08-05T00:54:23+00:00
29,68,11,"2015,2016,2017,2018,2019,2020,2021,2022,2023,2024,2025",False,v10,04fdc65,2026-08-05T00:54:23+00:00
20,137,11,"2015,2016,2017,2018,2019,2020,2021,2022,2023,2024,2025",False,v10,04fdc65,2026-08-05T00:54:23+00:00
9,133,11,"2015,2016,2017,2018,2019,2020,2021,2022,2023,2024,2025",False,v10,04fdc65,2026-08-05T00:54:23+00:00
31,51,11,"2015,2016,2017,2018,2019,2020,2021,2022,2023,2024,2025",False,v10,04fdc65,2026-08-05T00:54:23+00:00
27,136,11,"2015,2016,2017,2018,2019,2020,2021,2022,2023,2024,2025",False,v10,04fdc65,2026-08-05T00:54:23+00:00
18,132,11,"2015,2016,2017,2018,2019,2020,2021,2022,2023,2024,2025",False,v10,04fdc65,2026-08-05T00:54:23+00:00
76,76,11,"2015,2016,2017,2018,2019,2020,2021,2022,2023,2024,2025",False,v10,04fdc65,2026-08-05T00:54:23+00:00
33,155,11,"2015,2016,2017,2018,2019,2020,2021,2022,2023,2024,2025",False,v10,04fdc65,2026-08-05T00:54:23+00:00
26,215,11,"2015,2016,2017,2018,2019,2020,2021,2022,2023,2024,2025",False,v10,04fdc65,2026-08-05T00:54:23+00:00
20,10,11,"2015,2016,2017,2018,2019,2020,2021,2022,2023,2024,2025",False,v10,04fdc65,2026-08-05T00:54:23+00:00
17,118,11,"2015,2016,2017,2018,2019,2020,2021,2022,2023,2024,2025",False,v10,04fdc65,2026-08-05T00:54:23+00:00
2,176,11,"2015,2016,2017,2018,2019,2020,2021,2022,2023,2024,2025",False,v10,04fdc65,2026-08-05T00:54:23+00:00
2,175,11,"2015,2016,2017,2018,2019,2020,2021,2022,2023,2024,2025",False,v10,04fdc65,2026-08-05T00:54:23+00:00
6,179,11,"2015,2016,2017,2018,2019,2020,2021,2022,2023,2024,2025",False,v10,04fdc65,2026-08-05T00:54:23+00:00
19,14,11,"2015,2016,2017,2018,2019,2020,2021,2022,2023,2024,2025",False,v10,04fdc65,2026-08-05T00:54:23+00:00
32,48,11,"2015,2016,2017,2018,2019,2020,2021,2022,2023,2024,2025",False,v10,04fdc65,2026-08-05T00:54:23+00:00
2,183,11,"2015,2016,2017,2018,2019,2020,2021,2022,2023,2024,2025",False,v10,04fdc65,2026-08-05T00:54:23+00:00
32,159,11,"2015,2016,2017,2018,2019,2020,2021,2022,2023,2024,2025",False,v10,04fdc65,2026-08-05T00:54:23+00:00
35,157,11,"2015,2016,2017,2018,2019,2020,2021,2022,2023,2024,2025",False,v10,04fdc65,2026-08-05T00:54:23+00:00
27,170,11,"2015,2016,2017,2018,2019,2020,2021,2022,2023,2024,2025",False,v10,04fdc65,2026-08-05T00:54:23+00:00
85,72,11,"2015,2016,2017,2018,2019,2020,2021,2022,2023,2024,2025",False,v10,04fdc65,2026-08-05T00:54:23+00:00
92,74,11,"2015,2016,2017,2018,2019,2020,2021,2022,2023,2024,2025",False,v10,04fdc65,2026-08-05T00:54:23+00:00
29,69,11,"2015,2016,2017,2018,2019,2020,2021,2022,2023,2024,2025",False,v10,04fdc65,2026-08-05T00:54:23+00:00
1,187,11,"2015,2016,2017,2018,2019,2020,2021,2022,2023,2024,2025",False,v10,04fdc65,2026-08-05T00:54:23+00:00
75,77,11,"2015,2016,2017,2018,2019,2020,2021,2022,2023,2024,2025",False,v10,04fdc65,2026-08-05T00:54:23+00:00
38,187,11,"2015,2016,2017,2018,2019,2020,2021,2022,2023,2024,2025",False,v10,04fdc65,2026-08-05T00:54:23+00:00
7,222,11,"2015,2016,2017,2018,2019,2020,2021,2022,2023,2024,2025",False,v10,04fdc65,2026-08-05T00:54:23+00:00
38,191,11,"2015,2016,2017,2018,2019,2020,2021,2022,2023,2024,2025",False,v10,04fdc65,2026-08-05T00:54:23+00:00
29,218,11,"2015,2016,2017,2018,2019,2020,2021,2022,2023,2024,2025",False,v10,04fdc65,2026-08-05T00:54:23+00:00
71,77,11,"2015,2016,2017,2018,2019,2020,2021,2022,2023,2024,2025",False,v10,04fdc65,2026-08-05T00:54:23+00:00
31,42,11,"2015,2016,2017,2018,2019,2020,2021,2022,2023,2024,2025",False,v10,04fdc65,2026-08-05T00:54:23+00:00
26,132,11,"2015,2016,2017,2018,2019,2020,2021,2022,2023,2024,2025",False,v10,04fdc65,2026-08-05T00:54:23+00:00
27,127,11,"2015,2016,2017,2018,2019,2020,2021,2022,2023,2024,2025",False,v10,04fdc65,2026-08-05T00:54:23+00:00
3,174,11,"2015,2016,2017,2018,2019,2020,2021,2022,2023,2024,2025",False,v10,04fdc65,2026-08-05T00:54:23+00:00
69,77,11,"2015,2016,2017,2018,2019,2020,2021,2022,2023,2024,2025",False,v10,04fdc65,2026-08-05T00:54:23+00:00
23,80,11,"2015,2016,2017,2018,2019,2020,2021,2022,2023,2024,2025",False,v10,04fdc65,2026-08-05T00:54:23+00:00
6,214,11,"2015,2016,2017,2018,2019,2020,2021,2022,2023,2024,2025",False,v10,04fdc65,2026-08-05T00:54:23+00:00
32,162,11,"2015,2016,2017,2018,2019,2020,2021,2022,2023,2024,2025",False,v10,04fdc65,2026-08-05T00:54:23+00:00
5,133,11,"2015,2016,2017,2018,2019,2020,2021,2022,2023,2024,2025",False,v10,04fdc65,2026-08-05T00:54:23+00:00
22,131,11,"2015,2016,2017,2018,2019,2020,2021,2022,2023,2024,2025",False,v10,04fdc65,2026-08-05T00:54:23+00:00
27,171,11,"2015,2016,2017,2018,2019,2020,2021,2022,2023,2024,2025",False,v10,04fdc65,2026-08-05T00:54:23+00:00
11,6,11,"2015,2016,2017,2018,2019,2020,2021,2022,2023,2024,2025",False,v10,04fdc65,2026-08-05T00:54:23+00:00
11,111,11,"2015,2016,2017,2018,2019,2020,2021,2022,2023,2024,2025",False,v10,04fdc65,2026-08-05T00:54:23+00:00
17,80,11,"2015,2016,2017,2018,2019,2020,2021,2022,2023,2024,2025",False,v10,04fdc65,2026-08-05T00:54:23+00:00
15,68,11,"2015,2016,2017,2018,2019,2020,2021,2022,2023,2024,2025",False,v10,04fdc65,2026-08-05T00:54:23+00:00
64,71,11,"2015,2016,2017,2018,2019,2020,2021,2022,2023,2024,2025",False,v10,04fdc65,2026-08-05T00:54:23+00:00
28,73,11,"2015,2016,2017,2018,2019,2020,2021,2022,2023,2024,2025",False,v10,04fdc65,2026-08-05T00:54:23+00:00
8,36,11,"2015,2016,2017,2018,2019,2020,2021,2022,2023,2024,2025",False,v10,04fdc65,2026-08-05T00:54:23+00:00
9,243,11,"2015,2016,2017,2018,2019,2020,2021,2022,2023,2024,2025",False,v10,04fdc65,2026-08-05T00:54:23+00:00
29,135,11,"2015,2016,2017,2018,2019,2020,2021,2022,2023,2024,2025",False,v10,04fdc65,2026-08-05T00:54:23+00:00
4,195,11,"2015,2016,2017,2018,2019,2020,2021,2022,2023,2024,2025",False,v10,04fdc65,2026-08-05T00:54:23+00:00
18,131,11,"2015,2016,2017,2018,2019,2020,2021,2022,2023,2024,2025",False,v10,04fdc65,2026-08-05T00:54:23+00:00
14,117,11,"2015,2016,2017,2018,2019,2020,2021,2022,2023,2024,2025",False,v10,04fdc65,2026-08-05T00:54:23+00:00
28,216,11,"2015,2016,2017,2018,2019,2020,2021,2022,2023,2024,2025",False,v10,04fdc65,2026-08-05T00:54:23+00:00
11,130,11,"2015,2016,2017,2018,2019,2020,2021,2022,2023,2024,2025",False,v10,04fdc65,2026-08-05T00:54:23+00:00
21,4,11,"2015,2016,2017,2018,2019,2020,2021,2022,2023,2024,2025",False,v10,04fdc65,2026-08-05T00:54:23+00:00
18,67,11,"2015,2016,2017,2018,2019,2020,2021,2022,2023,2024,2025",False,v10,04fdc65,2026-08-05T00:54:23+00:00
65,72,11,"2015,2016,2017,2018,2019,2020,2021,2022,2023,2024,2025",False,v10,04fdc65,2026-08-05T00:54:23+00:00
23,130,11,"2015,2016,2017,2018,2019,2020,2021,2022,2023,2024,2025",False,v10,04fdc65,2026-08-05T00:54:23+00:00
88,74,11,"2015,2016,2017,2018,2019,2020,2021,2022,2023,2024,2025",False,v10,04fdc65,2026-08-05T00:54:23+00:00
29,176,11,"2015,2016,2017,2018,2019,2020,2021,2022,2023,2024,2025",False,v10,04fdc65,2026-08-05T00:54:23+00:00
35,117,11,"2015,2016,2017,2018,2019,2020,2021,2022,2023,2024,2025",False,v10,04fdc65,2026-08-05T00:54:23+00:00
31,43,11,"2015,2016,2017,2018,2019,2020,2021,2022,2023,2024,2025",False,v10,04fdc65,2026-08-05T00:54:23+00:00
39,189,11,"2015,2016,2017,2018,2019,2020,2021,2022,2023,2024,2025",False,v10,04fdc65,2026-08-05T00:54:23+00:00
66,75,11,"2015,2016,2017,2018,2019,2020,2021,2022,2023,2024,2025",False,v10,04fdc65,2026-08-05T00:54:23+00:00
8,59,11,"2015,2016,2017,2018,2019,2020,2021,2022,2023,2024,2025",False,v10,04fdc65,2026-08-05T00:54:23+00:00
27,118,11,"2015,2016,2017,2018,2019,2020,2021,2022,2023,2024,2025",False,v10,04fdc65,2026-08-05T00:54:23+00:00
29,181,11,"2015,2016,2017,2018,2019,2020,2021,2022,2023,2024,2025",False,v10,04fdc65,2026-08-05T00:54:23+00:00
68,77,11,"2015,2016,2017,2018,2019,2020,2021,2022,2023,2024,2025",False,v10,04fdc65,2026-08-05T00:54:23+00:00
33,195,11,"2015,2016,2017,2018,2019,2020,2021,2022,2023,2024,2025",False,v10,04fdc65,2026-08-05T00:54:23+00:00
32,199,11,"2015,2016,2017,2018,2019,2020,2021,2022,2023,2024,2025",False,v10,04fdc65,2026-08-05T00:54:23+00:00
23,144,11,"2015,2016,2017,2018,2019,2020,2021,2022,2023,2024,2025",False,v10,04fdc65,2026-08-05T00:54:23+00:00
88,235,11,"2015,2016,2017,2018,2019,2020,2021,2022,2023,2024,2025",False,v10,04fdc65,2026-08-05T00:54:23+00:00
57,68,11,"2015,2016,2017,2018,2019,2020,2021,2022,2023,2024,2025",False,v10,04fdc65,2026-08-05T00:54:23+00:00
21,6,11,"2015,2016,2017,2018,2019,2020,2021,2022,2023,2024,2025",False,v10,04fdc65,2026-08-05T00:54:23+00:00
17,137,11,"2015,2016,2017,2018,2019,2020,2021,2022,2023,2024,2025",False,v10,04fdc65,2026-08-05T00:54:23+00:00
28,145,11,"2015,2016,2017,2018,2019,2020,2021,2022,2023,2024,2025",False,v10,04fdc65,2026-08-05T00:54:23+00:00
58,68,11,"2015,2016,2017,2018,2019,2020,2021,2022,2023,2024,2025",False,v10,04fdc65,2026-08-05T00:54:23+00:00
16,135,11,"2015,2016,2017,2018,2019,2020,2021,2022,2023,2024,2025",False,v10,04fdc65,2026-08-05T00:54:23+00:00
11,106,11,"2015,2016,2017,2018,2019,2020,2021,2022,2023,2024,2025",False,v10,04fdc65,2026-08-05T00:54:23+00:00
65,73,11,"2015,2016,2017,2018,2019,2020,2021,2022,2023,2024,2025",False,v10,04fdc65,2026-08-05T00:54:23+00:00
4,182,11,"2015,2016,2017,2018,2019,2020,2021,2022,2023,2024,2025",False,v10,04fdc65,2026-08-05T00:54:23+00:00
32,142,11,"2015,2016,2017,2018,2019,2020,2021,2022,2023,2024,2025",False,v10,04fdc65,2026-08-05T00:54:23+00:00
3,194,11,"2015,2016,2017,2018,2019,2020,2021,2022,2023,2024,2025",False,v10,04fdc65,2026-08-05T00:54:23+00:00
17,224,11,"2015,2016,2017,2018,2019,2020,2021,2022,2023,2024,2025",False,v10,04fdc65,2026-08-05T00:54:23+00:00
6,206,11,"2015,2016,2017,2018,2019,2020,2021,2022,2023,2024,2025",False,v10,04fdc65,2026-08-05T00:54:23+00:00
24,147,11,"2015,2016,2017,2018,2019,2020,2021,2022,2023,2024,2025",False,v10,04fdc65,2026-08-05T00:54:23+00:00
12,129,11,"2015,2016,2017,2018,2019,2020,2021,2022,2023,2024,2025",False,v10,04fdc65,2026-08-05T00:54:23+00:00
15,134,11,"2015,2016,2017,2018,2019,2020,2021,2022,2023,2024,2025",False,v10,04fdc65,2026-08-05T00:54:23+00:00
80,75,11,"2015,2016,2017,2018,2019,2020,2021,2022,2023,2024,2025",False,v10,04fdc65,2026-08-05T00:54:23+00:00
27,38,11,"2015,2016,2017,2018,2019,2020,2021,2022,2023,2024,2025",False,v10,04fdc65,2026-08-05T00:54:23+00:00
33,47,11,"2015,2016,2017,2018,2019,2020,2021,2022,2023,2024,2025",False,v10,04fdc65,2026-08-05T00:54:23+00:00
35,195,11,"2015,2016,2017,2018,2019,2020,2021,2022,2023,2024,2025",False,v10,04fdc65,2026-08-05T00:54:23+00:00
8,53,11,"2015,2016,2017,2018,2019,2020,2021,2022,2023,2024,2025",False,v10,04fdc65,2026-08-05T00:54:23+00:00
29,155,11,"2015,2016,2017,2018,2019,2020,2021,2022,2023,2024,2025",False,v10,04fdc65,2026-08-05T00:54:23+00:00
23,227,11,"2015,2016,2017,2018,2019,2020,2021,2022,2023,2024,2025",False,v10,04fdc65,2026-08-05T00:54:23+00:00
17,128,11,"2015,2016,2017,2018,2019,2020,2021,2022,2023,2024,2025",False,v10,04fdc65,2026-08-05T00:54:23+00:00
20,67,11,"2015,2016,2017,2018,2019,2020,2021,2022,2023,2024,2025",False,v10,04fdc65,2026-08-05T00:54:23+00:00
4,196,11,"2015,2016,2017,2018,2019,2020,2021,2022,2023,2024,2025",False,v10,04fdc65,2026-08-05T00:54:23+00:00
17,225,11,"2015,2016,2017,2018,2019,2020,2021,2022,2023,2024,2025",False,v10,04fdc65,2026-08-05T00:54:23+00:00
34,47,11,"2015,2016,2017,2018,2019,2020,2021,2022,2023,2024,2025",False,v10,04fdc65,2026-08-05T00:54:23+00:00
32,46,11,"2015,2016,2017,2018,2019,2020,2021,2022,2023,2024,2025",False,v10,04fdc65,2026-08-05T00:54:23+00:00
32,161,11,"2015,2016,2017,2018,2019,2020,2021,2022,2023,2024,2025",False,v10,04fdc65,2026-08-05T00:54:23+00:00
27,138,11,"2015,2016,2017,2018,2019,2020,2021,2022,2023,2024,2025",False,v10,04fdc65,2026-08-05T00:54:23+00:00
31,148,11,"2015,2016,2017,2018,2019,2020,2021,2022,2023,2024,2025",False,v10,04fdc65,2026-08-05T00:54:23+00:00
24,217,11,"2015,2016,2017,2018,2019,2020,2021,2022,2023,2024,2025",False,v10,04fdc65,2026-08-05T00:54:23+00:00
19,235,11,"2015,2016,2017,2018,2019,2020,2021,2022,2023,2024,2025",False,v10,04fdc65,2026-08-05T00:54:23+00:00
27,221,11,"2015,2016,2017,2018,2019,2020,2021,2022,2023,2024,2025",False,v10,04fdc65,2026-08-05T00:54:23+00:00
23,226,11,"2015,2016,2017,2018,2019,2020,2021,2022,2023,2024,2025",False,v10,04fdc65,2026-08-05T00:54:23+00:00
6,178,11,"2015,2016,2017,2018,2019,2020,2021,2022,2023,2024,2025",False,v10,04fdc65,2026-08-05T00:54:23+00:00
5,223,11,"2015,2016,2017,2018,2019,2020,2021,2022,2023,2024,2025",False,v10,04fdc65,2026-08-05T00:54:23+00:00
31,142,11,"2015,2016,2017,2018,2019,2020,2021,2022,2023,2024,2025",False,v10,04fdc65,2026-08-05T00:54:23+00:00
31,178,11,"2015,2016,2017,2018,2019,2020,2021,2022,2023,2024,2025",False,v10,04fdc65,2026-08-05T00:54:23+00:00
18,136,11,"2015,2016,2017,2018,2019,2020,2021,2022,2023,2024,2025",False,v10,04fdc65,2026-08-05T00:54:23+00:00
29,182,11,"2015,2016,2017,2018,2019,2020,2021,2022,2023,2024,2025",False,v10,04fdc65,2026-08-05T00:54:23+00:00
38,185,11,"2015,2016,2017,2018,2019,2020,2021,2022,2023,2024,2025",False,v10,04fdc65,2026-08-05T00:54:23+00:00
34,164,11,"2015,2016,2017,2018,2019,2020,2021,2022,2023,2024,2025",False,v10,04fdc65,2026-08-05T00:54:23+00:00
15,75,11,"2015,2016,2017,2018,2019,2020,2021,2022,2023,2024,2025",False,v10,04fdc65,2026-08-05T00:54:23+00:00
31,215,11,"2015,2016,2017,2018,2019,2020,2021,2022,2023,2024,2025",False,v10,04fdc65,2026-08-05T00:54:23+00:00
33,196,11,"2015,2016,2017,2018,2019,2020,2021,2022,2023,2024,2025",False,v10,04fdc65,2026-08-05T00:54:23+00:00
26,124,11,"2015,2016,2017,2018,2019,2020,2021,2022,2023,2024,2025",False,v10,04fdc65,2026-08-05T00:54:23+00:00
30,103,11,"2015,2016,2017,2018,2019,2020,2021,2022,2023,2024,2025",False,v10,04fdc65,2026-08-05T00:54:23+00:00
28,121,11,"2015,2016,2017,2018,2019,2020,2021,2022,2023,2024,2025",False,v10,04fdc65,2026-08-05T00:54:23+00:00
33,215,11,"2015,2016,2017,2018,2019,2020,2021,2022,2023,2024,2025",False,v10,04fdc65,2026-08-05T00:54:23+00:00
4,197,11,"2015,2016,2017,2018,2019,2020,2021,2022,2023,2024,2025",False,v10,04fdc65,2026-08-05T00:54:23+00:00
35,173,11,"2015,2016,2017,2018,2019,2020,2021,2022,2023,2024,2025",False,v10,04fdc65,2026-08-05T00:54:23+00:00
20,32,11,"2015,2016,2017,2018,2019,2020,2021,2022,2023,2024,2025",False,v10,04fdc65,2026-08-05T00:54:23+00:00
8,14,11,"2015,2016,2017,2018,2019,2020,2021,2022,2023,2024,2025",False,v10,04fdc65,2026-08-05T00:54:23+00:00
16,79,11,"2015,2016,2017,2018,2019,2020,2021,2022,2023,2024,2025",False,v10,04fdc65,2026-08-05T00:54:23+00:00
81,75,11,"2015,2016,2017,2018,2019,2020,2021,2022,2023,2024,2025",False,v10,04fdc65,2026-08-05T00:54:23+00:00
28,144,11,"2015,2016,2017,2018,2019,2020,2021,2022,2023,2024,2025",False,v10,04fdc65,2026-08-05T00:54:23+00:00
30,68,11,"2015,2016,2017,2018,2019,2020,2021,2022,2023,2024,2025",False,v10,04fdc65,2026-08-05T00:54:23+00:00
33,48,11,"2015,2016,2017,2018,2019,2020,2021,2022,2023,2024,2025",False,v10,04fdc65,2026-08-05T00:54:23+00:00
31,160,11,"2015,2016,2017,2018,2019,2020,2021,2022,2023,2024,2025",False,v10,04fdc65,2026-08-05T00:54:23+00:00
57,69,11,"2015,2016,2017,2018,2019,2020,2021,2022,2023,2024,2025",False,v10,04fdc65,2026-08-05T00:54:23+00:00
35,118,11,"2015,2016,2017,2018,2019,2020,2021,2022,2023,2024,2025",False,v10,04fdc65,2026-08-05T00:54:23+00:00
21,7,11,"2015,2016,2017,2018,2019,2020,2021,2022,2023,2024,2025",False,v10,04fdc65,2026-08-05T00:54:23+00:00
30,136,11,"2015,2016,2017,2018,2019,2020,2021,2022,2023,2024,2025",False,v10,04fdc65,2026-08-05T00:54:23+00:00
31,167,11,"2015,2016,2017,2018,2019,2020,2021,2022,2023,2024,2025",False,v10,04fdc65,2026-08-05T00:54:23+00:00
94,78,11,"2015,2016,2017,2018,2019,2020,2021,2022,2023,2024,2025",False,v10,04fdc65,2026-08-05T00:54:23+00:00
30,206,11,"2015,2016,2017,2018,2019,2020,2021,2022,2023,2024,2025",False,v10,04fdc65,2026-08-05T00:54:23+00:00
13,105,11,"2015,2016,2017,2018,2019,2020,2021,2022,2023,2024,2025",False,v10,04fdc65,2026-08-05T00:54:23+00:00
29,137,11,"2015,2016,2017,2018,2019,2020,2021,2022,2023,2024,2025",False,v10,04fdc65,2026-08-05T00:54:23+00:00
10,130,11,"2015,2016,2017,2018,2019,2020,2021,2022,2023,2024,2025",False,v10,04fdc65,2026-08-05T00:54:23+00:00
16,67,11,"2015,2016,2017,2018,2019,2020,2021,2022,2023,2024,2025",False,v10,04fdc65,2026-08-05T00:54:23+00:00
26,140,11,"2015,2016,2017,2018,2019,2020,2021,2022,2023,2024,2025",False,v10,04fdc65,2026-08-05T00:54:23+00:00
21,243,11,"2015,2016,2017,2018,2019,2020,2021,2022,2023,2024,2025",False,v10,04fdc65,2026-08-05T00:54:23+00:00
30,67,11,"2015,2016,2017,2018,2019,2020,2021,2022,2023,2024,2025",False,v10,04fdc65,2026-08-05T00:54:23+00:00
32,45,11,"2015,2016,2017,2018,2019,2020,2021,2022,2023,2024,2025",False,v10,04fdc65,2026-08-05T00:54:23+00:00
28,55,11,"2015,2016,2017,2018,2019,2020,2021,2022,2023,2024,2025",False,v10,04fdc65,2026-08-05T00:54:23+00:00
29,183,11,"2015,2016,2017,2018,2019,2020,2021,2022,2023,2024,2025",False,v10,04fdc65,2026-08-05T00:54:23+00:00
1,185,11,"2015,2016,2017,2018,2019,2020,2021,2022,2023,2024,2025",False,v10,04fdc65,2026-08-05T00:54:23+00:00
21,242,11,"2015,2016,2017,2018,2019,2020,2021,2022,2023,2024,2025",False,v10,04fdc65,2026-08-05T00:54:23+00:00
4,186,11,"2015,2016,2017,2018,2019,2020,2021,2022,2023,2024,2025",False,v10,04fdc65,2026-08-05T00:54:23+00:00
25,225,11,"2015,2016,2017,2018,2019,2020,2021,2022,2023,2024,2025",False,v10,04fdc65,2026-08-05T00:54:23+00:00
27,117,11,"2015,2016,2017,2018,2019,2020,2021,2022,2023,2024,2025",False,v10,04fdc65,2026-08-05T00:54:23+00:00
38,192,11,"2015,2016,2017,2018,2019,2020,2021,2022,2023,2024,2025",False,v10,04fdc65,2026-08-05T00:54:23+00:00
20,231,11,"2015,2016,2017,2018,2019,2020,2021,2022,2023,2024,2025",False,v10,04fdc65,2026-08-05T00:54:23+00:00
18,16,11,"2015,2016,2017,2018,2019,2020,2021,2022,2023,2024,2025",False,v10,04fdc65,2026-08-05T00:54:23+00:00
19,67,11,"2015,2016,2017,2018,2019,2020,2021,2022,2023,2024,2025",False,v10,04fdc65,2026-08-05T00:54:23+00:00
17,130,11,"2015,2016,2017,2018,2019,2020,2021,2022,2023,2024,2025",False,v10,04fdc65,2026-08-05T00:54:23+00:00
32,144,11,"2015,2016,2017,2018,2019,2020,2021,2022,2023,2024,2025",False,v10,04fdc65,2026-08-05T00:54:23+00:00
3,184,11,"2015,2016,2017,2018,2019,2020,2021,2022,2023,2024,2025",False,v10,04fdc65,2026-08-05T00:54:23+00:00
26,134,11,"2015,2016,2017,2018,2019,2020,2021,2022,2023,2024,2025",False,v10,04fdc65,2026-08-05T00:54:23+00:00
26,145,11,"2015,2016,2017,2018,2019,2020,2021,2022,2023,2024,2025",False,v10,04fdc65,2026-08-05T00:54:23+00:00
28,62,11,"2015,2016,2017,2018,2019,2020,2021,2022,2023,2024,2025",False,v10,04fdc65,2026-08-05T00:54:23+00:00
21,5,11,"2015,2016,2017,2018,2019,2020,2021,2022,2023,2024,2025",False,v10,04fdc65,2026-08-05T00:54:23+00:00
21,32,11,"2015,2016,2017,2018,2019,2020,2021,2022,2023,2024,2025",False,v10,04fdc65,2026-08-05T00:54:23+00:00
26,223,11,"2015,2016,2017,2018,2019,2020,2021,2022,2023,2024,2025",False,v10,04fdc65,2026-08-05T00:54:23+00:00
24,127,11,"2015,2016,2017,2018,2019,2020,2021,2022,2023,2024,2025",False,v10,04fdc65,2026-08-05T00:54:23+00:00
4,188,11,"2015,2016,2017,2018,2019,2020,2021,2022,2023,2024,2025",False,v10,04fdc65,2026-08-05T00:54:23+00:00
24,134,11,"2015,2016,2017,2018,2019,2020,2021,2022,2023,2024,2025",False,v10,04fdc65,2026-08-05T00:54:23+00:00
30,143,11,"2015,2016,2017,2018,2019,2020,2021,2022,2023,2024,2025",False,v10,04fdc65,2026-08-05T00:54:23+00:00
6,134,11,"2015,2016,2017,2018,2019,2020,2021,2022,2023,2024,2025",False,v10,04fdc65,2026-08-05T00:54:23+00:00
10,105,11,"2015,2016,2017,2018,2019,2020,2021,2022,2023,2024,2025",False,v10,04fdc65,2026-08-05T00:54:23+00:00
14,5,11,"2015,2016,2017,2018,2019,2020,2021,2022,2023,2024,2025",False,v10,04fdc65,2026-08-05T00:54:23+00:00
34,48,11,"2015,2016,2017,2018,2019,2020,2021,2022,2023,2024,2025",False,v10,04fdc65,2026-08-05T00:54:23+00:00
30,216,11,"2015,2016,2017,2018,2019,2020,2021,2022,2023,2024,2025",False,v10,04fdc65,2026-08-05T00:54:23+00:00
34,154,11,"2015,2016,2017,2018,2019,2020,2021,2022,2023,2024,2025",False,v10,04fdc65,2026-08-05T00:54:23+00:00
26,217,11,"2015,2016,2017,2018,2019,2020,2021,2022,2023,2024,2025",False,v10,04fdc65,2026-08-05T00:54:23+00:00
89,75,11,"2015,2016,2017,2018,2019,2020,2021,2022,2023,2024,2025",False,v10,04fdc65,2026-08-05T00:54:23+00:00
35,116,11,"2015,2016,2017,2018,2019,2020,2021,2022,2023,2024,2025",False,v10,04fdc65,2026-08-05T00:54:23+00:00
30,142,11,"2015,2016,2017,2018,2019,2020,2021,2022,2023,2024,2025",False,v10,04fdc65,2026-08-05T00:54:23+00:00
11,110,11,"2015,2016,2017,2018,2019,2020,2021,2022,2023,2024,2025",False,v10,04fdc65,2026-08-05T00:54:23+00:00
32,208,11,"2015,2016,2017,2018,2019,2020,2021,2022,2023,2024,2025",False,v10,04fdc65,2026-08-05T00:54:23+00:00
33,156,11,"2015,2016,2017,2018,2019,2020,2021,2022,2023,2024,2025",False,v10,04fdc65,2026-08-05T00:54:23+00:00
36,192,11,"2015,2016,2017,2018,2019,2020,2021,2022,2023,2024,2025",False,v10,04fdc65,2026-08-05T00:54:23+00:00
6,220,11,"2015,2016,2017,2018,2019,2020,2021,2022,2023,2024,2025",False,v10,04fdc65,2026-08-05T00:54:23+00:00
85,74,11,"2015,2016,2017,2018,2019,2020,2021,2022,2023,2024,2025",False,v10,04fdc65,2026-08-05T00:54:23+00:00
18,120,11,"2015,2016,2017,2018,2019,2020,2021,2022,2023,2024,2025",False,v10,04fdc65,2026-08-05T00:54:23+00:00
33,49,11,"2015,2016,2017,2018,2019,2020,2021,2022,2023,2024,2025",False,v10,04fdc65,2026-08-05T00:54:23+00:00
34,196,11,"2015,2016,2017,2018,2019,2020,2021,2022,2023,2024,2025",False,v10,04fdc65,2026-08-05T00:54:23+00:00
22,243,11,"2015,2016,2017,2018,2019,2020,2021,2022,2023,2024,2025",False,v10,04fdc65,2026-08-05T00:54:23+00:00
5,178,11,"2015,2016,2017,2018,2019,2020,2021,2022,2023,2024,2025",False,v10,04fdc65,2026-08-05T00:54:23+00:00
29,210,11,"2015,2016,2017,2018,2019,2020,2021,2022,2023,2024,2025",False,v10,04fdc65,2026-08-05T00:54:23+00:00
90,70,11,"2015,2016,2017,2018,2019,2020,2021,2022,2023,2024,2025",False,v10,04fdc65,2026-08-05T00:54:23+00:00
24,80,11,"2015,2016,2017,2018,2019,2020,2021,2022,2023,2024,2025",False,v10,04fdc65,2026-08-05T00:54:23+00:00
1,184,11,"2015,2016,2017,2018,2019,2020,2021,2022,2023,2024,2025",False,v10,04fdc65,2026-08-05T00:54:23+00:00
37,160,11,"2015,2016,2017,2018,2019,2020,2021,2022,2023,2024,2025",False,v10,04fdc65,2026-08-05T00:54:23+00:00
28,139,11,"2015,2016,2017,2018,2019,2020,2021,2022,2023,2024,2025",False,v10,04fdc65,2026-08-05T00:54:23+00:00
33,197,11,"2015,2016,2017,2018,2019,2020,2021,2022,2023,2024,2025",False,v10,04fdc65,2026-08-05T00:54:23+00:00
25,224,11,"2015,2016,2017,2018,2019,2020,2021,2022,2023,2024,2025",False,v10,04fdc65,2026-08-05T00:54:23+00:00
25,83,11,"2015,2016,2017,2018,2019,2020,2021,2022,2023,2024,2025",False,v10,04fdc65,2026-08-05T00:54:23+00:00
25,216,11,"2015,2016,2017,2018,2019,2020,2021,2022,2023,2024,2025",False,v10,04fdc65,2026-08-05T00:54:23+00:00
32,42,11,"2015,2016,2017,2018,2019,2020,2021,2022,2023,2024,2025",False,v10,04fdc65,2026-08-05T00:54:23+00:00
3,173,11,"2015,2016,2017,2018,2019,2020,2021,2022,2023,2024,2025",False,v10,04fdc65,2026-08-05T00:54:23+00:00
29,118,11,"2015,2016,2017,2018,2019,2020,2021,2022,2023,2024,2025",False,v10,04fdc65,2026-08-05T00:54:23+00:00
30,205,11,"2015,2016,2017,2018,2019,2020,2021,2022,2023,2024,2025",False,v10,04fdc65,2026-08-05T00:54:23+00:00
52,73,11,"2015,2016,2017,2018,2019,2020,2021,2022,2023,2024,2025",False,v10,04fdc65,2026-08-05T00:54:23+00:00
25,41,11,"2015,2016,2017,2018,2019,2020,2021,2022,2023,2024,2025",False,v10,04fdc65,2026-08-05T00:54:23+00:00
6,135,11,"2015,2016,2017,2018,2019,2020,2021,2022,2023,2024,2025",False,v10,04fdc65,2026-08-05T00:54:23+00:00
19,83,11,"2015,2016,2017,2018,2019,2020,2021,2022,2023,2024,2025",False,v10,04fdc65,2026-08-05T00:54:23+00:00
26,150,11,"2015,2016,2017,2018,2019,2020,2021,2022,2023,2024,2025",False,v10,04fdc65,2026-08-05T00:54:23+00:00
29,167,11,"2015,2016,2017,2018,2019,2020,2021,2022,2023,2024,2025",False,v10,04fdc65,2026-08-05T00:54:23+00:00
18,29,11,"2015,2016,2017,2018,2019,2020,2021,2022,2023,2024,2025",False,v10,04fdc65,2026-08-05T00:54:23+00:00
28,120,11,"2015,2016,2017,2018,2019,2020,2021,2022,2023,2024,2025",False,v10,04fdc65,2026-08-05T00:54:23+00:00
27,75,11,"2015,2016,2017,2018,2019,2020,2021,2022,2023,2024,2025",False,v10,04fdc65,2026-08-05T00:54:23+00:00
9,54,11,"2015,2016,2017,2018,2019,2020,2021,2022,2023,2024,2025",False,v10,04fdc65,2026-08-05T00:54:23+00:00
88,75,11,"2015,2016,2017,2018,2019,2020,2021,2022,2023,2024,2025",False,v10,04fdc65,2026-08-05T00:54:23+00:00
9,158,11,"2015,2016,2017,2018,2019,2020,2021,2022,2023,2024,2025",False,v10,04fdc65,2026-08-05T00:54:23+00:00
31,144,11,"2015,2016,2017,2018,2019,2020,2021,2022,2023,2024,2025",False,v10,04fdc65,2026-08-05T00:54:23+00:00
24,225,11,"2015,2016,2017,2018,2019,2020,2021,2022,2023,2024,2025",False,v10,04fdc65,2026-08-05T00:54:23+00:00
30,209,11,"2015,2016,2017,2018,2019,2020,2021,2022,2023,2024,2025",False,v10,04fdc65,2026-08-05T00:54:23+00:00
93,71,11,"2015,2016,2017,2018,2019,2020,2021,2022,2023,2024,2025",False,v10,04fdc65,2026-08-05T00:54:23+00:00
29,141,11,"2015,2016,2017,2018,2019,2020,2021,2022,2023,2024,2025",False,v10,04fdc65,2026-08-05T00:54:23+00:00
92,82,11,"2015,2016,2017,2018,2019,2020,2021,2022,2023,2024,2025",False,v10,04fdc65,2026-08-05T00:54:23+00:00
32,196,11,"2015,2016,2017,2018,2019,2020,2021,2022,2023,2024,2025",False,v10,04fdc65,2026-08-05T00:54:23+00:00
20,11,11,"2015,2016,2017,2018,2019,2020,2021,2022,2023,2024,2025",False,v10,04fdc65,2026-08-05T00:54:23+00:00
85,221,11,"2015,2016,2017,2018,2019,2020,2021,2022,2023,2024,2025",False,v10,04fdc65,2026-08-05T00:54:23+00:00
26,131,11,"2015,2016,2017,2018,2019,2020,2021,2022,2023,2024,2025",False,v10,04fdc65,2026-08-05T00:54:23+00:00
9,145,11,"2015,2016,2017,2018,2019,2020,2021,2022,2023,2024,2025",False,v10,04fdc65,2026-08-05T00:54:23+00:00
26,129,11,"2015,2016,2017,2018,2019,2020,2021,2022,2023,2024,2025",False,v10,04fdc65,2026-08-05T00:54:23+00:00
39,188,11,"2015,2016,2017,2018,2019,2020,2021,2022,2023,2024,2025",False,v10,04fdc65,2026-08-05T00:54:23+00:00
21,227,11,"2015,2016,2017,2018,2019,2020,2021,2022,2023,2024,2025",False,v10,04fdc65,2026-08-05T00:54:23+00:00
30,137,11,"2015,2016,2017,2018,2019,2020,2021,2022,2023,2024,2025",False,v10,04fdc65,2026-08-05T00:54:23+00:00
29,142,11,"2015,2016,2017,2018,2019,2020,2021,2022,2023,2024,2025",False,v10,04fdc65,2026-08-05T00:54:23+00:00
31,119,11,"2015,2016,2017,2018,2019,2020,2021,2022,2023,2024,2025",False,v10,04fdc65,2026-08-05T00:54:23+00:00
5,225,11,"2015,2016,2017,2018,2019,2020,2021,2022,2023,2024,2025",False,v10,04fdc65,2026-08-05T00:54:23+00:00
15,4,11,"2015,2016,2017,2018,2019,2020,2021,2022,2023,2024,2025",False,v10,04fdc65,2026-08-05T00:54:23+00:00
27,214,11,"2015,2016,2017,2018,2019,2020,2021,2022,2023,2024,2025",False,v10,04fdc65,2026-08-05T00:54:23+00:00
14,135,11,"2015,2016,2017,2018,2019,2020,2021,2022,2023,2024,2025",False,v10,04fdc65,2026-08-05T00:54:23+00:00
27,123,11,"2015,2016,2017,2018,2019,2020,2021,2022,2023,2024,2025",False,v10,04fdc65,2026-08-05T00:54:23+00:00
87,74,11,"2015,2016,2017,2018,2019,2020,2021,2022,2023,2024,2025",False,v10,04fdc65,2026-08-05T00:54:23+00:00
13,68,11,"2015,2016,2017,2018,2019,2020,2021,2022,2023,2024,2025",False,v10,04fdc65,2026-08-05T00:54:23+00:00
29,70,11,"2015,2016,2017,2018,2019,2020,2021,2022,2023,2024,2025",False,v10,04fdc65,2026-08-05T00:54:23+00:00
22,129,11,"2015,2016,2017,2018,2019,2020,2021,2022,2023,2024,2025",False,v10,04fdc65,2026-08-05T00:54:23+00:00
11,9,11,"2015,2016,2017,2018,2019,2020,2021,2022,2023,2024,2025",False,v10,04fdc65,2026-08-05T00:54:23+00:00
28,211,11,"2015,2016,2017,2018,2019,2020,2021,2022,2023,2024,2025",False,v10,04fdc65,2026-08-05T00:54:23+00:00
32,51,11,"2015,2016,2017,2018,2019,2020,2021,2022,2023,2024,2025",False,v10,04fdc65,2026-08-05T00:54:23+00:00
36,156,11,"2015,2016,2017,2018,2019,2020,2021,2022,2023,2024,2025",False,v10,04fdc65,2026-08-05T00:54:23+00:00
16,5,11,"2015,2016,2017,2018,2019,2020,2021,2022,2023,2024,2025",False,v10,04fdc65,2026-08-05T00:54:23+00:00
51,73,11,"2015,2016,2017,2018,2019,2020,2021,2022,2023,2024,2025",False,v10,04fdc65,2026-08-05T00:54:23+00:00
87,71,11,"2015,2016,2017,2018,2019,2020,2021,2022,2023,2024,2025",False,v10,04fdc65,2026-08-05T00:54:23+00:00
49,72,11,"2015,2016,2017,2018,2019,2020,2021,2022,2023,2024,2025",False,v10,04fdc65,2026-08-05T00:54:23+00:00
67,71,11,"2015,2016,2017,2018,2019,2020,2021,2022,2023,2024,2025",False,v10,04fdc65,2026-08-05T00:54:23+00:00
8,137,11,"2015,2016,2017,2018,2019,2020,2021,2022,2023,2024,2025",False,v10,04fdc65,2026-08-05T00:54:23+00:00
62,68,11,"2015,2016,2017,2018,2019,2020,2021,2022,2023,2024,2025",False,v10,04fdc65,2026-08-05T00:54:23+00:00
83,241,11,"2015,2016,2017,2018,2019,2020,2021,2022,2023,2024,2025",False,v10,04fdc65,2026-08-05T00:54:23+00:00
24,136,11,"2015,2016,2017,2018,2019,2020,2021,2022,2023,2024,2025",False,v10,04fdc65,2026-08-05T00:54:23+00:00
19,16,11,"2015,2016,2017,2018,2019,2020,2021,2022,2023,2024,2025",False,v10,04fdc65,2026-08-05T00:54:23+00:00
23,220,11,"2015,2016,2017,2018,2019,2020,2021,2022,2023,2024,2025",False,v10,04fdc65,2026-08-05T00:54:23+00:00
19,136,11,"2015,2016,2017,2018,2019,2020,2021,2022,2023,2024,2025",False,v10,04fdc65,2026-08-05T00:54:23+00:00
35,155,11,"2015,2016,2017,2018,2019,2020,2021,2022,2023,2024,2025",False,v10,04fdc65,2026-08-05T00:54:23+00:00
33,208,11,"2015,2016,2017,2018,2019,2020,2021,2022,2023,2024,2025",False,v10,04fdc65,2026-08-05T00:54:23+00:00
28,128,11,"2015,2016,2017,2018,2019,2020,2021,2022,2023,2024,2025",False,v10,04fdc65,2026-08-05T00:54:23+00:00
36,160,11,"2015,2016,2017,2018,2019,2020,2021,2022,2023,2024,2025",False,v10,04fdc65,2026-08-05T00:54:23+00:00
24,37,11,"2015,2016,2017,2018,2019,2020,2021,2022,2023,2024,2025",False,v10,04fdc65,2026-08-05T00:54:23+00:00
27,77,11,"2015,2016,2017,2018,2019,2020,2021,2022,2023,2024,2025",False,v10,04fdc65,2026-08-05T00:54:23+00:00
91,81,11,"2015,2016,2017,2018,2019,2020,2021,2022,2023,2024,2025",False,v10,04fdc65,2026-08-05T00:54:23+00:00
31,141,11,"2015,2016,2017,2018,2019,2020,2021,2022,2023,2024,2025",False,v10,04fdc65,2026-08-05T00:54:23+00:00
29,119,11,"2015,2016,2017,2018,2019,2020,2021,2022,2023,2024,2025",False,v10,04fdc65,2026-08-05T00:54:23+00:00
34,118,11,"2015,2016,2017,2018,2019,2020,2021,2022,2023,2024,2025",False,v10,04fdc65,2026-08-05T00:54:23+00:00
18,6,11,"2015,2016,2017,2018,2019,2020,2021,2022,2023,2024,2025",False,v10,04fdc65,2026-08-05T00:54:23+00:00
92,75,11,"2015,2016,2017,2018,2019,2020,2021,2022,2023,2024,2025",False,v10,04fdc65,2026-08-05T00:54:23+00:00
24,126,11,"2015,2016,2017,2018,2019,2020,2021,2022,2023,2024,2025",False,v10,04fdc65,2026-08-05T00:54:23+00:00
34,157,11,"2015,2016,2017,2018,2019,2020,2021,2022,2023,2024,2025",False,v10,04fdc65,2026-08-05T00:54:23+00:00
26,123,11,"2015,2016,2017,2018,2019,2020,2021,2022,2023,2024,2025",False,v10,04fdc65,2026-08-05T00:54:23+00:00
92,81,11,"2015,2016,2017,2018,2019,2020,2021,2022,2023,2024,2025",False,v10,04fdc65,2026-08-05T00:54:23+00:00
76,77,11,"2015,2016,2017,2018,2019,2020,2021,2022,2023,2024,2025",False,v10,04fdc65,2026-08-05T00:54:23+00:00
33,146,11,"2015,2016,2017,2018,2019,2020,2021,2022,2023,2024,2025",False,v10,04fdc65,2026-08-05T00:54:23+00:00
15,117,11,"2015,2016,2017,2018,2019,2020,2021,2022,2023,2024,2025",False,v10,04fdc65,2026-08-05T00:54:23+00:00
59,215,11,"2015,2016,2017,2018,2019,2020,2021,2022,2023,2024,2025",False,v10,04fdc65,2026-08-05T00:54:23+00:00
32,143,11,"2015,2016,2017,2018,2019,2020,2021,2022,2023,2024,2025",False,v10,04fdc65,2026-08-05T00:54:23+00:00
23,132,11,"2015,2016,2017,2018,2019,2020,2021,2022,2023,2024,2025",False,v10,04fdc65,2026-08-05T00:54:23+00:00
17,133,11,"2015,2016,2017,2018,2019,2020,2021,2022,2023,2024,2025",False,v10,04fdc65,2026-08-05T00:54:23+00:00
30,204,11,"2015,2016,2017,2018,2019,2020,2021,2022,2023,2024,2025",False,v10,04fdc65,2026-08-05T00:54:23+00:00
28,117,11,"2015,2016,2017,2018,2019,2020,2021,2022,2023,2024,2025",False,v10,04fdc65,2026-08-05T00:54:23+00:00
91,70,11,"2015,2016,2017,2018,2019,2020,2021,2022,2023,2024,2025",False,v10,04fdc65,2026-08-05T00:54:23+00:00
66,70,11,"2015,2016,2017,2018,2019,2020,2021,2022,2023,2024,2025",False,v10,04fdc65,2026-08-05T00:54:23+00:00
4,184,11,"2015,2016,2017,2018,2019,2020,2021,2022,2023,2024,2025",False,v10,04fdc65,2026-08-05T00:54:23+00:00
16,4,11,"2015,2016,2017,2018,2019,2020,2021,2022,2023,2024,2025",False,v10,04fdc65,2026-08-05T00:54:23+00:00
26,81,11,"2015,2016,2017,2018,2019,2020,2021,2022,2023,2024,2025",False,v10,04fdc65,2026-08-05T00:54:23+00:00
28,212,11,"2015,2016,2017,2018,2019,2020,2021,2022,2023,2024,2025",False,v10,04fdc65,2026-08-05T00:54:23+00:00
17,119,11,"2015,2016,2017,2018,2019,2020,2021,2022,2023,2024,2025",False,v10,04fdc65,2026-08-05T00:54:23+00:00
8,230,11,"2015,2016,2017,2018,2019,2020,2021,2022,2023,2024,2025",False,v10,04fdc65,2026-08-05T00:54:23+00:00
32,209,11,"2015,2016,2017,2018,2019,2020,2021,2022,2023,2024,2025",False,v10,04fdc65,2026-08-05T00:54:23+00:00
8,13,11,"2015,2016,2017,2018,2019,2020,2021,2022,2023,2024,2025",False,v10,04fdc65,2026-08-05T00:54:23+00:00
5,139,11,"2015,2016,2017,2018,2019,2020,2021,2022,2023,2024,2025",False,v10,04fdc65,2026-08-05T00:54:23+00:00
6,175,11,"2015,2016,2017,2018,2019,2020,2021,2022,2023,2024,2025",False,v10,04fdc65,2026-08-05T00:54:23+00:00
8,231,11,"2015,2016,2017,2018,2019,2020,2021,2022,2023,2024,2025",False,v10,04fdc65,2026-08-05T00:54:23+00:00
27,129,11,"2015,2016,2017,2018,2019,2020,2021,2022,2023,2024,2025",False,v10,04fdc65,2026-08-05T00:54:23+00:00
31,207,11,"2015,2016,2017,2018,2019,2020,2021,2022,2023,2024,2025",False,v10,04fdc65,2026-08-05T00:54:23+00:00
59,147,11,"2015,2016,2017,2018,2019,2020,2021,2022,2023,2024,2025",False,v10,04fdc65,2026-08-05T00:54:23+00:00
31,67,11,"2015,2016,2017,2018,2019,2020,2021,2022,2023,2024,2025",False,v10,04fdc65,2026-08-05T00:54:23+00:00
27,131,11,"2015,2016,2017,2018,2019,2020,2021,2022,2023,2024,2025",False,v10,04fdc65,2026-08-05T00:54:23+00:00
56,69,11,"2015,2016,2017,2018,2019,2020,2021,2022,2023,2024,2025",False,v10,04fdc65,2026-08-05T00:54:23+00:00
21,138,11,"2015,2016,2017,2018,2019,2020,2021,2022,2023,2024,2025",False,v10,04fdc65,2026-08-05T00:54:23+00:00
4,177,11,"2015,2016,2017,2018,2019,2020,2021,2022,2023,2024,2025",False,v10,04fdc65,2026-08-05T00:54:23+00:00
22,0,11,"2015,2016,2017,2018,2019,2020,2021,2022,2023,2024,2025",False,v10,04fdc65,2026-08-05T00:54:23+00:00
29,138,11,"2015,2016,2017,2018,2019,2020,2021,2022,2023,2024,2025",False,v10,04fdc65,2026-08-05T00:54:23+00:00
33,46,11,"2015,2016,2017,2018,2019,2020,2021,2022,2023,2024,2025",False,v10,04fdc65,2026-08-05T00:54:23+00:00
21,129,11,"2015,2016,2017,2018,2019,2020,2021,2022,2023,2024,2025",False,v10,04fdc65,2026-08-05T00:54:23+00:00
27,148,11,"2015,2016,2017,2018,2019,2020,2021,2022,2023,2024,2025",False,v10,04fdc65,2026-08-05T00:54:23+00:00
81,222,11,"2015,2016,2017,2018,2019,2020,2021,2022,2023,2024,2025",False,v10,04fdc65,2026-08-05T00:54:23+00:00
30,102,11,"2015,2016,2017,2018,2019,2020,2021,2022,2023,2024,2025",False,v10,04fdc65,2026-08-05T00:54:23+00:00
34,197,11,"2015,2016,2017,2018,2019,2020,2021,2022,2023,2024,2025",False,v10,04fdc65,2026-08-05T00:54:23+00:00
19,119,11,"2015,2016,2017,2018,2019,2020,2021,2022,2023,2024,2025",False,v10,04fdc65,2026-08-05T00:54:23+00:00
27,161,11,"2015,2016,2017,2018,2019,2020,2021,2022,2023,2024,2025",False,v10,04fdc65,2026-08-05T00:54:23+00:00
26,149,11,"2015,2016,2017,2018,2019,2020,2021,2022,2023,2024,2025",False,v10,04fdc65,2026-08-05T00:54:23+00:00
29,168,11,"2015,2016,2017,2018,2019,2020,2021,2022,2023,2024,2025",False,v10,04fdc65,2026-08-05T00:54:23+00:00
2,173,11,"2015,2016,2017,2018,2019,2020,2021,2022,2023,2024,2025",False,v10,04fdc65,2026-08-05T00:54:23+00:00
31,159,11,"2015,2016,2017,2018,2019,2020,2021,2022,2023,2024,2025",False,v10,04fdc65,2026-08-05T00:54:23+00:00
29,51,11,"2015,2016,2017,2018,2019,2020,2021,2022,2023,2024,2025",False,v10,04fdc65,2026-08-05T00:54:23+00:00
84,74,11,"2015,2016,2017,2018,2019,2020,2021,2022,2023,2024,2025",False,v10,04fdc65,2026-08-05T00:54:23+00:00
35,197,11,"2015,2016,2017,2018,2019,2020,2021,2022,2023,2024,2025",False,v10,04fdc65,2026-08-05T00:54:23+00:00
18,7,11,"2015,2016,2017,2018,2019,2020,2021,2022,2023,2024,2025",False,v10,04fdc65,2026-08-05T00:54:23+00:00
76,141,11,"2015,2016,2017,2018,2019,2020,2021,2022,2023,2024,2025",False,v10,04fdc65,2026-08-05T00:54:23+00:00
32,43,11,"2015,2016,2017,2018,2019,2020,2021,2022,2023,2024,2025",False,v10,04fdc65,2026-08-05T00:54:23+00:00
70,78,11,"2015,2016,2017,2018,2019,2020,2021,2022,2023,2024,2025",False,v10,04fdc65,2026-08-05T00:54:23+00:00
26,128,11,"2015,2016,2017,2018,2019,2020,2021,2022,2023,2024,2025",False,v10,04fdc65,2026-08-05T00:54:23+00:00
53,70,11,"2015,2016,2017,2018,2019,2020,2021,2022,2023,2024,2025",False,v10,04fdc65,2026-08-05T00:54:23+00:00
3,183,11,"2015,2016,2017,2018,2019,2020,2021,2022,2023,2024,2025",False,v10,04fdc65,2026-08-05T00:54:23+00:00
6,213,11,"2015,2016,2017,2018,2019,2020,2021,2022,2023,2024,2025",False,v10,04fdc65,2026-08-05T00:54:23+00:00
33,162,11,"2015,2016,2017,2018,2019,2020,2021,2022,2023,2024,2025",False,v10,04fdc65,2026-08-05T00:54:23+00:00
27,119,11,"2015,2016,2017,2018,2019,2020,2021,2022,2023,2024,2025",False,v10,04fdc65,2026-08-05T00:54:23+00:00
24,219,11,"2015,2016,2017,2018,2019,2020,2021,2022,2023,2024,2025",False,v10,04fdc65,2026-08-05T00:54:23+00:00
33,216,11,"2015,2016,2017,2018,2019,2020,2021,2022,2023,2024,2025",False,v10,04fdc65,2026-08-05T00:54:23+00:00
91,74,11,"2015,2016,2017,2018,2019,2020,2021,2022,2023,2024,2025",False,v10,04fdc65,2026-08-05T00:54:23+00:00
18,69,11,"2015,2016,2017,2018,2019,2020,2021,2022,2023,2024,2025",False,v10,04fdc65,2026-08-05T00:54:23+00:00
52,72,11,"2015,2016,2017,2018,2019,2020,2021,2022,2023,2024,2025",False,v10,04fdc65,2026-08-05T00:54:23+00:00
4,183,11,"2015,2016,2017,2018,2019,2020,2021,2022,2023,2024,2025",False,v10,04fdc65,2026-08-05T00:54:23+00:00
31,156,11,"2015,2016,2017,2018,2019,2020,2021,2022,2023,2024,2025",False,v10,04fdc65,2026-08-05T00:54:23+00:00
43,16,11,"2015,2016,2017,2018,2019,2020,2021,2022,2023,2024,2025",False,v10,04fdc65,2026-08-05T00:54:23+00:00
30,141,11,"2015,2016,2017,2018,2019,2020,2021,2022,2023,2024,2025",False,v10,04fdc65,2026-08-05T00:54:23+00:00
84,72,11,"2015,2016,2017,2018,2019,2020,2021,2022,2023,2024,2025",False,v10,04fdc65,2026-08-05T00:54:23+00:00
21,0,11,"2015,2016,2017,2018,2019,2020,2021,2022,2023,2024,2025",False,v10,04fdc65,2026-08-05T00:54:23+00:00
19,120,11,"2015,2016,2017,2018,2019,2020,2021,2022,2023,2024,2025",False,v10,04fdc65,2026-08-05T00:54:23+00:00
39,191,11,"2015,2016,2017,2018,2019,2020,2021,2022,2023,2024,2025",False,v10,04fdc65,2026-08-05T00:54:23+00:00
9,154,11,"2015,2016,2017,2018,2019,2020,2021,2022,2023,2024,2025",False,v10,04fdc65,2026-08-05T00:54:23+00:00
26,220,11,"2015,2016,2017,2018,2019,2020,2021,2022,2023,2024,2025",False,v10,04fdc65,2026-08-05T00:54:23+00:00
6,177,11,"2015,2016,2017,2018,2019,2020,2021,2022,2023,2024,2025",False,v10,04fdc65,2026-08-05T00:54:23+00:00
56,142,11,"2015,2016,2017,2018,2019,2020,2021,2022,2023,2024,2025",False,v10,04fdc65,2026-08-05T00:54:23+00:00
84,239,11,"2015,2016,2017,2018,2019,2020,2021,2022,2023,2024,2025",False,v10,04fdc65,2026-08-05T00:54:23+00:00
17,19,11,"2015,2016,2017,2018,2019,2020,2021,2022,2023,2024,2025",False,v10,04fdc65,2026-08-05T00:54:23+00:00
12,7,11,"2015,2016,2017,2018,2019,2020,2021,2022,2023,2024,2025",False,v10,04fdc65,2026-08-05T00:54:23+00:00
22,128,11,"2015,2016,2017,2018,2019,2020,2021,2022,2023,2024,2025",False,v10,04fdc65,2026-08-05T00:54:23+00:00
23,35,11,"2015,2016,2017,2018,2019,2020,2021,2022,2023,2024,2025",False,v10,04fdc65,2026-08-05T00:54:23+00:00
28,119,11,"2015,2016,2017,2018,2019,2020,2021,2022,2023,2024,2025",False,v10,04fdc65,2026-08-05T00:54:23+00:00
28,130,11,"2015,2016,2017,2018,2019,2020,2021,2022,2023,2024,2025",False,v10,04fdc65,2026-08-05T00:54:23+00:00
34,50,11,"2015,2016,2017,2018,2019,2020,2021,2022,2023,2024,2025",False,v10,04fdc65,2026-08-05T00:54:23+00:00
61,69,11,"2015,2016,2017,2018,2019,2020,2021,2022,2023,2024,2025",False,v10,04fdc65,2026-08-05T00:54:23+00:00
26,136,11,"2015,2016,2017,2018,2019,2020,2021,2022,2023,2024,2025",False,v10,04fdc65,2026-08-05T00:54:23+00:00
44,56,11,"2015,2016,2017,2018,2019,2020,2021,2022,2023,2024,2025",False,v10,04fdc65,2026-08-05T00:54:23+00:00
34,119,11,"2015,2016,2017,2018,2019,2020,2021,2022,2023,2024,2025",False,v10,04fdc65,2026-08-05T00:54:23+00:00
33,42,11,"2015,2016,2017,2018,2019,2020,2021,2022,2023,2024,2025",False,v10,04fdc65,2026-08-05T00:54:23+00:00
22,229,11,"2015,2016,2017,2018,2019,2020,2021,2022,2023,2024,2025",False,v10,04fdc65,2026-08-05T00:54:23+00:00
27,125,11,"2015,2016,2017,2018,2019,2020,2021,2022,2023,2024,2025",False,v10,04fdc65,2026-08-05T00:54:23+00:00
89,70,11,"2015,2016,2017,2018,2019,2020,2021,2022,2023,2024,2025",False,v10,04fdc65,2026-08-05T00:54:23+00:00
35,158,11,"2015,2016,2017,2018,2019,2020,2021,2022,2023,2024,2025",False,v10,04fdc65,2026-08-05T00:54:23+00:00
35,193,11,"2015,2016,2017,2018,2019,2020,2021,2022,2023,2024,2025",False,v10,04fdc65,2026-08-05T00:54:23+00:00
85,222,11,"2015,2016,2017,2018,2019,2020,2021,2022,2023,2024,2025",False,v10,04fdc65,2026-08-05T00:54:23+00:00
33,198,11,"2015,2016,2017,2018,2019,2020,2021,2022,2023,2024,2025",False,v10,04fdc65,2026-08-05T00:54:23+00:00
17,67,11,"2015,2016,2017,2018,2019,2020,2021,2022,2023,2024,2025",False,v10,04fdc65,2026-08-05T00:54:23+00:00
15,76,11,"2015,2016,2017,2018,2019,2020,2021,2022,2023,2024,2025",False,v10,04fdc65,2026-08-05T00:54:23+00:00
30,145,11,"2015,2016,2017,2018,2019,2020,2021,2022,2023,2024,2025",False,v10,04fdc65,2026-08-05T00:54:23+00:00
27,139,11,"2015,2016,2017,2018,2019,2020,2021,2022,2023,2024,2025",False,v10,04fdc65,2026-08-05T00:54:23+00:00
88,237,11,"2015,2016,2017,2018,2019,2020,2021,2022,2023,2024,2025",False,v10,04fdc65,2026-08-05T00:54:23+00:00
25,125,11,"2015,2016,2017,2018,2019,2020,2021,2022,2023,2024,2025",False,v10,04fdc65,2026-08-05T00:54:23+00:00
16,76,11,"2015,2016,2017,2018,2019,2020,2021,2022,2023,2024,2025",False,v10,04fdc65,2026-08-05T00:54:23+00:00
31,132,11,"2015,2016,2017,2018,2019,2020,2021,2022,2023,2024,2025",False,v10,04fdc65,2026-08-05T00:54:23+00:00
19,232,11,"2015,2016,2017,2018,2019,2020,2021,2022,2023,2024,2025",False,v10,04fdc65,2026-08-05T00:54:23+00:00
2,190,11,"2015,2016,2017,2018,2019,2020,2021,2022,2023,2024,2025",False,v10,04fdc65,2026-08-05T00:54:23+00:00
57,147,11,"2015,2016,2017,2018,2019,2020,2021,2022,2023,2024,2025",False,v10,04fdc65,2026-08-05T00:54:23+00:00
6,205,11,"2015,2016,2017,2018,2019,2020,2021,2022,2023,2024,2025",False,v10,04fdc65,2026-08-05T00:54:23+00:00
28,67,11,"2015,2016,2017,2018,2019,2020,2021,2022,2023,2024,2025",False,v10,04fdc65,2026-08-05T00:54:23+00:00
39,192,11,"2015,2016,2017,2018,2019,2020,2021,2022,2023,2024,2025",False,v10,04fdc65,2026-08-05T00:54:23+00:00
20,31,11,"2015,2016,2017,2018,2019,2020,2021,2022,2023,2024,2025",False,v10,04fdc65,2026-08-05T00:54:23+00:00
44,220,11,"2015,2016,2017,2018,2019,2020,2021,2022,2023,2024,2025",False,v10,04fdc65,2026-08-05T00:54:23+00:00
55,70,11,"2015,2016,2017,2018,2019,2020,2021,2022,2023,2024,2025",False,v10,04fdc65,2026-08-05T00:54:23+00:00
56,68,11,"2015,2016,2017,2018,2019,2020,2021,2022,2023,2024,2025",False,v10,04fdc65,2026-08-05T00:54:23+00:00
16,68,11,"2015,2016,2017,2018,2019,2020,2021,2022,2023,2024,2025",False,v10,04fdc65,2026-08-05T00:54:23+00:00
88,236,11,"2015,2016,2017,2018,2019,2020,2021,2022,2023,2024,2025",False,v10,04fdc65,2026-08-05T00:54:23+00:00
60,217,11,"2015,2016,2017,2018,2019,2020,2021,2022,2023,2024,2025",False,v10,04fdc65,2026-08-05T00:54:23+00:00
71,78,11,"2015,2016,2017,2018,2019,2020,2021,2022,2023,2024,2025",False,v10,04fdc65,2026-08-05T00:54:23+00:00
44,55,11,"2015,2016,2017,2018,2019,2020,2021,2022,2023,2024,2025",False,v10,04fdc65,2026-08-05T00:54:23+00:00
4,178,11,"2015,2016,2017,2018,2019,2020,2021,2022,2023,2024,2025",False,v10,04fdc65,2026-08-05T00:54:23+00:00
11,112,11,"2015,2016,2017,2018,2019,2020,2021,2022,2023,2024,2025",False,v10,04fdc65,2026-08-05T00:54:23+00:00
28,52,11,"2015,2016,2017,2018,2019,2020,2021,2022,2023,2024,2025",False,v10,04fdc65,2026-08-05T00:54:23+00:00
86,221,11,"2015,2016,2017,2018,2019,2020,2021,2022,2023,2024,2025",False,v10,04fdc65,2026-08-05T00:54:23+00:00
32,66,11,"2015,2016,2017,2018,2019,2020,2021,2022,2023,2024,2025",False,v10,04fdc65,2026-08-05T00:54:23+00:00
14,109,11,"2015,2016,2017,2018,2019,2020,2021,2022,2023,2024,2025",False,v10,04fdc65,2026-08-05T00:54:23+00:00
3,195,11,"2015,2016,2017,2018,2019,2020,2021,2022,2023,2024,2025",False,v10,04fdc65,2026-08-05T00:54:23+00:00
32,160,11,"2015,2016,2017,2018,2019,2020,2021,2022,2023,2024,2025",False,v10,04fdc65,2026-08-05T00:54:23+00:00
31,137,11,"2015,2016,2017,2018,2019,2020,2021,2022,2023,2024,2025",False,v10,04fdc65,2026-08-05T00:54:23+00:00
9,166,11,"2015,2016,2017,2018,2019,2020,2021,2022,2023,2024,2025",False,v10,04fdc65,2026-08-05T00:54:23+00:00
19,30,11,"2015,2016,2017,2018,2019,2020,2021,2022,2023,2024,2025",False,v10,04fdc65,2026-08-05T00:54:23+00:00
43,55,11,"2015,2016,2017,2018,2019,2020,2021,2022,2023,2024,2025",False,v10,04fdc65,2026-08-05T00:54:23+00:00
5,213,11,"2015,2016,2017,2018,2019,2020,2021,2022,2023,2024,2025",False,v10,04fdc65,2026-08-05T00:54:23+00:00
34,198,11,"2015,2016,2017,2018,2019,2020,2021,2022,2023,2024,2025",False,v10,04fdc65,2026-08-05T00:54:23+00:00
14,63,11,"2015,2016,2017,2018,2019,2020,2021,2022,2023,2024,2025",False,v10,04fdc65,2026-08-05T00:54:23+00:00
34,212,11,"2015,2016,2017,2018,2019,2020,2021,2022,2023,2024,2025",False,v10,04fdc65,2026-08-05T00:54:23+00:00
28,134,11,"2015,2016,2017,2018,2019,2020,2021,2022,2023,2024,2025",False,v10,04fdc65,2026-08-05T00:54:23+00:00
26,38,11,"2015,2016,2017,2018,2019,2020,2021,2022,2023,2024,2025",False,v10,04fdc65,2026-08-05T00:54:23+00:00
34,49,11,"2015,2016,2017,2018,2019,2020,2021,2022,2023,2024,2025",False,v10,04fdc65,2026-08-05T00:54:23+00:00
36,161,11,"2015,2016,2017,2018,2019,2020,2021,2022,2023,2024,2025",False,v10,04fdc65,2026-08-05T00:54:23+00:00
20,120,11,"2015,2016,2017,2018,2019,2020,2021,2022,2023,2024,2025",False,v10,04fdc65,2026-08-05T00:54:23+00:00
20,119,11,"2015,2016,2017,2018,2019,2020,2021,2022,2023,2024,2025",False,v10,04fdc65,2026-08-05T00:54:23+00:00
5,138,11,"2015,2016,2017,2018,2019,2020,2021,2022,2023,2024,2025",False,v10,04fdc65,2026-08-05T00:54:23+00:00
4,222,11,"2015,2016,2017,2018,2019,2020,2021,2022,2023,2024,2025",False,v10,04fdc65,2026-08-05T00:54:23+00:00
44,54,11,"2015,2016,2017,2018,2019,2020,2021,2022,2023,2024,2025",False,v10,04fdc65,2026-08-05T00:54:23+00:00
59,216,11,"2015,2016,2017,2018,2019,2020,2021,2022,2023,2024,2025",False,v10,04fdc65,2026-08-05T00:54:23+00:00
77,141,11,"2015,2016,2017,2018,2019,2020,2021,2022,2023,2024,2025",False,v10,04fdc65,2026-08-05T00:54:23+00:00
36,167,11,"2015,2016,2017,2018,2019,2020,2021,2022,2023,2024,2025",False,v10,04fdc65,2026-08-05T00:54:23+00:00
21,240,11,"2015,2016,2017,2018,2019,2020,2021,2022,2023,2024,2025",False,v10,04fdc65,2026-08-05T00:54:23+00:00
72,78,11,"2015,2016,2017,2018,2019,2020,2021,2022,2023,2024,2025",False,v10,04fdc65,2026-08-05T00:54:23+00:00
29,166,11,"2015,2016,2017,2018,2019,2020,2021,2022,2023,2024,2025",False,v10,04fdc65,2026-08-05T00:54:23+00:00
76,142,11,"2015,2016,2017,2018,2019,2020,2021,2022,2023,2024,2025",False,v10,04fdc65,2026-08-05T00:54:23+00:00
84,241,11,"2015,2016,2017,2018,2019,2020,2021,2022,2023,2024,2025",False,v10,04fdc65,2026-08-05T00:54:23+00:00
27,130,11,"2015,2016,2017,2018,2019,2020,2021,2022,2023,2024,2025",False,v10,04fdc65,2026-08-05T00:54:23+00:00
30,100,11,"2015,2016,2017,2018,2019,2020,2021,2022,2023,2024,2025",False,v10,04fdc65,2026-08-05T00:54:23+00:00
31,168,11,"2015,2016,2017,2018,2019,2020,2021,2022,2023,2024,2025",False,v10,04fdc65,2026-08-05T00:54:23+00:00
89,168,11,"2015,2016,2017,2018,2019,2020,2021,2022,2023,2024,2025",False,v10,04fdc65,2026-08-05T00:54:23+00:00
74,74,11,"2015,2016,2017,2018,2019,2020,2021,2022,2023,2024,2025",False,v10,04fdc65,2026-08-05T00:54:23+00:00
50,73,11,"2015,2016,2017,2018,2019,2020,2021,2022,2023,2024,2025",False,v10,04fdc65,2026-08-05T00:54:23+00:00
79,67,11,"2015,2016,2017,2018,2019,2020,2021,2022,2023,2024,2025",False,v10,04fdc65,2026-08-05T00:54:23+00:00
34,42,11,"2015,2016,2017,2018,2019,2020,2021,2022,2023,2024,2025",False,v10,04fdc65,2026-08-05T00:54:23+00:00
6,200,11,"2015,2016,2017,2018,2019,2020,2021,2022,2023,2024,2025",False,v10,04fdc65,2026-08-05T00:54:23+00:00
23,143,11,"2015,2016,2017,2018,2019,2020,2021,2022,2023,2024,2025",False,v10,04fdc65,2026-08-05T00:54:23+00:00
36,197,11,"2015,2016,2017,2018,2019,2020,2021,2022,2023,2024,2025",False,v10,04fdc65,2026-08-05T00:54:23+00:00
69,20,11,"2015,2016,2017,2018,2019,2020,2021,2022,2023,2024,2025",False,v10,04fdc65,2026-08-05T00:54:23+00:00
54,70,11,"2015,2016,2017,2018,2019,2020,2021,2022,2023,2024,2025",False,v10,04fdc65,2026-08-05T00:54:23+00:00
29,132,11,"2015,2016,2017,2018,2019,2020,2021,2022,2023,2024,2025",False,v10,04fdc65,2026-08-05T00:54:23+00:00
18,117,11,"2015,2016,2017,2018,2019,2020,2021,2022,2023,2024,2025",False,v10,04fdc65,2026-08-05T00:54:23+00:00
30,159,11,"2015,2016,2017,2018,2019,2020,2021,2022,2023,2024,2025",False,v10,04fdc65,2026-08-05T00:54:23+00:00
8,60,11,"2015,2016,2017,2018,2019,2020,2021,2022,2023,2024,2025",False,v10,04fdc65,2026-08-05T00:54:23+00:00
22,136,11,"2015,2016,2017,2018,2019,2020,2021,2022,2023,2024,2025",False,v10,04fdc65,2026-08-05T00:54:23+00:00
5,181,11,"2015,2016,2017,2018,2019,2020,2021,2022,2023,2024,2025",False,v10,04fdc65,2026-08-05T00:54:23+00:00
32,47,11,"2015,2016,2017,2018,2019,2020,2021,2022,2023,2024,2025",False,v10,04fdc65,2026-08-05T00:54:23+00:00
93,77,11,"2015,2016,2017,2018,2019,2020,2021,2022,2023,2024,2025",False,v10,04fdc65,2026-08-05T00:54:23+00:00
29,133,11,"2015,2016,2017,2018,2019,2020,2021,2022,2023,2024,2025",False,v10,04fdc65,2026-08-05T00:54:23+00:00
36,116,11,"2015,2016,2017,2018,2019,2020,2021,2022,2023,2024,2025",False,v10,04fdc65,2026-08-05T00:54:23+00:00
32,201,11,"2015,2016,2017,2018,2019,2020,2021,2022,2023,2024,2025",False,v10,04fdc65,2026-08-05T00:54:23+00:00
88,70,11,"2015,2016,2017,2018,2019,2020,2021,2022,2023,2024,2025",False,v10,04fdc65,2026-08-05T00:54:23+00:00
43,56,11,"2015,2016,2017,2018,2019,2020,2021,2022,2023,2024,2025",False,v10,04fdc65,2026-08-05T00:54:23+00:00
21,241,11,"2015,2016,2017,2018,2019,2020,2021,2022,2023,2024,2025",False,v10,04fdc65,2026-08-05T00:54:23+00:00
31,206,11,"2015,2016,2017,2018,2019,2020,2021,2022,2023,2024,2025",False,v10,04fdc65,2026-08-05T00:54:23+00:00
32,65,11,"2015,2016,2017,2018,2019,2020,2021,2022,2023,2024,2025",False,v10,04fdc65,2026-08-05T00:54:23+00:00
81,221,11,"2015,2016,2017,2018,2019,2020,2021,2022,2023,2024,2025",False,v10,04fdc65,2026-08-05T00:54:23+00:00
33,138,11,"2015,2016,2017,2018,2019,2020,2021,2022,2023,2024,2025",False,v10,04fdc65,2026-08-05T00:54:23+00:00
84,238,11,"2015,2016,2017,2018,2019,2020,2021,2022,2023,2024,2025",False,v10,04fdc65,2026-08-05T00:54:23+00:00
29,216,11,"2015,2016,2017,2018,2019,2020,2021,2022,2023,2024,2025",False,v10,04fdc65,2026-08-05T00:54:23+00:00
62,70,11,"2015,2016,2017,2018,2019,2020,2021,2022,2023,2024,2025",False,v10,04fdc65,2026-08-05T00:54:23+00:00
30,155,11,"2015,2016,2017,2018,2019,2020,2021,2022,2023,2024,2025",False,v10,04fdc65,2026-08-05T00:54:23+00:00
25,217,11,"2015,2016,2017,2018,2019,2020,2021,2022,2023,2024,2025",False,v10,04fdc65,2026-08-05T00:54:23+00:00
35,169,11,"2015,2016,2017,2018,2019,2020,2021,2022,2023,2024,2025",False,v10,04fdc65,2026-08-05T00:54:23+00:00
35,167,11,"2015,2016,2017,2018,2019,2020,2021,2022,2023,2024,2025",False,v10,04fdc65,2026-08-05T00:54:23+00:00
31,136,11,"2015,2016,2017,2018,2019,2020,2021,2022,2023,2024,2025",False,v10,04fdc65,2026-08-05T00:54:23+00:00
33,214,11,"2015,2016,2017,2018,2019,2020,2021,2022,2023,2024,2025",False,v10,04fdc65,2026-08-05T00:54:23+00:00
15,59,11,"2015,2016,2017,2018,2019,2020,2021,2022,2023,2024,2025",False,v10,04fdc65,2026-08-05T00:54:23+00:00
34,146,11,"2015,2016,2017,2018,2019,2020,2021,2022,2023,2024,2025",False,v10,04fdc65,2026-08-05T00:54:23+00:00
50,74,11,"2015,2016,2017,2018,2019,2020,2021,2022,2023,2024,2025",False,v10,04fdc65,2026-08-05T00:54:23+00:00
59,68,11,"2015,2016,2017,2018,2019,2020,2021,2022,2023,2024,2025",False,v10,04fdc65,2026-08-05T00:54:23+00:00
9,29,11,"2015,2016,2017,2018,2019,2020,2021,2022,2023,2024,2025",False,v10,04fdc65,2026-08-05T00:54:23+00:00
31,120,11,"2015,2016,2017,2018,2019,2020,2021,2022,2023,2024,2025",False,v10,04fdc65,2026-08-05T00:54:23+00:00
30,202,11,"2015,2016,2017,2018,2019,2020,2021,2022,2023,2024,2025",False,v10,04fdc65,2026-08-05T00:54:23+00:00
13,7,11,"2015,2016,2017,2018,2019,2020,2021,2022,2023,2024,2025",False,v10,04fdc65,2026-08-05T00:54:23+00:00
30,38,11,"2015,2016,2017,2018,2019,2020,2021,2022,2023,2024,2025",False,v10,04fdc65,2026-08-05T00:54:23+00:00
83,240,11,"2015,2016,2017,2018,2019,2020,2021,2022,2023,2024,2025",False,v10,04fdc65,2026-08-05T00:54:23+00:00
4,185,11,"2015,2016,2017,2018,2019,2020,2021,2022,2023,2024,2025",False,v10,04fdc65,2026-08-05T00:54:23+00:00
52,201,11,"2015,2016,2017,2018,2019,2020,2021,2022,2023,2024,2025",False,v10,04fdc65,2026-08-05T00:54:23+00:00
13,127,11,"2015,2016,2017,2018,2019,2020,2021,2022,2023,2024,2025",False,v10,04fdc65,2026-08-05T00:54:23+00:00
40,204,11,"2015,2016,2017,2018,2019,2020,2021,2022,2023,2024,2025",False,v10,04fdc65,2026-08-05T00:54:23+00:00
5,180,11,"2015,2016,2017,2018,2019,2020,2021,2022,2023,2024,2025",False,v10,04fdc65,2026-08-05T00:54:23+00:00
28,146,11,"2015,2016,2017,2018,2019,2020,2021,2022,2023,2024,2025",False,v10,04fdc65,2026-08-05T00:54:23+00:00
85,220,11,"2015,2016,2017,2018,2019,2020,2021,2022,2023,2024,2025",False,v10,04fdc65,2026-08-05T00:54:23+00:00
34,207,11,"2015,2016,2017,2018,2019,2020,2021,2022,2023,2024,2025",False,v10,04fdc65,2026-08-05T00:54:23+00:00
6,199,11,"2015,2016,2017,2018,2019,2020,2021,2022,2023,2024,2025",False,v10,04fdc65,2026-08-05T00:54:23+00:00
24,226,11,"2015,2016,2017,2018,2019,2020,2021,2022,2023,2024,2025",False,v10,04fdc65,2026-08-05T00:54:23+00:00
34,162,11,"2015,2016,2017,2018,2019,2020,2021,2022,2023,2024,2025",False,v10,04fdc65,2026-08-05T00:54:23+00:00
10,8,11,"2015,2016,2017,2018,2019,2020,2021,2022,2023,2024,2025",False,v10,04fdc65,2026-08-05T00:54:23+00:00
33,212,11,"2015,2016,2017,2018,2019,2020,2021,2022,2023,2024,2025",False,v10,04fdc65,2026-08-05T00:54:23+00:00
29,116,11,"2015,2016,2017,2018,2019,2020,2021,2022,2023,2024,2025",False,v10,04fdc65,2026-08-05T00:54:23+00:00
78,73,11,"2015,2016,2017,2018,2019,2020,2021,2022,2023,2024,2025",False,v10,04fdc65,2026-08-05T00:54:23+00:00
61,68,11,"2015,2016,2017,2018,2019,2020,2021,2022,2023,2024,2025",False,v10,04fdc65,2026-08-05T00:54:23+00:00
22,127,11,"2015,2016,2017,2018,2019,2020,2021,2022,2023,2024,2025",False,v10,04fdc65,2026-08-05T00:54:23+00:00
23,139,11,"2015,2016,2017,2018,2019,2020,2021,2022,2023,2024,2025",False,v10,04fdc65,2026-08-05T00:54:23+00:00
24,140,11,"2015,2016,2017,2018,2019,2020,2021,2022,2023,2024,2025",False,v10,04fdc65,2026-08-05T00:54:23+00:00
8,161,11,"2015,2016,2017,2018,2019,2020,2021,2022,2023,2024,2025",False,v10,04fdc65,2026-08-05T00:54:23+00:00
9,41,11,"2015,2016,2017,2018,2019,2020,2021,2022,2023,2024,2025",False,v10,04fdc65,2026-08-05T00:54:23+00:00
32,141,11,"2015,2016,2017,2018,2019,2020,2021,2022,2023,2024,2025",False,v10,04fdc65,2026-08-05T00:54:23+00:00
20,236,11,"2015,2016,2017,2018,2019,2020,2021,2022,2023,2024,2025",False,v10,04fdc65,2026-08-05T00:54:23+00:00
30,140,11,"2015,2016,2017,2018,2019,2020,2021,2022,2023,2024,2025",False,v10,04fdc65,2026-08-05T00:54:23+00:00
54,71,11,"2015,2016,2017,2018,2019,2020,2021,2022,2023,2024,2025",False,v10,04fdc65,2026-08-05T00:54:23+00:00
30,160,11,"2015,2016,2017,2018,2019,2020,2021,2022,2023,2024,2025",False,v10,04fdc65,2026-08-05T00:54:23+00:00
34,211,11,"2015,2016,2017,2018,2019,2020,2021,2022,2023,2024,2025",False,v10,04fdc65,2026-08-05T00:54:23+00:00
91,80,11,"2015,2016,2017,2018,2019,2020,2021,2022,2023,2024,2025",False,v10,04fdc65,2026-08-05T00:54:23+00:00
92,80,11,"2015,2016,2017,2018,2019,2020,2021,2022,2023,2024,2025",False,v10,04fdc65,2026-08-05T00:54:23+00:00
43,51,11,"2015,2016,2017,2018,2019,2020,2021,2022,2023,2024,2025",False,v10,04fdc65,2026-08-05T00:54:23+00:00
23,86,11,"2015,2016,2017,2018,2019,2020,2021,2022,2023,2024,2025",False,v10,04fdc65,2026-08-05T00:54:23+00:00
51,148,11,"2015,2016,2017,2018,2019,2020,2021,2022,2023,2024,2025",False,v10,04fdc65,2026-08-05T00:54:23+00:00
30,144,11,"2015,2016,2017,2018,2019,2020,2021,2022,2023,2024,2025",False,v10,04fdc65,2026-08-05T00:54:23+00:00
19,15,11,"2015,2016,2017,2018,2019,2020,2021,2022,2023,2024,2025",False,v10,04fdc65,2026-08-05T00:54:23+00:00
11,109,11,"2015,2016,2017,2018,2019,2020,2021,2022,2023,2024,2025",False,v10,04fdc65,2026-08-05T00:54:23+00:00
30,135,11,"2015,2016,2017,2018,2019,2020,2021,2022,2023,2024,2025",False,v10,04fdc65,2026-08-05T00:54:23+00:00
52,149,11,"2015,2016,2017,2018,2019,2020,2021,2022,2023,2024,2025",False,v10,04fdc65,2026-08-05T00:54:23+00:00
87,75,11,"2015,2016,2017,2018,2019,2020,2021,2022,2023,2024,2025",False,v10,04fdc65,2026-08-05T00:54:23+00:00
37,161,11,"2015,2016,2017,2018,2019,2020,2021,2022,2023,2024,2025",False,v10,04fdc65,2026-08-05T00:54:23+00:00
17,129,11,"2015,2016,2017,2018,2019,2020,2021,2022,2023,2024,2025",False,v10,04fdc65,2026-08-05T00:54:23+00:00
91,82,11,"2015,2016,2017,2018,2019,2020,2021,2022,2023,2024,2025",False,v10,04fdc65,2026-08-05T00:54:23+00:00
2,174,11,"2015,2016,2017,2018,2019,2020,2021,2022,2023,2024,2025",False,v10,04fdc65,2026-08-05T00:54:23+00:00
59,214,11,"2015,2016,2017,2018,2019,2020,2021,2022,2023,2024,2025",False,v10,04fdc65,2026-08-05T00:54:23+00:00
29,139,11,"2015,2016,2017,2018,2019,2020,2021,2022,2023,2024,2025",False,v10,04fdc65,2026-08-05T00:54:23+00:00
33,213,11,"2015,2016,2017,2018,2019,2020,2021,2022,2023,2024,2025",False,v10,04fdc65,2026-08-05T00:54:23+00:00
31,210,11,"2015,2016,2017,2018,2019,2020,2021,2022,2023,2024,2025",False,v10,04fdc65,2026-08-05T00:54:23+00:00
32,124,11,"2015,2016,2017,2018,2019,2020,2021,2022,2023,2024,2025",False,v10,04fdc65,2026-08-05T00:54:23+00:00
58,142,11,"2015,2016,2017,2018,2019,2020,2021,2022,2023,2024,2025",False,v10,04fdc65,2026-08-05T00:54:23+00:00
32,203,11,"2015,2016,2017,2018,2019,2020,2021,2022,2023,2024,2025",False,v10,04fdc65,2026-08-05T00:54:23+00:00
34,213,11,"2015,2016,2017,2018,2019,2020,2021,2022,2023,2024,2025",False,v10,04fdc65,2026-08-05T00:54:23+00:00
51,74,11,"2015,2016,2017,2018,2019,2020,2021,2022,2023,2024,2025",False,v10,04fdc65,2026-08-05T00:54:23+00:00
59,146,11,"2015,2016,2017,2018,2019,2020,2021,2022,2023,2024,2025",False,v10,04fdc65,2026-08-05T00:54:23+00:00
60,220,11,"2015,2016,2017,2018,2019,2020,2021,2022,2023,2024,2025",False,v10,04fdc65,2026-08-05T00:54:23+00:00
34,153,11,"2015,2016,2017,2018,2019,2020,2021,2022,2023,2024,2025",False,v10,04fdc65,2026-08-05T00:54:23+00:00
15,135,11,"2015,2016,2017,2018,2019,2020,2021,2022,2023,2024,2025",False,v10,04fdc65,2026-08-05T00:54:23+00:00
53,71,11,"2015,2016,2017,2018,2019,2020,2021,2022,2023,2024,2025",False,v10,04fdc65,2026-08-05T00:54:23+00:00
52,148,11,"2015,2016,2017,2018,2019,2020,2021,2022,2023,2024,2025",False,v10,04fdc65,2026-08-05T00:54:23+00:00
27,167,11,"2015,2016,2017,2018,2019,2020,2021,2022,2023,2024,2025",False,v10,04fdc65,2026-08-05T00:54:23+00:00
31,176,11,"2015,2016,2017,2018,2019,2020,2021,2022,2023,2024,2025",False,v10,04fdc65,2026-08-05T00:54:23+00:00
37,110,11,"2015,2016,2017,2018,2019,2020,2021,2022,2023,2024,2025",False,v10,04fdc65,2026-08-05T00:54:23+00:00
22,139,11,"2015,2016,2017,2018,2019,2020,2021,2022,2023,2024,2025",False,v10,04fdc65,2026-08-05T00:54:23+00:00
36,174,11,"2015,2016,2017,2018,2019,2020,2021,2022,2023,2024,2025",False,v10,04fdc65,2026-08-05T00:54:23+00:00
14,116,11,"2015,2016,2017,2018,2019,2020,2021,2022,2023,2024,2025",False,v10,04fdc65,2026-08-05T00:54:23+00:00
25,124,11,"2015,2016,2017,2018,2019,2020,2021,2022,2023,2024,2025",False,v10,04fdc65,2026-08-05T00:54:23+00:00
24,133,11,"2015,2016,2017,2018,2019,2020,2021,2022,2023,2024,2025",False,v10,04fdc65,2026-08-05T00:54:23+00:00
9,132,11,"2015,2016,2017,2018,2019,2020,2021,2022,2023,2024,2025",False,v10,04fdc65,2026-08-05T00:54:23+00:00
27,128,11,"2015,2016,2017,2018,2019,2020,2021,2022,2023,2024,2025",False,v10,04fdc65,2026-08-05T00:54:23+00:00
19,216,11,"2015,2016,2017,2018,2019,2020,2021,2022,2023,2024,2025",False,v10,04fdc65,2026-08-05T00:54:23+00:00
36,196,11,"2015,2016,2017,2018,2019,2020,2021,2022,2023,2024,2025",False,v10,04fdc65,2026-08-05T00:54:23+00:00
6,176,11,"2015,2016,2017,2018,2019,2020,2021,2022,2023,2024,2025",False,v10,04fdc65,2026-08-05T00:54:23+00:00
22,2,11,"2015,2016,2017,2018,2019,2020,2021,2022,2023,2024,2025",False,v10,04fdc65,2026-08-05T00:54:23+00:00
38,195,11,"2015,2016,2017,2018,2019,2020,2021,2022,2023,2024,2025",False,v10,04fdc65,2026-08-05T00:54:23+00:00
46,59,11,"2015,2016,2017,2018,2019,2020,2021,2022,2023,2024,2025",False,v10,04fdc65,2026-08-05T00:54:23+00:00
25,38,11,"2015,2016,2017,2018,2019,2020,2021,2022,2023,2024,2025",False,v10,04fdc65,2026-08-05T00:54:23+00:00
21,119,11,"2015,2016,2017,2018,2019,2020,2021,2022,2023,2024,2025",False,v10,04fdc65,2026-08-05T00:54:23+00:00
79,68,11,"2015,2016,2017,2018,2019,2020,2021,2022,2023,2024,2025",False,v10,04fdc65,2026-08-05T00:54:23+00:00
9,28,11,"2015,2016,2017,2018,2019,2020,2021,2022,2023,2024,2025",False,v10,04fdc65,2026-08-05T00:54:23+00:00
49,71,11,"2015,2016,2017,2018,2019,2020,2021,2022,2023,2024,2025",False,v10,04fdc65,2026-08-05T00:54:23+00:00
31,204,11,"2015,2016,2017,2018,2019,2020,2021,2022,2023,2024,2025",False,v10,04fdc65,2026-08-05T00:54:23+00:00
30,39,11,"2015,2016,2017,2018,2019,2020,2021,2022,2023,2024,2025",False,v10,04fdc65,2026-08-05T00:54:23+00:00
27,124,11,"2015,2016,2017,2018,2019,2020,2021,2022,2023,2024,2025",False,v10,04fdc65,2026-08-05T00:54:23+00:00
23,140,11,"2015,2016,2017,2018,2019,2020,2021,2022,2023,2024,2025",False,v10,04fdc65,2026-08-05T00:54:23+00:00
30,132,11,"2015,2016,2017,2018,2019,2020,2021,2022,2023,2024,2025",False,v10,04fdc65,2026-08-05T00:54:23+00:00
33,50,11,"2015,2016,2017,2018,2019,2020,2021,2022,2023,2024,2025",False,v10,04fdc65,2026-08-05T00:54:23+00:00
22,1,11,"2015,2016,2017,2018,2019,2020,2021,2022,2023,2024,2025",False,v10,04fdc65,2026-08-05T00:54:23+00:00
32,145,11,"2015,2016,2017,2018,2019,2020,2021,2022,2023,2024,2025",False,v10,04fdc65,2026-08-05T00:54:23+00:00
41,204,11,"2015,2016,2017,2018,2019,2020,2021,2022,2023,2024,2025",False,v10,04fdc65,2026-08-05T00:54:23+00:00
29,121,11,"2015,2016,2017,2018,2019,2020,2021,2022,2023,2024,2025",False,v10,04fdc65,2026-08-05T00:54:23+00:00
30,175,11,"2015,2016,2017,2018,2019,2020,2021,2022,2023,2024,2025",False,v10,04fdc65,2026-08-05T00:54:23+00:00
31,68,11,"2015,2016,2017,2018,2019,2020,2021,2022,2023,2024,2025",False,v10,04fdc65,2026-08-05T00:54:23+00:00
30,174,11,"2015,2016,2017,2018,2019,2020,2021,2022,2023,2024,2025",False,v10,04fdc65,2026-08-05T00:54:23+00:00
61,219,11,"2015,2016,2017,2018,2019,2020,2021,2022,2023,2024,2025",False,v10,04fdc65,2026-08-05T00:54:23+00:00
33,45,11,"2015,2016,2017,2018,2019,2020,2021,2022,2023,2024,2025",False,v10,04fdc65,2026-08-05T00:54:23+00:00
82,221,11,"2015,2016,2017,2018,2019,2020,2021,2022,2023,2024,2025",False,v10,04fdc65,2026-08-05T00:54:23+00:00
77,76,11,"2015,2016,2017,2018,2019,2020,2021,2022,2023,2024,2025",False,v10,04fdc65,2026-08-05T00:54:23+00:00
29,71,11,"2015,2016,2017,2018,2019,2020,2021,2022,2023,2024,2025",False,v10,04fdc65,2026-08-05T00:54:23+00:00
95,75,11,"2015,2016,2017,2018,2019,2020,2021,2022,2023,2024,2025",False,v10,04fdc65,2026-08-05T00:54:23+00:00
24,220,11,"2015,2016,2017,2018,2019,2020,2021,2022,2023,2024,2025",False,v10,04fdc65,2026-08-05T00:54:23+00:00
37,163,11,"2015,2016,2017,2018,2019,2020,2021,2022,2023,2024,2025",False,v10,04fdc65,2026-08-05T00:54:23+00:00
14,108,11,"2015,2016,2017,2018,2019,2020,2021,2022,2023,2024,2025",False,v10,04fdc65,2026-08-05T00:54:23+00:00
19,118,11,"2015,2016,2017,2018,2019,2020,2021,2022,2023,2024,2025",False,v10,04fdc65,2026-08-05T00:54:23+00:00
10,67,11,"2015,2016,2017,2018,2019,2020,2021,2022,2023,2024,2025",False,v10,04fdc65,2026-08-05T00:54:23+00:00
84,240,11,"2015,2016,2017,2018,2019,2020,2021,2022,2023,2024,2025",False,v10,04fdc65,2026-08-05T00:54:23+00:00
61,220,11,"2015,2016,2017,2018,2019,2020,2021,2022,2023,2024,2025",False,v10,04fdc65,2026-08-05T00:54:23+00:00
32,202,11,"2015,2016,2017,2018,2019,2020,2021,2022,2023,2024,2025",False,v10,04fdc65,2026-08-05T00:54:23+00:00
55,69,11,"2015,2016,2017,2018,2019,2020,2021,2022,2023,2024,2025",False,v10,04fdc65,2026-08-05T00:54:23+00:00
39,186,11,"2015,2016,2017,2018,2019,2020,2021,2022,2023,2024,2025",False,v10,04fdc65,2026-08-05T00:54:23+00:00
23,127,11,"2015,2016,2017,2018,2019,2020,2021,2022,2023,2024,2025",False,v10,04fdc65,2026-08-05T00:54:23+00:00
26,148,11,"2015,2016,2017,2018,2019,2020,2021,2022,2023,2024,2025",False,v10,04fdc65,2026-08-05T00:54:23+00:00
35,160,11,"2015,2016,2017,2018,2019,2020,2021,2022,2023,2024,2025",False,v10,04fdc65,2026-08-05T00:54:23+00:00
47,60,11,"2015,2016,2017,2018,2019,2020,2021,2022,2023,2024,2025",False,v10,04fdc65,2026-08-05T00:54:23+00:00
40,54,11,"2015,2016,2017,2018,2019,2020,2021,2022,2023,2024,2025",False,v10,04fdc65,2026-08-05T00:54:23+00:00
17,116,11,"2015,2016,2017,2018,2019,2020,2021,2022,2023,2024,2025",False,v10,04fdc65,2026-08-05T00:54:23+00:00
33,41,11,"2015,2016,2017,2018,2019,2020,2021,2022,2023,2024,2025",False,v10,04fdc65,2026-08-05T00:54:23+00:00
25,133,11,"2015,2016,2017,2018,2019,2020,2021,2022,2023,2024,2025",False,v10,04fdc65,2026-08-05T00:54:23+00:00
28,53,11,"2015,2016,2017,2018,2019,2020,2021,2022,2023,2024,2025",False,v10,04fdc65,2026-08-05T00:54:23+00:00
26,151,11,"2015,2016,2017,2018,2019,2020,2021,2022,2023,2024,2025",False,v10,04fdc65,2026-08-05T00:54:23+00:00
17,117,11,"2015,2016,2017,2018,2019,2020,2021,2022,2023,2024,2025",False,v10,04fdc65,2026-08-05T00:54:23+00:00
57,142,11,"2015,2016,2017,2018,2019,2020,2021,2022,2023,2024,2025",False,v10,04fdc65,2026-08-05T00:54:23+00:00
33,163,11,"2015,2016,2017,2018,2019,2020,2021,2022,2023,2024,2025",False,v10,04fdc65,2026-08-05T00:54:23+00:00
69,21,11,"2015,2016,2017,2018,2019,2020,2021,2022,2023,2024,2025",False,v10,04fdc65,2026-08-05T00:54:23+00:00
20,235,11,"2015,2016,2017,2018,2019,2020,2021,2022,2023,2024,2025",False,v10,04fdc65,2026-08-05T00:54:23+00:00
54,128,11,"2015,2016,2017,2018,2019,2020,2021,2022,2023,2024,2025",False,v10,04fdc65,2026-08-05T00:54:23+00:00
32,146,11,"2015,2016,2017,2018,2019,2020,2021,2022,2023,2024,2025",False,v10,04fdc65,2026-08-05T00:54:23+00:00
51,72,11,"2015,2016,2017,2018,2019,2020,2021,2022,2023,2024,2025",False,v10,04fdc65,2026-08-05T00:54:23+00:00
53,72,11,"2015,2016,2017,2018,2019,2020,2021,2022,2023,2024,2025",False,v10,04fdc65,2026-08-05T00:54:23+00:00
68,78,11,"2015,2016,2017,2018,2019,2020,2021,2022,2023,2024,2025",False,v10,04fdc65,2026-08-05T00:54:23+00:00
63,222,11,"2015,2016,2017,2018,2019,2020,2021,2022,2023,2024,2025",False,v10,04fdc65,2026-08-05T00:54:23+00:00
80,73,11,"2015,2016,2017,2018,2019,2020,2021,2022,2023,2024,2025",False,v10,04fdc65,2026-08-05T00:54:23+00:00
38,179,11,"2015,2016,2017,2018,2019,2020,2021,2022,2023,2024,2025",False,v10,04fdc65,2026-08-05T00:54:23+00:00
60,216,11,"2015,2016,2017,2018,2019,2020,2021,2022,2023,2024,2025",False,v10,04fdc65,2026-08-05T00:54:23+00:00
20,244,11,"2015,2016,2017,2018,2019,2020,2021,2022,2023,2024,2025",False,v10,04fdc65,2026-08-05T00:54:23+00:00
11,67,11,"2015,2016,2017,2018,2019,2020,2021,2022,2023,2024,2025",False,v10,04fdc65,2026-08-05T00:54:23+00:00
21,115,11,"2015,2016,2017,2018,2019,2020,2021,2022,2023,2024,2025",False,v10,04fdc65,2026-08-05T00:54:23+00:00
43,54,11,"2015,2016,2017,2018,2019,2020,2021,2022,2023,2024,2025",False,v10,04fdc65,2026-08-05T00:54:23+00:00
30,158,11,"2015,2016,2017,2018,2019,2020,2021,2022,2023,2024,2025",False,v10,04fdc65,2026-08-05T00:54:23+00:00
7,223,11,"2015,2016,2017,2018,2019,2020,2021,2022,2023,2024,2025",False,v10,04fdc65,2026-08-05T00:54:23+00:00
36,158,11,"2015,2016,2017,2018,2019,2020,2021,2022,2023,2024,2025",False,v10,04fdc65,2026-08-05T00:54:23+00:00
27,78,11,"2015,2016,2017,2018,2019,2020,2021,2022,2023,2024,2025",False,v10,04fdc65,2026-08-05T00:54:23+00:00
19,236,11,"2015,2016,2017,2018,2019,2020,2021,2022,2023,2024,2025",False,v10,04fdc65,2026-08-05T00:54:23+00:00
94,98,11,"2015,2016,2017,2018,2019,2020,2021,2022,2023,2024,2025",False,v10,04fdc65,2026-08-05T00:54:23+00:00
35,200,11,"2015,2016,2017,2018,2019,2020,2021,2022,2023,2024,2025",False,v10,04fdc65,2026-08-05T00:54:23+00:00
40,189,11,"2015,2016,2017,2018,2019,2020,2021,2022,2023,2024,2025",False,v10,04fdc65,2026-08-05T00:54:23+00:00
21,117,11,"2015,2016,2017,2018,2019,2020,2021,2022,2023,2024,2025",False,v10,04fdc65,2026-08-05T00:54:23+00:00
82,242,11,"2015,2016,2017,2018,2019,2020,2021,2022,2023,2024,2025",False,v10,04fdc65,2026-08-05T00:54:23+00:00
58,69,11,"2015,2016,2017,2018,2019,2020,2021,2022,2023,2024,2025",False,v10,04fdc65,2026-08-05T00:54:23+00:00
18,81,11,"2015,2016,2017,2018,2019,2020,2021,2022,2023,2024,2025",False,v10,04fdc65,2026-08-05T00:54:23+00:00
33,65,11,"2015,2016,2017,2018,2019,2020,2021,2022,2023,2024,2025",False,v10,04fdc65,2026-08-05T00:54:23+00:00
60,68,11,"2015,2016,2017,2018,2019,2020,2021,2022,2023,2024,2025",False,v10,04fdc65,2026-08-05T00:54:23+00:00
8,28,11,"2015,2016,2017,2018,2019,2020,2021,2022,2023,2024,2025",False,v10,04fdc65,2026-08-05T00:54:23+00:00
9,244,11,"2015,2016,2017,2018,2019,2020,2021,2022,2023,2024,2025",False,v10,04fdc65,2026-08-05T00:54:23+00:00
77,73,11,"2015,2016,2017,2018,2019,2020,2021,2022,2023,2024,2025",False,v10,04fdc65,2026-08-05T00:54:23+00:00
73,78,11,"2015,2016,2017,2018,2019,2020,2021,2022,2023,2024,2025",False,v10,04fdc65,2026-08-05T00:54:23+00:00
35,166,11,"2015,2016,2017,2018,2019,2020,2021,2022,2023,2024,2025",False,v10,04fdc65,2026-08-05T00:54:23+00:00
86,75,11,"2015,2016,2017,2018,2019,2020,2021,2022,2023,2024,2025",False,v10,04fdc65,2026-08-05T00:54:23+00:00
36,168,11,"2015,2016,2017,2018,2019,2020,2021,2022,2023,2024,2025",False,v10,04fdc65,2026-08-05T00:54:23+00:00
9,122,11,"2015,2016,2017,2018,2019,2020,2021,2022,2023,2024,2025",False,v10,04fdc65,2026-08-05T00:54:23+00:00
36,202,11,"2015,2016,2017,2018,2019,2020,2021,2022,2023,2024,2025",False,v10,04fdc65,2026-08-05T00:54:23+00:00
82,75,11,"2015,2016,2017,2018,2019,2020,2021,2022,2023,2024,2025",False,v10,04fdc65,2026-08-05T00:54:23+00:00
58,190,11,"2015,2016,2017,2018,2019,2020,2021,2022,2023,2024,2025",False,v10,04fdc65,2026-08-05T00:54:23+00:00
31,203,11,"2015,2016,2017,2018,2019,2020,2021,2022,2023,2024,2025",False,v10,04fdc65,2026-08-05T00:54:23+00:00
12,113,11,"2015,2016,2017,2018,2019,2020,2021,2022,2023,2024,2025",False,v10,04fdc65,2026-08-05T00:54:23+00:00
33,157,11,"2015,2016,2017,2018,2019,2020,2021,2022,2023,2024,2025",False,v10,04fdc65,2026-08-05T00:54:23+00:00
20,118,11,"2015,2016,2017,2018,2019,2020,2021,2022,2023,2024,2025",False,v10,04fdc65,2026-08-05T00:54:23+00:00
21,116,11,"2015,2016,2017,2018,2019,2020,2021,2022,2023,2024,2025",False,v10,04fdc65,2026-08-05T00:54:23+00:00
18,63,11,"2015,2016,2017,2018,2019,2020,2021,2022,2023,2024,2025",False,v10,04fdc65,2026-08-05T00:54:23+00:00
31,104,11,"2015,2016,2017,2018,2019,2020,2021,2022,2023,2024,2025",False,v10,04fdc65,2026-08-05T00:54:23+00:00
62,198,11,"2015,2016,2017,2018,2019,2020,2021,2022,2023,2024,2025",False,v10,04fdc65,2026-08-05T00:54:23+00:00
31,66,11,"2015,2016,2017,2018,2019,2020,2021,2022,2023,2024,2025",False,v10,04fdc65,2026-08-05T00:54:23+00:00
