row,col,percent_valid_snow_pixels,s1_rtc_ds_dims,runoff_onsets_dims,tr_2015,tr_2016,tr_2017,tr_2018,tr_2019,tr_2020,tr_2021,tr_2022,tr_2023,tr_2024,pix_ct_2015,pix_ct_2016,pix_ct_2017,pix_ct_2018,pix_ct_2019,pix_ct_2020,pix_ct_2021,pix_ct_2022,pix_ct_2023,pix_ct_2024,start_time,total_time,success,error_messages
16,37,100.0,"{'latitude': 2048, 'longitude': 2048, 'time': 1021}","{'water_year': 10, 'latitude': 2048, 'longitude': 2048}",23.7,26.31,5.655,4.112,6.109,4.291,3.041,12.043,11.905,13.756,2997386,40066,3973901,3981634,3983085,3979053,3973797,3974390,3980586,2457498,1752749200.6813648,1156.8041281700134,True,[]
