row,col,percent_valid_snow_pixels,s1_rtc_ds_dims,runoff_onsets_dims,tr_2015,tr_2016,tr_2017,tr_2018,tr_2019,tr_2020,tr_2021,tr_2022,tr_2023,tr_2024,pix_ct_2015,pix_ct_2016,pix_ct_2017,pix_ct_2018,pix_ct_2019,pix_ct_2020,pix_ct_2021,pix_ct_2022,pix_ct_2023,pix_ct_2024,start_time,total_time,success,error_messages
15,208,100.0,"{'latitude': 2048, 'longitude': 2048, 'time': 343}","{'water_year': 10, 'latitude': 2048, 'longitude': 2048}",25.31,25.98,13.0,13.0,11.945,15.812,12.3,27.45,18.071,23.725,2061754,2645883,4192754,4193326,4192986,4167972,4192240,60,381040,32774,1752750111.2145672,347.06046772003174,True,[]
