row,col,percent_valid_snow_pixels,s1_rtc_ds_dims,runoff_onsets_dims,tr_2015,tr_2016,tr_2017,tr_2018,tr_2019,tr_2020,tr_2021,tr_2022,tr_2023,tr_2024,pix_ct_2015,pix_ct_2016,pix_ct_2017,pix_ct_2018,pix_ct_2019,pix_ct_2020,pix_ct_2021,pix_ct_2022,pix_ct_2023,pix_ct_2024,start_time,total_time,success,error_messages
18,206,100.0,"{'latitude': 2048, 'longitude': 2048, 'time': 743}","{'water_year': 10, 'latitude': 2048, 'longitude': 2048}",,12.4,6.471,6.459,12.229,6.029,6.321,13.608,11.97,13.75,0,5205,4153930,4160565,3980604,4184369,4183315,689801,811877,812367,1752746321.6696522,747.7447738647461,True,[]
18,206,100.0,"{'latitude': 2048, 'longitude': 2048, 'time': 743}","{'water_year': 10, 'latitude': 2048, 'longitude': 2048}",,12.4,6.471,6.459,12.229,6.029,6.321,13.608,11.97,13.75,0,5205,4153930,4160565,3980604,4184369,4183315,689801,811877,812367,1752749193.859699,717.0608832836151,True,[]
