row,col,percent_valid_snow_pixels,s1_rtc_ds_dims,runoff_onsets_dims,tr_2015,tr_2016,tr_2017,tr_2018,tr_2019,tr_2020,tr_2021,tr_2022,tr_2023,tr_2024,pix_ct_2015,pix_ct_2016,pix_ct_2017,pix_ct_2018,pix_ct_2019,pix_ct_2020,pix_ct_2021,pix_ct_2022,pix_ct_2023,pix_ct_2024,start_time,total_time,success,error_messages
11,31,100.0,"{'latitude': 2048, 'longitude': 2048, 'time': 467}","{'water_year': 10, 'latitude': 2048, 'longitude': 2048}",,,16.09,16.619,14.943,11.646,11.632,11.677,11.745,21.183,0,0,7107,1441435,18429,4185497,4187069,4187261,4187701,4080153,1752749199.6938014,1140.8669619560242,True,[]
