row,col,percent_valid_snow_pixels,s1_rtc_ds_dims,runoff_onsets_dims,tr_2015,tr_2016,tr_2017,tr_2018,tr_2019,tr_2020,tr_2021,tr_2022,tr_2023,tr_2024,pix_ct_2015,pix_ct_2016,pix_ct_2017,pix_ct_2018,pix_ct_2019,pix_ct_2020,pix_ct_2021,pix_ct_2022,pix_ct_2023,pix_ct_2024,start_time,total_time,success,error_messages
18,209,100.0,"{'latitude': 2048, 'longitude': 2048, 'time': 576}","{'water_year': 10, 'latitude': 2048, 'longitude': 2048}",29.625,27.625,5.944,12.212,5.989,6.156,12.375,14.007,12.072,14.857,1313633,520141,4140634,3885080,4139093,4142090,4063150,5264,5125,5023,1752745655.323157,577.2890479564667,True,[]
18,209,100.0,"{'latitude': 2048, 'longitude': 2048, 'time': 576}","{'water_year': 10, 'latitude': 2048, 'longitude': 2048}",29.625,27.625,5.944,12.212,5.989,6.156,12.375,14.007,12.072,14.857,1313633,520141,4140634,3885080,4139093,4142090,4063150,5264,5125,5023,1752749193.711671,575.8637013435364,True,[]
