row,col,percent_valid_snow_pixels,s1_rtc_ds_dims,runoff_onsets_dims,tr_2015,tr_2016,tr_2017,tr_2018,tr_2019,tr_2020,tr_2021,tr_2022,tr_2023,tr_2024,pix_ct_2015,pix_ct_2016,pix_ct_2017,pix_ct_2018,pix_ct_2019,pix_ct_2020,pix_ct_2021,pix_ct_2022,pix_ct_2023,pix_ct_2024,start_time,total_time,success,error_messages
16,39,100.0,"{'latitude': 2048, 'longitude': 2048, 'time': 973}","{'water_year': 10, 'latitude': 2048, 'longitude': 2048}",26.625,,3.975,5.916,4.925,4.271,3.057,13.333,11.833,15.31,1237034,0,4163795,4164950,4165328,4165155,4162895,4160976,4164122,4008705,1752749193.8176277,1099.6012082099915,True,[]
