row,col,percent_valid_snow_pixels,s1_rtc_ds_dims,runoff_onsets_dims,tr_2015,tr_2016,tr_2017,tr_2018,tr_2019,tr_2020,tr_2021,tr_2022,tr_2023,tr_2024,pix_ct_2015,pix_ct_2016,pix_ct_2017,pix_ct_2018,pix_ct_2019,pix_ct_2020,pix_ct_2021,pix_ct_2022,pix_ct_2023,pix_ct_2024,start_time,total_time,success,error_messages
16,46,100.0,"{'latitude': 2048, 'longitude': 2048, 'time': 935}","{'water_year': 10, 'latitude': 2048, 'longitude': 2048}",,27.575,8.833,11.091,6.819,4.558,4.207,11.956,11.919,18.9,0,3861,4111298,4157990,4155023,4158892,4158709,3542625,4157759,4049823,1752749822.7943072,940.3597798347473,True,[]
