row,col,percent_valid_snow_pixels,s1_rtc_ds_dims,runoff_onsets_dims,tr_2015,tr_2016,tr_2017,tr_2018,tr_2019,tr_2020,tr_2021,tr_2022,tr_2023,tr_2024,pix_ct_2015,pix_ct_2016,pix_ct_2017,pix_ct_2018,pix_ct_2019,pix_ct_2020,pix_ct_2021,pix_ct_2022,pix_ct_2023,pix_ct_2024,start_time,total_time,success,error_messages
16,49,100.0,"{'latitude': 2048, 'longitude': 2048, 'time': 307}","{'water_year': 10, 'latitude': 2048, 'longitude': 2048}",22.675,26.35,13.183,11.965,16.3,12.044,12.761,24.65,11.361,13.312,542,8526,1443130,123524,1442825,1429157,3794400,273,1619055,1620313,1752749621.9676342,337.7097415924072,True,[]
