row,col,percent_valid_snow_pixels,s1_rtc_ds_dims,runoff_onsets_dims,tr_2015,tr_2016,tr_2017,tr_2018,tr_2019,tr_2020,tr_2021,tr_2022,tr_2023,tr_2024,pix_ct_2015,pix_ct_2016,pix_ct_2017,pix_ct_2018,pix_ct_2019,pix_ct_2020,pix_ct_2021,pix_ct_2022,pix_ct_2023,pix_ct_2024,start_time,total_time,success,error_messages
18,212,100.0,"{'latitude': 2048, 'longitude': 2048, 'time': 452}","{'water_year': 8, 'latitude': 2048, 'longitude': 2048}",27.625,26.762,6.156,6.158,6.033,6.041,6.376,24.55,,,1675767,3351632,4190691,4190554,4191174,4192819,4189639,262,,,1752745650.1297255,559.453601360321,True,[]
18,212,100.0,"{'latitude': 2048, 'longitude': 2048, 'time': 452}","{'water_year': 8, 'latitude': 2048, 'longitude': 2048}",27.625,26.762,6.156,6.158,6.033,6.041,6.376,24.55,,,1675767,3351632,4190691,4190554,4191174,4192819,4189639,262,,,1752749189.7147682,536.0580742359161,True,[]
