row,col,percent_valid_snow_pixels,s1_rtc_ds_dims,runoff_onsets_dims,tr_2015,tr_2016,tr_2017,tr_2018,tr_2019,tr_2020,tr_2021,tr_2022,tr_2023,tr_2024,pix_ct_2015,pix_ct_2016,pix_ct_2017,pix_ct_2018,pix_ct_2019,pix_ct_2020,pix_ct_2021,pix_ct_2022,pix_ct_2023,pix_ct_2024,start_time,total_time,success,error_messages
16,48,100.0,"{'latitude': 2048, 'longitude': 2048, 'time': 428}","{'water_year': 10, 'latitude': 2048, 'longitude': 2048}",21.2,26.7,16.6,12.494,13.821,17.75,12.787,22.875,11.389,13.312,1009,1211,900191,198261,161548,990037,3635119,529,3024280,3024855,1752749198.8266435,382.85576581954956,True,[]
