row,col,percent_valid_snow_pixels,s1_rtc_ds_dims,runoff_onsets_dims,tr_2015,tr_2016,tr_2017,tr_2018,tr_2019,tr_2020,tr_2021,tr_2022,tr_2023,tr_2024,pix_ct_2015,pix_ct_2016,pix_ct_2017,pix_ct_2018,pix_ct_2019,pix_ct_2020,pix_ct_2021,pix_ct_2022,pix_ct_2023,pix_ct_2024,start_time,total_time,success,error_messages
14,34,100.0,"{'latitude': 2048, 'longitude': 2048, 'time': 761}","{'water_year': 10, 'latitude': 2048, 'longitude': 2048}",23.7,26.8,16.219,11.345,11.74,5.938,5.924,11.818,11.8,26.425,1825387,108832,2336048,4180020,4181329,4177239,4177203,4177924,4177730,3974547,1752746482.35801,1535.5337080955505,True,[]
