row,col,percent_valid_snow_pixels,s1_rtc_ds_dims,runoff_onsets_dims,tr_2015,tr_2016,tr_2017,tr_2018,tr_2019,tr_2020,tr_2021,tr_2022,tr_2023,tr_2024,pix_ct_2015,pix_ct_2016,pix_ct_2017,pix_ct_2018,pix_ct_2019,pix_ct_2020,pix_ct_2021,pix_ct_2022,pix_ct_2023,pix_ct_2024,start_time,total_time,success,error_messages
18,42,100.0,"{'latitude': 2048, 'longitude': 2048, 'time': 940}","{'water_year': 10, 'latitude': 2048, 'longitude': 2048}",12.812,24.625,5.305,7.9,3.346,2.951,2.507,12.929,11.944,12.038,1031344,1298487,4169604,4174729,4170711,4174908,4161173,4029746,4033331,3983213,1752750390.6006095,2034.5683970451355,True,[]
