row,col,percent_valid_snow_pixels,s1_rtc_ds_dims,runoff_onsets_dims,tr_2015,tr_2016,tr_2017,tr_2018,tr_2019,tr_2020,tr_2021,tr_2022,tr_2023,tr_2024,pix_ct_2015,pix_ct_2016,pix_ct_2017,pix_ct_2018,pix_ct_2019,pix_ct_2020,pix_ct_2021,pix_ct_2022,pix_ct_2023,pix_ct_2024,start_time,total_time,success,error_messages
16,148,100.0,"{'latitude': 2048, 'longitude': 2048, 'time': 666}","{'water_year': 10, 'latitude': 2048, 'longitude': 2048}",10.962,13.908,9.289,12.312,11.925,14.14,12.236,11.85,13.083,14.417,1534114,2564164,4148820,4055554,4049619,3661272,4060318,176303,1615187,1618448,1752750085.195359,478.381618976593,True,[]
