row,col,percent_valid_snow_pixels,s1_rtc_ds_dims,runoff_onsets_dims,tr_2015,tr_2016,tr_2017,tr_2018,tr_2019,tr_2020,tr_2021,tr_2022,tr_2023,tr_2024,pix_ct_2015,pix_ct_2016,pix_ct_2017,pix_ct_2018,pix_ct_2019,pix_ct_2020,pix_ct_2021,pix_ct_2022,pix_ct_2023,pix_ct_2024,start_time,total_time,success,error_messages
14,35,100.0,"{'latitude': 2048, 'longitude': 2048, 'time': 618}","{'water_year': 10, 'latitude': 2048, 'longitude': 2048}",,,15.4,6.5,12.033,12.05,6.217,12.055,11.833,13.233,0,0,852843,4183096,4184656,4181072,4181046,4181823,4181100,4182109,1752746427.2229154,706.9853212833405,True,[]
14,35,100.0,"{'latitude': 2048, 'longitude': 2048, 'time': 618}","{'water_year': 10, 'latitude': 2048, 'longitude': 2048}",,,15.4,6.5,12.033,12.05,6.217,12.055,11.833,13.233,0,0,852843,4183096,4184656,4181072,4181046,4181823,4181100,4182109,1752749194.1366231,695.4102766513824,True,[]
