row,col,percent_valid_snow_pixels,s1_rtc_ds_dims,runoff_onsets_dims,tr_2015,tr_2016,tr_2017,tr_2018,tr_2019,tr_2020,tr_2021,tr_2022,tr_2023,tr_2024,pix_ct_2015,pix_ct_2016,pix_ct_2017,pix_ct_2018,pix_ct_2019,pix_ct_2020,pix_ct_2021,pix_ct_2022,pix_ct_2023,pix_ct_2024,start_time,total_time,success,error_messages
16,75,100.0,"{'latitude': 2048, 'longitude': 2048, 'time': 748}","{'water_year': 10, 'latitude': 2048, 'longitude': 2048}",26.575,,7.0,6.528,6.024,6.261,6.033,11.99,6.769,15.525,17034,0,3803599,3810010,3763795,3784523,3757159,3138866,2823125,50603,1752750009.7324843,761.2793917655945,True,[]
