row,col,percent_valid_snow_pixels,s1_rtc_ds_dims,runoff_onsets_dims,tr_2015,tr_2016,tr_2017,tr_2018,tr_2019,tr_2020,tr_2021,tr_2022,tr_2023,tr_2024,pix_ct_2015,pix_ct_2016,pix_ct_2017,pix_ct_2018,pix_ct_2019,pix_ct_2020,pix_ct_2021,pix_ct_2022,pix_ct_2023,pix_ct_2024,start_time,total_time,success,error_messages
15,206,100.0,"{'latitude': 2048, 'longitude': 2048, 'time': 475}","{'water_year': 10, 'latitude': 2048, 'longitude': 2048}",25.24,25.07,13.222,11.85,11.991,11.985,17.386,,19.157,23.667,3113345,3740499,4194168,4194242,4194048,4194215,4187296,0,6683,549,1752749586.1837065,435.6809334754944,True,[]
