row,col,percent_valid_snow_pixels,s1_rtc_ds_dims,runoff_onsets_dims,tr_2015,tr_2016,tr_2017,tr_2018,tr_2019,tr_2020,tr_2021,tr_2022,tr_2023,tr_2024,pix_ct_2015,pix_ct_2016,pix_ct_2017,pix_ct_2018,pix_ct_2019,pix_ct_2020,pix_ct_2021,pix_ct_2022,pix_ct_2023,pix_ct_2024,start_time,total_time,success,error_messages
16,151,100.0,"{'latitude': 2048, 'longitude': 2048, 'time': 831}","{'water_year': 10, 'latitude': 2048, 'longitude': 2048}",13.075,14.064,11.286,11.694,12.144,6.511,6.629,6.464,6.038,6.542,1470496,1760847,3878269,3904526,3859439,3641875,3890807,2207709,2191809,2205355,1752749882.3208373,681.2568008899689,True,[]
