row,col,percent_valid_snow_pixels,s1_rtc_ds_dims,runoff_onsets_dims,tr_2015,tr_2016,tr_2017,tr_2018,tr_2019,tr_2020,tr_2021,tr_2022,tr_2023,tr_2024,pix_ct_2015,pix_ct_2016,pix_ct_2017,pix_ct_2018,pix_ct_2019,pix_ct_2020,pix_ct_2021,pix_ct_2022,pix_ct_2023,pix_ct_2024,start_time,total_time,success,error_messages
18,211,100.0,"{'latitude': 2048, 'longitude': 2048, 'time': 510}","{'water_year': 8, 'latitude': 2048, 'longitude': 2048}",28.637,14.812,6.042,6.397,6.029,6.225,11.48,24.425,,,1742972,3243293,4191627,4190772,4192836,4194082,4192369,148,,,1752745652.8127286,735.3662731647491,True,[]
18,211,100.0,"{'latitude': 2048, 'longitude': 2048, 'time': 510}","{'water_year': 8, 'latitude': 2048, 'longitude': 2048}",28.637,14.812,6.042,6.397,6.029,6.225,11.48,24.425,,,1742972,3243293,4191627,4190772,4192836,4194082,4192369,148,,,1752749207.0657966,811.9813826084137,True,[]
