row,col,percent_valid_snow_pixels,s1_rtc_ds_dims,runoff_onsets_dims,tr_2015,tr_2016,tr_2017,tr_2018,tr_2019,tr_2020,tr_2021,tr_2022,tr_2023,tr_2024,pix_ct_2015,pix_ct_2016,pix_ct_2017,pix_ct_2018,pix_ct_2019,pix_ct_2020,pix_ct_2021,pix_ct_2022,pix_ct_2023,pix_ct_2024,start_time,total_time,success,error_messages
16,78,100.0,"{'latitude': 2048, 'longitude': 2048, 'time': 842}","{'water_year': 10, 'latitude': 2048, 'longitude': 2048}",27.175,,12.37,13.6,11.991,11.864,13.014,14.812,21.31,21.083,428,0,3953200,3940365,3946449,3926132,3931409,1990646,1835055,6424,1752750317.666008,724.9480249881744,True,[]
