row,col,percent_valid_snow_pixels,s1_rtc_ds_dims,runoff_onsets_dims,tr_2015,tr_2016,tr_2017,tr_2018,tr_2019,tr_2020,tr_2021,tr_2022,tr_2023,tr_2024,pix_ct_2015,pix_ct_2016,pix_ct_2017,pix_ct_2018,pix_ct_2019,pix_ct_2020,pix_ct_2021,pix_ct_2022,pix_ct_2023,pix_ct_2024,start_time,total_time,success,error_messages
16,150,100.0,"{'latitude': 2048, 'longitude': 2048, 'time': 930}","{'water_year': 10, 'latitude': 2048, 'longitude': 2048}",11.786,14.417,8.035,11.95,11.786,11.243,11.857,12.093,6.323,7.727,1314486,2067112,4144777,4152790,4140633,2669560,2818908,2543766,2540763,2542197,1752749726.468455,837.7883026599884,True,[]
