row,col,percent_valid_snow_pixels,s1_rtc_ds_dims,runoff_onsets_dims,tr_2015,tr_2016,tr_2017,tr_2018,tr_2019,tr_2020,tr_2021,tr_2022,tr_2023,tr_2024,pix_ct_2015,pix_ct_2016,pix_ct_2017,pix_ct_2018,pix_ct_2019,pix_ct_2020,pix_ct_2021,pix_ct_2022,pix_ct_2023,pix_ct_2024,start_time,total_time,success,error_messages
16,36,100.0,"{'latitude': 2048, 'longitude': 2048, 'time': 1004}","{'water_year': 10, 'latitude': 2048, 'longitude': 2048}",25.77,26.76,7.842,4.095,6.164,6.06,3.068,11.991,11.944,15.133,1229847,636819,4182259,4182340,4186146,4183370,4182072,4182783,4182982,3624790,1752750437.3659184,1134.8776483535767,True,[]
