row,col,percent_valid_snow_pixels,s1_rtc_ds_dims,runoff_onsets_dims,tr_2015,tr_2016,tr_2017,tr_2018,tr_2019,tr_2020,tr_2021,tr_2022,tr_2023,tr_2024,pix_ct_2015,pix_ct_2016,pix_ct_2017,pix_ct_2018,pix_ct_2019,pix_ct_2020,pix_ct_2021,pix_ct_2022,pix_ct_2023,pix_ct_2024,start_time,total_time,success,error_messages
16,149,100.0,"{'latitude': 2048, 'longitude': 2048, 'time': 732}","{'water_year': 10, 'latitude': 2048, 'longitude': 2048}",11.633,14.417,12.429,12.312,11.95,13.08,11.286,12.357,11.214,13.275,1362772,2292921,4182808,4187157,4180250,3579930,4184903,1856000,2258726,2261380,1752750389.1400504,603.7494523525238,True,[]
