row,col,percent_valid_snow_pixels,s1_rtc_ds_dims,runoff_onsets_dims,tr_2015,tr_2016,tr_2017,tr_2018,tr_2019,tr_2020,tr_2021,tr_2022,tr_2023,tr_2024,pix_ct_2015,pix_ct_2016,pix_ct_2017,pix_ct_2018,pix_ct_2019,pix_ct_2020,pix_ct_2021,pix_ct_2022,pix_ct_2023,pix_ct_2024,start_time,total_time,success,error_messages
18,210,100.0,"{'latitude': 2048, 'longitude': 2048, 'time': 573}","{'water_year': 8, 'latitude': 2048, 'longitude': 2048}",29.625,27.625,5.866,6.613,6.02,6.239,11.891,23.575,,,791451,1228773,4193187,4190465,4193152,4194298,3601726,34,,,1752745650.3198893,578.7906999588013,True,[]
18,210,100.0,"{'latitude': 2048, 'longitude': 2048, 'time': 573}","{'water_year': 8, 'latitude': 2048, 'longitude': 2048}",29.625,27.625,5.866,6.613,6.02,6.239,11.891,23.575,,,791451,1228773,4193187,4190465,4193152,4194298,3601726,34,,,1752749192.195501,574.7894563674927,True,[]
