row,col,percent_valid_snow_pixels,s1_rtc_ds_dims,runoff_onsets_dims,tr_2015,tr_2016,tr_2017,tr_2018,tr_2019,tr_2020,tr_2021,tr_2022,tr_2023,tr_2024,pix_ct_2015,pix_ct_2016,pix_ct_2017,pix_ct_2018,pix_ct_2019,pix_ct_2020,pix_ct_2021,pix_ct_2022,pix_ct_2023,pix_ct_2024,start_time,total_time,success,error_messages
15,207,100.0,"{'latitude': 2048, 'longitude': 2048, 'time': 476}","{'water_year': 10, 'latitude': 2048, 'longitude': 2048}",13.8,26.77,12.778,13.0,12.217,15.619,11.909,20.667,18.071,23.667,3293359,3699697,4194200,4194193,4194269,4187432,4193984,131,347020,676,1752749191.2024043,446.5656051635742,True,[]
