row,col,percent_valid_snow_pixels,s1_rtc_ds_dims,runoff_onsets_dims,tr_2015,tr_2016,tr_2017,tr_2018,tr_2019,tr_2020,tr_2021,tr_2022,tr_2023,tr_2024,pix_ct_2015,pix_ct_2016,pix_ct_2017,pix_ct_2018,pix_ct_2019,pix_ct_2020,pix_ct_2021,pix_ct_2022,pix_ct_2023,pix_ct_2024,start_time,total_time,success,error_messages
19,40,100.0,"{'latitude': 2048, 'longitude': 2048, 'time': 1066}","{'water_year': 10, 'latitude': 2048, 'longitude': 2048}",11.379,14.26,5.955,4.505,3.379,3.08,3.219,14.929,12.85,14.481,3465569,2760245,4008431,4024099,4028588,4031950,3998283,3136469,3585836,3522291,1752749193.2235339,1327.3740422725677,True,[]
