row,col,percent_valid_snow_pixels,s1_rtc_ds_dims,runoff_onsets_dims,tr_2015,tr_2016,tr_2017,tr_2018,tr_2019,tr_2020,tr_2021,tr_2022,tr_2023,tr_2024,pix_ct_2015,pix_ct_2016,pix_ct_2017,pix_ct_2018,pix_ct_2019,pix_ct_2020,pix_ct_2021,pix_ct_2022,pix_ct_2023,pix_ct_2024,start_time,total_time,success,error_messages
18,208,100.0,"{'latitude': 2048, 'longitude': 2048, 'time': 749}","{'water_year': 10, 'latitude': 2048, 'longitude': 2048}",28.837,22.9,6.032,13.617,6.09,6.271,6.709,13.593,11.943,14.081,630250,190978,3819716,2947302,3832141,3833710,3821606,347077,345348,346280,1752745658.3454525,674.3422474861145,True,[]
18,208,100.0,"{'latitude': 2048, 'longitude': 2048, 'time': 749}","{'water_year': 10, 'latitude': 2048, 'longitude': 2048}",28.837,22.9,6.032,13.617,6.09,6.271,6.709,13.593,11.943,14.081,630250,190978,3819716,2947302,3832141,3833710,3821606,347077,345348,346280,1752749192.4390922,659.3408088684082,True,[]
