row,col,percent_valid_snow_pixels,s1_rtc_ds_dims,runoff_onsets_dims,tr_2015,tr_2016,tr_2017,tr_2018,tr_2019,tr_2020,tr_2021,tr_2022,tr_2023,tr_2024,pix_ct_2015,pix_ct_2016,pix_ct_2017,pix_ct_2018,pix_ct_2019,pix_ct_2020,pix_ct_2021,pix_ct_2022,pix_ct_2023,pix_ct_2024,start_time,total_time,success,error_messages
16,159,100.0,"{'latitude': 2048, 'longitude': 2048, 'time': 317}","{'water_year': 8, 'latitude': 2048, 'longitude': 2048}",,,6.428,14.071,15.433,13.208,13.571,26.8,,,0,0,4016293,4014812,3466929,3025401,737951,7,,,1752742283.4348083,346.37668085098267,True,[]
16,159,100.0,"{'latitude': 2048, 'longitude': 2048, 'time': 317}","{'water_year': 8, 'latitude': 2048, 'longitude': 2048}",,,6.428,14.071,15.433,13.208,13.571,26.8,,,0,0,4016293,4014812,3466929,3025401,737951,7,,,1752745526.6254692,350.7825915813446,True,[]
16,159,100.0,"{'latitude': 2048, 'longitude': 2048, 'time': 318}","{'water_year': 8, 'latitude': 2048, 'longitude': 2048}",,,6.428,14.071,15.433,13.208,13.571,26.8,,,0,0,4016293,4014812,3466929,3025401,737951,7,,,1752788824.6437037,354.48440408706665,True,[]
